Id,Hora de inicio,Hora de finalización,Marca temporal,Correo electrónico,Dirección de correo electrónico,Nombre,Proyecto,Título del Sub-proyecto,Clave de Sub-proyecto,Nombre de quien verifica,Cargo de quien verifica,"Institución de quien verifica (FMCN, Fondo Regional)",Fecha de llenado de la ficha,Modo de verificación,1. ¿Se destinó presupuesto para la implementación de las medidas de mitigación incluidas en el Anexo 5 del Subproyecto?,1. Descripción de avance,1. Recomendaciones,"2. ¿Los posibles riesgos e impactos identificados, así como las medidas de mitigación propuestas en el Anexo 5 del Subproyecto han sido divulgadas y socializadas con las partes interesadas?",2. Descripción de avance,2. Recomendaciones,3. ¿Se implementaron las medidas de mitigación propuestas en el Anexo 5 y POA vigente del PGAS?,3. Descripción de avance,3. Recomendaciones,4. ¿La OLLC cuenta con las capacidades y conocimientos locales suficientes para la implementación de las medidas de mitigación incluidas en el Anexo 5 y POA del Subproyecto?,4. Descripción de avance,4. Recomendaciones,5. ¿Las medidas de mitigación propuestas en el Anexo 5 y POA se consideran suficientes para reducir los riesgos e impactos identificados y con ello dar cumplimiento a los requisitos del PAAS y los SAS?,5. Descripción de avance,5. Recomendaciones,"6. ¿Las actividades técnicas, administrativas y de campo de la OLLC se desarrollan conforme a los lineamientos estipulados en el Manual de Operaciones, incluyendo los Procedimientos de Gestión de Mano de Obra establecidos en el PAAS?",6. Descripción de avance,6. Recomendaciones,7. ¿Las y los trabajadores reciben igual remuneración por igual trabajo?,7. Descripción de avance,7. Recomendaciones,"8. ¿Trabajan en el Subproyecto de forma remunerada personas migrantes sin estatus legal en el país, menores de 16 años y/o personas que realizan el trabajo de forma forzada o no voluntaria?",8. Descripción de avance,8. Recomendaciones,"9. En caso que participen de forma no remunerada menores de 16 años en las actividades del subproyecto como parte de la transmisión de conocimiento entre generaciones, ¿Éstas actividades interrumpen su descanso y educación o son realizadas en horarios nocturnos?",9. Descripción de avance,9. Recomendaciones,10. ¿Se implementan medidas de seguridad y salud ocupacional para garantizar un ambiente de trabajo adecuado?,10. Descripción de avance,10. Recomendaciones,11. ¿Se fortalecen las capacidades y habilidades para la prevención de riesgos de trabajo de las personas involucradas en las actividades del subproyecto a través de la capacitación constante o periódica?,11. Descripción de avance,11. Recomendaciones,12. ¿El MAQyC del proyecto es conocido y accesible para las personas  beneficiarias?,12. Descripción de avance,12. Recomendaciones,"13. ¿Se implementan medidas para hacer un uso eficiente y sostenible de los recursos disponibles, incluyendo la energía, el agua y las materias primas?",13. Descripción de avance,13. Recomendaciones,14. ¿Se cuenta con un Plan para la adecuada Gestión de Residuos conforme a las directrices establecidas en la Guía para la Gestión de Residuos y Sustancias Peligrosas establecidas en el Apéndice D del MGAS?,14. Descripción de avance,14. Recomendaciones,15. ¿Se cuenta con un Plan para el adecuado Manejo de Plagas y Vectores conforme a las directrices establecidas en el Apéndice E del MGAS?,15 Descripción de avance,15. Recomendaciones,16. ¿Se cuenta con las capacidades y conocimientos locales suficientes para la implementación de las medidas de mitigación incluidas en el Anexo 5 y POA del PGAS con relación a la Gestión de Residuos y/o Manejo de Plagas y Vectores?,16. Descripción de avance,16. Recomendaciones,17. ¿Se aplican medidas y/o protocolos para evitar y minimizar la posible exposición de la comunidad a enfermedades que pudieran derivarse de las actividades del subproyecto?,17. Descripción de avance,17. Recomendaciones,"18. ¿Se implementan medidas y acciones para controlar el adecuado manejo de materiales peligrosos, su almacenamiento y transporte, así como la disposición de desechos y materiales peligrosos evitando la exposición de la comunidad?",18. Descripción de avance,18. Recomendaciones,19. ¿Se promueven prácticas de manejo del fuego que minimicen o neutralicen impactos negativos?,19. Descripción de avance,19. Recomendaciones,20. ¿Se promueven medidas efectivas para abordar las emergencias o contingencias y/o se cuenta con un Plan de Respuesta ante Emergencias (PRE)?,20. Descripción de avance,20. Recomendaciones,"21. En caso se haya registrado una emergencia o accidente en los últimos 6 meses, ¿fue reportada y abordada de forma oportuna y efectiva?",21. Descripción de avance,21. Recomendaciones,22.1 ¿Las actividades desarrolladas en el marco del Subproyecto afectan la tenencia de la tierra de pueblos indígenas o comunidades locales y/o promueve el financiamiento para la adquisición de sus tierras?,22.1. Descripción de avance,22.1. Recomendaciones,"22. ¿Las actividades implementadas en el marco del Subproyecto generan restricciones de acceso y/o uso de la tierra y/o de los recursos naturales (dentro o fuera de Áreas Naturales Protegidas), ya sea para todas las personas o para grupos específicos?",22. Descripción de avance,22. Recomendaciones,23. ¿Se cuenta con permiso de autorización por parte de la SEMARNAT y un plan de manejo vigentes para el aprovechamiento sostenible de las especies de flora y fauna terrestres y acuáticas consideradas?,23. Descripción de avance,23. Recomendaciones,"24. ¿Se implementan actividades de monitoreo de los recursos naturales (ejemplo, forestal, de biodiversidad, agua, suelo, carbono, entre otros)?",24. Descripción de avance,24. Recomendaciones,25. ¿Se implementan medidas o buenas prácticas para la conservación de la biodiversidad dentro de las actividades desarrolladas en el Subproyecto?,25. Descripción de avance,25. Recomendaciones,26. ¿El subproyecto se implementa en al menos un municipio indígena? o ¿El porcentaje de personas indígenas beneficiarias del subproyecto es mayor al 40%?,"28. ¿Existen mecanismos de participación, diálogo, consulta y toma de decisión culturalmente apropiados y efectivos para la población indígena?",28. Descripción de avance,28. Recomendaciones,29. ¿Participan del subproyecto personas indígenas de diferentes géneros y edades?,29. Descripción de avance,29. Recomendaciones,"30. ¿Se respetan las normas, usos y costumbres sobre el acceso, uso y disfrute de sus territorios, recursos y patrimonio cultural? ",30. Descripción de avance,30. Recomendaciones,31. ¿Se consideran y valoran los conocimientos y prácticas indígenas que se alinean con la gestión sustentable de los ecosistemas y recursos?,31. Descripción de avance,31. Recomendaciones,32. ¿El MAQyC es conocido y accesible para la población indígena relacionada con el subproyecto?,32. Descripción de avance,32. Recomendaciones,33. ¿Se identifica patrimonio cultural que pueda verse afectado por las actividades del Subproyecto?,34. ¿Los hallazgos fueron reportados y  gestionados adecuadamente conforme al Procedimiento a Seguir para Proteger el Patrimonio Cultural?,34. Descripción de avance,34. Recomendaciones,"35. ¿Los individuos o grupos involucrados en el subproyecto conocen su naturaleza, objetivos y avances en la implementación?",35. Descripción de avance,35. Recomendaciones,36. ¿Existen plataformas o mecanismos de divulgación y socialización del Subproyecto más allá de las personas beneficiarias directas?,36. Descripción de avance,36. Recomendaciones,37. ¿Se apoya la creación o fortalecimiento de espacios de participación y gobernanza locales? Indicar cuáles en descripción de avance,37. Descripción de avance,37. Recomendaciones,38. ¿Las partes interesadas participan de manera plena y efectiva en el diseño y/o implementación de las Comunidades de Aprendizaje conocen su naturaleza y alcances?,38. Descripción de avance,38. Recomendaciones,39. ¿Se cuenta con un indicador de género en el POA del subproyecto?,39. Descripción de avance,39. Recomendaciones,40. ¿Se observan avances hacia el cumplimiento de la meta de género?,40. Descripción de avance,40. Recomendaciones,41. ¿Cuál es el porcentaje de mujeres beneficiarias directas del subproyecto?,42. ¿Se implementan medidas y/o actividades para promover y facilitar la participación activa de mujeres y hombres?,42. Descripción de avance,42. Recomendaciones,"43. ¿Las responsabilidades, costos y beneficios del subproyecto se distribuyen de forma equitativa entre hombres y mujeres?",43. Descripción de avance,43. Recomendaciones,"44. ¿Se posee, difunde e implementan acuerdos de convivencia, códigos de conducta y/o protocolos de acción para prevenir la violencia de género en el marco de las actividades del subproyecto?",44. Descripción de avance,44. Recomendaciones,45. ¿Se ha realizado referencia a las personas beneficiarias a servicios locales de acompañamiento y denuncia ante casos de violencia de género?,45. Descripción de avance,45. Recomendaciones,46. ¿El MAQyC es conocido y accesible para las mujeres  relacionadas con el subproyecto?,46. Descripción de avance,46. Recomendaciones,47. ¿Se han implementado acciones  para la adaptación al Cambio Climático?,47. Descripción de avance,47. Recomendaciones,48. ¿Se han implementado acciones  para la mitigación del Cambio Climático?,48. Descripción de avance,48. Recomendaciones,49. ¿Se han implementado acciones para reducir la vulnerabilidad social al Cambio Climático?,49. Descripción de avance,49. Recomendaciones,50. ¿Se han implementado acciones para reducir la vulnerabilidad ambiental al cambio climático?,50. Descripción de avance,50. Recomendaciones
,,,18/12/2025 22:42:36,,sabina.ascencio@fonnor.org,,RÍOS,,AMS2207008,Sabina Ascencio Ramírez,Especialista en Conservación y Biodiversidad,Fondo Regional,23/10/2025,Campo,Sí,"Se ha asignado presupuesto para la adquisición de equipo de protección destinado a la preparación de bioinsumos y al seguimiento técnico en campo, así como para la contratación de consultorías especializadas en agricultura de conservación y elaboración de bioinsumos. Asimismo, se han destinado recursos para la realización de actividades orientadas a la identificación de alternativas de mitigación, como la Mesa de Café y el taller de Análisis Cualitativo de Vulnerabilidad Climática.",,Sí,"Los posibles riesgos e impactos identificados, así como las medidas de mitigación del subproyecto se han divulgado con ejidos y comunidades donde se implementan las parcelas agroforestales, así como en aquellos lugares a donde se pretende extender el modelo ProSAF. Igualmente, se ha otorgado capacitación y equipo de protección (p.ej. lentes especiales, guantes, etc.) necesarios para la elaboración de bioinsumos o de otros productos obtenidos de las plantas.",Continuar comunicando con las personas interesadas en aquellos espacios de actividades comunitarias y de capacitación.,Sí,"Se ha realizado una aplicación de bioinsumos consciente, siguiendo medidas de higiene y seguridad en su manejo. Se ha comunicado con claridad la información técnica, sustentada en la ciencia y el conocimiento tradicional de la región. Se ha dado seguimiento para la obtención de certificado de UMA con SEMARNAT. Adecuación para la implementación de los modelos agroforestales de acuerdo al tipo de ecosistema y dinámica social. Aplicación de protocolos de seguridad básica durante las actividades realizadas. Socialización de la importancia de las actividades realizadas para la conservación de la biodiversidad. Comunicación con las comunidades para mantener el tejido social.",Continuar con la implementación de las medidas de mitigación propuestas.,Sí,"La trayectoria de PBSOJ-ENDESU en el territorio, desde 2011 y su modelo de gobernanza con grupos de productores  es un  gran soporte para la implementación de medidas de mitigación que establecen en su Anexo 05. De igual manera, los talleres de capacitación los imparte personal con amplia experiencia en ello.",,Sí,Hasta ahora han destinado presupuesto para reducir riesgos y las medidas de mitigación son adecuadas.,,Sí,ENDESU ha leído el Manual de Operaciones y lo tiene presente en el desarrollo de su subproyecto.,,Sí,,,No,,,N/A,,,Sí,Utilizan ropa y calzado adecuado para la implementación de actividades. Cuentan con botiquín de primeros auxilios para el monitoreo comunitario. Implementan medidas de seguridad básicas en la elaboración de bioinsumos.,,Sí,"Sí, el personal conoce los mecanismos para la prevención de riesgos, los implementan y comparten con las personas involucradas en el subproyecto.",,Sí,No se han recibido quejas en los últimos meses. El MAQyC se difunde durante los talleres con la comunidad.,Continuar dando difusión al MAQyC.,Sí,"Se elaboran bioinsumos y composta para aplicación en las parcelas de los grupos de productores, lo cual se ha extendido a sus grupos familiares y comunidades. Se utilizan materiales reutilizables para producción de planta y de germoplasma. Los residuos de charolas del vivero se utilizan para la construcción de infraestructura.
",,No,,Se recomienda generar un Plan de Gestión de Residuos para el Vivero.,Sí,ENDESU cuenta con uno derivado del conocimiento que tienen de la elaboración de bioinsumos.,Se recomienda continuar con la implementación de su plan de manejo de plagas y vectores.,Sí,El personal técnico de ENDESU tiene los conocimientos necesarios para la implementación de las medidas de mitigación incluidas en su Anexo 5 y POA del PGAS.,Elaborar su Plan de gestión de Residuos.,N/A,Las actividades del subproyecto no involucran exposición de algún tipo a enfermedades transmisibles.,,Sí,"
Los residuos sólidos de manejo especial los disponen en un contenedor que el servicio de recolección de JISOC realiza periódicamente. ",,Sí,El predio donde se pretende implementar la UMA tiene manejo forestal y se realizan actividades de prevención de incendios como brechas cortafuego y remoción de combustible (hojarasca). Se extiende la información de manejo del fuego al resto de productores.,,Sí,"
Cuentan con un protocolo de seguridad que consiste en notificar a terceros cuando salen a campo, vestir uniformes de la organización, utilizar radios y botiquín de emergencia.",,N/A,No hubo incidentes en los últimos 6 meses.,Se recomienda informar de manera oportuna en caso de cualquier incidente.,No,,,No,,,No,"La OLLC hizo entrega del Plan de Manejo de la Unidad de Manejo para la Conservación de la
Vida Silvestre  (UMA) “La Morita” al interesado (Fernando Güitrón) para la realización del trámite de obtención del registro de la UMA. Se ingresó a SEMARNAT el Plan de Manejo y se encuentran en espera de la entrega del registro.

Cuentan con un permiso de colecta de anfibios y reptiles. ",Dar seguimiento al proceso de registro y avisar del avance del mismo para brindarles apoyo oportuno.,Sí,"La OLLC implementa monitoreo BIOCOMUNI y de calidad del agua, donde involucra a personas de la comunidad.",,Sí,"Se realiza restauración del sitio El Novillero con la implementación de obras de conservación de suelos y la reforestación con especies nativas. El establecimiento de la UMA permitirá la conservación y reproducción de especies de plantas nativas. El grupo BIOHORTA realiza agricultura de conservación en parcelas, las cuales albergan mayor biodiversidad que un monocultivo. Las parcelas ProSAF establecidas también promoverán la conservación de la biodiversidad local por medio de prácticas productivas amigables con el ambiente. Por ejemplo, el huerto del grupo UMAG está utilizando especies de interés etnobotánico para conservarlas y recuperar el conocimiento de éstas. Se evita la introducción de especies exóticas y se promueve la compra de plantas a viveros locales.",,No,,,,,,,,,,,,,,,,No,,,,Sí,"Desde sus inicios y gracias al modelo de gobernanza de PBSOJ los grupos de productores, a través de once mesas de trabajo (lácteos, ganadería, café, dulces, agricultura, silvicultura, raicilla, productos maderables y turismo), han estado involucrados con la OLLC, conocen los objetivos del subproyecto y se involucran en la toma de decisiones del Paisaje Biocultural.",Continuar y fortalecer la comunicación con los grupos de productores. ,Sí,"
La OLLC tiene reuniones periódicas con las mesas de trabajo para comunicar actividades. De igual manera la continuidad con el II Festival de Semillas ha permitido un mayor alcance en el territorio.",Continuar con las labores de socialización de las actividades del subproyecto.,Sí,"En el marco del subproyecto ENDESU ha realizado  diferentes talleres con partes interesadas tales como ayuntamientos municipales de San Sebastián y Mascota, comité científico, grupos de productoras y productores, personas interesadas, preparatorias, entre otros. A través del esquema de PBSOJ se promueve el mecanismo de gobernanza que permite la participación de la comunidad en la toma de decisiones en el Paisaje Biocultural.",,Sí,Las partes interesadas participan en la propuesta de actividades para la comunidad de aprendizaje del subproyecto y se integran en su implementación.,,Sí,Se cuenta con indicadores de la participación de mujeres en las actividades del subproyecto.,,Sí,"Se cuenta con una amplia participación de mujeres en los grupos de implementación de ProSAF. También se promueven espacios de participación de las mujeres, como en el marco del II Festival de Semillas, donde se llevó a cabo el conversatorio titulado “Tejiendo la comunidad: mujeres en el corazón del campo”, también se promovió el Encuentro de Mujeres: comunidad que florece, que tuvo como objetivo Fomentar el fortalecimiento del tejido social y la reflexión colectiva entre mujeres de la comunidad mediante una caminata guiada y actividades integradoras de diálogo, reconocimiento territorial y bienestar.",,De 60% a 100%,Sí,"En el grupo BIOHORTA tanto mujeres como hombres toman las decisiones del huerto y qué es lo que se va a plantar. Las mujeres juegan un papel importante en la implementación de actividades de restauración en El Novillero, donde además participan mujeres jóvenes.",,Sí,"Se busca generar espacios adecuados para la distribución equitativa de tareas en los grupos de trabajo, donde se promueve la participación de hombres y mujeres en todas las actividades indistintamente. Los costos y beneficios también se distribuyen de manera equitativa.",,Sí,"La información sobre las instancias que otorgan apoyo en temas de violencia de género, diseñado en el marco del Diagnóstico de Género de RÍOS y CONECTA, fue compartida con la OLLC.",,Sí,La OLLC cuenta con la información pertinente de las instancias responsables de atender casos de violencia de género en Jalisco. ,"Cuando sea pertinente, dar a conocer el directorio de instancias responsables para atender los casos de violencia de género.",Sí,,Continuar con la difusión del  MAQyC y el FONNOR Te Escucha con las personas involucradas en el desarrollo del subproyecto.,Sí,El modelo ProSAF fortalece la soberanía alimentaria de personas productoras ante los efectos del cambio climático. ,,Sí,"
Actividades de restauración, conservación y los modelos agroforestales para la prevención del crecimiento de la frontera agrícola. Así como la implementación de actividades para el manejo de fuego/prevención de incendios. ",,Sí,"A través del Taller de Vulnerabilidad Climática con el grupo Unión de Mujeres del Agostadero las participantes identificaron los eventos climáticos que les han afectado, así como los efectos que estos tienen sobre sus medios de vida, la producción y la salud comunitaria, a su vez propusieron acciones concretas de adaptación para prevenir y atender impactos a nivel comunitario.

El modelo del PBSOJ fortalece la gobernanza del territorio y la cohesión social de los diferentes grupos de productores de la región. En el marco del subproyecto, los talleres participativos permiten que las personas productoras escojan las plantas que mejor se adaptan a sus necesidades, así como el aprendizaje de elaboración de bioinsumos que les permiten reducir la vulnerabilidad social ante el cambio climático. De igual forma, talleres y charlas previas han permitido que las personas productoras estén familiarizadas con el concepto de cambio climático.",,Sí,"A través del Taller de Vulnerabilidad Climática con el grupo Unión de Mujeres del Agostadero las participantes identificaron los eventos climáticos que les han afectado, así como los efectos que estos tienen sobre sus medios de vida, la producción y la salud comunitaria, a su vez propusieron acciones concretas de adaptación para prevenir y atender impactos a nivel ambiental. 

La restauración del sitio El Novillero contribuye a la atención a un problema ambiental que se relaciona directamente con la provisión de agua de calidad a las comunidades aledañas.",
,,,8/1/2026 13:34:57,,eva_cano@fogomex.org,,RÍOS,,AMS2207039,Eva Cano,"Oficial de monitoreo, salvaguardas y género, FGM",Fondo Regional,24/9/2025,Campo,Sí,El subproyecto ha invertido en buenas prácticas que favorecen la atención de grupos vulnerables. ,,Sí,El responsable del subproyecto socializa y toma acuerdos con las personas beneficiarias respecto a las medidas de mitigación y buenas prácticas.,,Sí,"El subproyecto realiza reforestación con plantas nativas, promueve mecanismos para recuperar los residuos de viveros, informa a las comunidades sobre las actividades, promueve la inclusión de mujeres y jóvenes, entre otras acciones. ",,Sí,La organización cuenta con fuertes capacidades en aspectos ambientales y sociales. ,,Sí,Las actividades propuestas son de bajo riesgo y las medidas propuestas son suficientes para reducir los posibles impactos negativos. ,,Sí,Las actividades se realizan conforme a los lineamientos del MO. ,,Sí,Las mujeres y hombres que participan en el subproyecto reciben remuneración de acuerdo con las actividades que realizan. ,,No,No participan menores de edad o personas migrantes de forma remunerada.,,No,"Participan estudiantes de secundaria y bachillerato en actividades de educación ambiental, manejo de viveros y huertos, estas actividades complementan la formación de los estudiantes y no afectan sus horarios de educación y descanso. ","Promover la consulta hacia las y los estudiantes para que participen en la decisión de las actividades a desarrollar. Asimismo, promover las metodologías de enseñanza donde puedan proponer, expresarse y desarrollar habilidades de liderazgo y cooperación. ",Sí,La OLLC cuida la implementación de medidas de salud y seguridad para el equipo de trabajo.  ,Verificar el mantenimiento de los vehículos para seguridad del personal. ,Sí,Algunas personas del equipo han recibido capacitaciones sobre la prevención de riesgos de trabajo. ,Facilitar que las personas consultoras que participan ocasionalmente en el subproyecto también reciban capacitaciones sobre prevención de riesgos. ,Sí,Continuar la difusión del mecanismo de atención a quejas y consultas. ,,Sí,"El subproyecto implementa ecotecnias para el almacenamiento de agua de lluvia y baños secos, así como la elaboración de biofertilizantes con residuos orgánicos. ",Continuar el seguimiento e implementación de ecotecnias. ,No,"El subproyecto no genera sustancias peligrosas o de manejo especial. 
En los viveros se procura reducir al mínimo la producción de residuos y se gestionan adecuadamente.  
",,Sí,El subproyecto promueve prácticas agroecológicas y uso de insumos orgánicos en los viveros para la producción de planta.  ,,Sí,"El subproyecto cuenta con un consultor en agroecología que brinda capacitaciones sobre uso de biofertilizantes, elaboración de bioinsumos y manejo de viveros. ",Continuar con las capacitaciones en prácticas agroecológicas. ,N/A,No se identifican enfermedades que puedan derivarse de las actividades del subproyecto.  ,,Sí,El subproyecto no utiliza o desecha materiales peligrosos que deban tener un manejo especial. ,,N/A,"En la región de implementación, no se ha identificado el fuego como un riesgo a atender. ",,No,,Es recomendable ubicar alternativas de capacitación y fortalecimiento del equipo para prevenir o responder a emergencias.  ,N/A,No se ha registrado. ,,No,,,No,"El subproyecto ha impulsado el decreto de una reserva ecológica municipal, con el respaldo y consentimiento de las personas propietarias de los predios. ",Dar seguimiento al manejo y gestión de la reserva ecológica.  ,No,El subproyecto comenzó el trámite para el registro del aviso de colecta de germoplasma forestal.  ,Informar a FGM el estado del trámite del aviso de colecta de germoplasma. ,Sí,"El subproyecto realiza monitoreo de biodiversidad, suelo, agua y carbono orgánico en suelo. ",Fomentar la participación comunitaria en los monitoreos. ,Sí,El subproyecto promueve la certificación de áreas privadas de conservación para conservar el bosque de niebla. ,Sería recomendable integrar la información sobre la biodiversidad de las APC y dar a conocer su importancia en el municipio de Huatusco.  ,No,,,,,,,,,,,,,,,,No,,,,Sí,"Docentes y personas de las comunidades conocen el proyecto, sus objetivos y resultados. ","Facilitar la participación activa de las y los estudiantes en la toma de decisiones. En el programa de escuelas por los ríos, hay que considerar que los estudiantes puedan proponer proyectos o iniciativas, como una oportunidad para desarrollar soluciones creativas a problemas de sus comunidades.  ",Sí,El subproyecto realiza eventos de comunicación ambiental dirigidos al público en general.  ,,Sí,El subproyecto colabora con grupos comunitarios y autoridades locales.  ,,No,,"Promover la participación de personas beneficiarias, representantes o líderes de las comunidades, juventudes y docentes, en los espacios de aprendizaje e intercambio de experiencias que organiza el proyecto. ",Sí,Número de acciones afirmativas implementadas.,,Sí,El subproyecto ha establecido sistemas de captación de agua de lluvia que facilitan las labores de las mujeres. ,Es importante seguir impulsando los sistemas de captación de agua de lluvia y documentar los efectos de su implementación en la vida de las mujeres. ,De 30% a 59%,Sí,El subproyecto está por desarrollar capacitaciones sobre equidad de género con el personal docente para fomentar la participación de alumnas y alumnos en los viveros. ,"Es importante incorporar el enfoque de género en el programa de escuelas por los ríos para promover relaciones de género más respetuosas entre las y los estudiantes. No solo es oportunidad para facilitar la participación de las niñas en roles distintos, sino que también es oportunidad para que los niños practiquen el respeto y el cuidado. ",Sí,"El subproyecto involucra mujeres y hombres beneficiarios, que participan de acuerdo con sus necesidades e intereses.",,Sí,El subproyecto promueve la creación de entornos respetuosos.  ,,No,,,Sí,Las mujeres han recibido información sobre el MAQyC. ,,Sí,El subproyecto implementa sistemas de captación de agua de lluvia. ,Seguir documentando y compartiendo la experiencia con los SCALL. ,Sí,El subproyecto realiza acciones de reforestación. ,Dar seguimiento a las plantas establecidas y promover estrategias para ubicar las zonas donde se establecen las plantas. ,Sí,"Se realizó un análisis de capacidades y vulnerabilidad climática, se brinda información sobre cambio climático. ","Asegurar la incorporación del enfoque de adaptación al cambio climático en el programa de escuelas por los ríos, promoviendo narrativas que transmitan agencia y esperanza a las juventudes. ",Sí,El subproyecto implementa acciones de restauración riparia. ,
,,,13/1/2026 13:45:35,,eva_cano@fogomex.org,,RÍOS,,AMS2207043,Eva Cano,"Oficial de monitoreo, salvaguardas y género",Fondo Regional,4/8/2025,Campo,Sí,"El subproyecto destinó presupuesto para equipo de seguridad, capacitación en primeros auxilios y gestión de riesgos, actividades con mujeres.",,Sí,"Las personas participantes conocen las actividades planteadas por el subproyecto. 
La brigada ambiental ha sido capacitada para la identificación de riesgos a la seguridad de las personas. 
","Continuar la capacitación de los equipos de los centros ecoturísticos para prevenir los riesgos del turismo masivo, por ejemplo, el riesgo de degradación de los ecosistemas por la entrada de vehículos como motocicletas o autos. ",Sí,"Capacitación en primeros auxilios, gestión de riesgos, manejo del fuego, acciones para la gestión de residuos, actividades con mujeres, entre otras actividades realizadas. ",,Sí,El equipo de la OLLC se ha capacitado para las diferentes acciones del subproyecto. ,,Sí,El subproyecto ha integrado buenas prácticas que fortalecen las actividades y minimizan riesgos para las personas y los ecosistemas.  ,,Sí,El personal del subproyecto cuenta con las prestaciones establecidas por ley. ,,Sí,Los salarios del equipo fueron establecidos de acuerdo con sus responsabilidades. ,,No,,,No,"Participan estudiantes de las comunidades en actividades de educación ambiental. Reciben talleres sobre los ecosistemas, el cuidado del río y de la biodiversidad. Estas actividades contribuyen con su educación y no afectan sus horarios de descanso. ",,Sí,El equipo sostiene un ambiente de trabajo respetuoso y amable. ,"Considerar espacios de reunión del equipo de Ecotur para reafirmar los acuerdos de convivencia, fortalecer la organización interna e incluso hablar sobre el futuro de la cooperativa. ",Sí,"El subproyecto realiza capacitaciones sobre gestión de riesgos, primeros auxilios, prevención de accidentes. ",Continuar las prácticas de la brigada ambiental para la prevención de riesgos en los centros ecoturísticos. ,Sí,Las personas cuentan con información sobre los medios de contacto para acceder al MAQyC. ,,Sí,"El subproyecto implementa y difunde ecotecnias como baño seco, estufas ahorradoras, humedales para tratamiento de aguas grises, sistemas de captación de agua de lluvia, elaboración de composta, huertos familiares, bioconstrucción, los cuales ayudan a hacer un uso eficiente de los recursos. "," Es recomendable pensar en los siguientes pasos para ampliar el establecimiento de ecotecnias, particularmente aquellas que reducen la contaminación y presión humana sobre el río (baños secos, humedales, SCALL). Se puede considerar el establecimiento de estos sistemas en algunos hogares con la participación de las familias. Además, sistematizar la información para que las ecotecnias puedan ser replicadas por las personas interesadas (materiales y mano de obra necesaria, costos, proveedores, etc.).",Sí,"
Se han instalado módulos de composta y se está instalando un lombricompostero en uno de los módulos ecoturísticos.

El subproyecto promueve el uso de materiales reusables para evitar generar residuos, por ejemplo, platos y vasos reusables. 
",,Sí,El equipo realiza visitas periódicas al vivero para monitorear las condiciones de las plantas y prevenir la incidencia de plagas y enfermedades. El subproyecto toma en cuenta las directrices del MGAS. ,,Sí,El subproyecto evita generar residuos sólidos. ,"Continuar abordando el tema de la gestión de residuos sólidos con los centros ecoturísticos y con las comunidades, enfatizando en la importancia de reducir la generación de residuos. 
Ubicar centros de reciclaje, promover la separación de la basura y el compostaje de residuos orgánicos. 
",Sí," En el caso de los baños secos, el subproyecto capacita a los usuarios para manejar correctamente los residuos y prevenir riesgos sanitarios. ",Seguir compartiendo información sobre el manejo adecuado de los baños secos con las personas que los usan. Establecer señalética sobre el uso de los baños secos. ,N/A,No se identifican residuos peligrosos que puedan afectar a la comunidad. ,"Asegurar el uso de equipo de protección en las jornadas de limpieza del río, tanto por la posible presencia de objetos cortopunzantes como para el manejo de contenedores de agrotóxicos.",Sí,La brigada ambiental ha recibido capacitaciones sobre prevención y manejo del fuego.  ,"Reforzar la capacitación sobre manejo del fuego, para prevenir contingencias que puedan presentarse durante las temporadas de calor. ",Sí,La brigada ambiental se capacita para abordar emergencias en la zona. ,"Como parte de la planeación del proyecto ecoturístico, es recomendable trabajar en un plan de respuesta ante emergencias, que considere los riesgos que pueden presentarse en la zona.",N/A,No se ha identificado.,,No,,,No,"El subproyecto registró dos Unidades de Manejo para la Conservación de la Vida Silvestre (UMA) en vida libre, con el fin de proteger los ecosistemas y las especies en su hábitat. No implica restricciones de uso porque los propietarios participaron en la definición de los planes de manejo. ",,No,"El subproyecto está en proceso de gestionar el aviso de colecta de germoplasma forestal. Hasta el momento, las semillas y plantas utilizadas provienen de donaciones de otras instituciones. ",,Sí,"El subproyecto incluye monitoreo de agua, suelo, vegetación y fauna. ","Continuar la difusión de la información sobre la biodiversidad local hacia las comunidades para fomentar la protección de los ecosistemas. 
Es importante preparar a los guías de turistas y personal de los centros ecoturísticos para sensibilizar a los visitantes sobre la importancia de cuidar los ecosistemas, la biodiversidad y la calidad del agua del río Atoyac. 
",Sí," El subproyecto establece UMAs para la conservación de la biodiversidad, realiza reforestación en la ribera del río con especies nativas, desarrolla talleres con las comunidades locales sobre la biodiversidad. ","Asegurar el mantenimiento de las reforestaciones realizadas. 
Continuar el trabajo con los centros ecoturísticos para definir un modelo de negocios basado en la conservación de la biodiversidad, asegurando ingresos económicos para sostener a las familias y seguir protegiendo los ecosistemas. 
Establecer colectivamente los objetivos, misión y visión del proyecto ecoturístico, para plasmar la conservación de los ecosistemas como un eje fundamental. 
Integrar y fortalecer otras actividades económicas sostenibles, como la meliponicultura, elaboración de productos derivados de frutas locales y artesanías. 
",No,,,,,,,,,,,,,,,,No,,,,Sí,El grupo de personas que participa en el subproyecto conoce y participa en la definición de las actividades. ,"Involucrar a las personas que laboran en los centros ecoturísticos en actividades de capacitación, asegurando que conozcan y participen en el subproyecto. 
Involucrar a más personas de las comunidades para el proceso de fortalecimiento de las propuestas de negocios sostenibles. Por ejemplo, involucrar a jóvenes de las comunidades, posibles guías de turistas, mujeres que trabajan con abejas o que elaboran productos locales. 
",Sí,"El subproyecto realiza campañas de difusión y eventos ambientales donde participan las comunidades, escuelas y otras instituciones. ",,Sí,"El subproyecto toma en cuenta a las comunidades, instituciones locales y autoridades. También se estableció un comité para realizar gestiones con autoridades municipales para la protección del río. ",Documentar las gestiones y colaboraciones que realiza el comité. ,Sí,"Algunas personas del subproyecto colaboran con redes y comunidades de aprendizaje, incluyendo la CA del proyecto RÍOS. ",Impulsar la participación de personas beneficiarias en redes y comunidades de aprendizaje que les permitan seguir fortaleciendo sus capacidades. ,Sí,El subproyecto cuenta con el indicador “Número de acciones afirmativas de género implementadas”,,Sí,"El subproyecto realiza talleres con mujeres sobre abejas nativas, huertos familiares, producción de huevo en traspatio, elaboración de productos derivados de frutas y artesanías. ","Continuar las reuniones de mujeres para la elaboración de artesanías, acompañarlas en el proceso para que elaboren sus productos y facilitar su comercialización en los puntos de venta establecidos en los centros ecoturísticos. 
Continuar las capacitaciones con mujeres sobre abejas nativas, cuidado y cosecha de miel, como uno de los productos que pueden comercializar. 
Mantener el acompañamiento técnico con las mujeres para el adecuado funcionamiento de los huertos y módulos de gallinas en traspatio. 
",De 30% a 59%,Sí,"El subproyecto brinda oportunidades de participación tanto a mujeres como a hombres. 
Para la planeación de actividades y talleres se toman en cuenta los intereses de las mujeres. 
",Continuar las reuniones periódicas de mujeres. ,Sí,Mujeres y hombres reciben beneficios de acuerdo con sus propios intereses. ,"Distribuir el trabajo de cuidados, elaboración de alimentos, limpieza de los espacios comunes, de manera que estas labores no recaigan solo en las mujeres del equipo. En cada reunión, pueden considerar el tiempo necesario para limpiar el espacio o turnarse para hacerlo. 
Dar seguimiento a la elaboración y comercialización de productos elaborados por mujeres. 
",Sí,El grupo cuenta con acuerdos colectivos para evitar actitudes violentas. ,"Dentro del proyecto ecoturístico, es recomendable considerar el diseño de códigos que permitan prevenir casos de violencia.  ",No,No se han identificado casos. ,,Sí,Las mujeres cuentan con la información para acceder al MAQyC,,Sí,El subproyecto implementa sistemas de captación de agua de lluvia. ,"Seguir trabajando con las comunidades y centros ecoturísticos para continuar el establecimiento y mantenimiento de árboles en la ribera del río, a fin de prevenir desbordamientos. ",Sí,El subproyecto realiza acciones de reforestación y ha instalado estufas ahorradoras de leña. ,,Sí,"Fue realizado un análisis de capacidades y vulnerabilidad climática en una de las comunidades. 
El subproyecto fortalece capacidades para reducir la vulnerabilidad de las comunidades. 
","Dar seguimiento a los resultados y devolución de la información a las personas. 
Continuar el fortalecimiento de los medios de vida de las familias. 
",Sí,El subproyecto realiza acciones de reforestación y jardines de polinizadores. ,
,,,13/1/2026 14:09:49,,eva_cano@fogomex.org,,RÍOS,,AMS2207035,"Eva Cano, Florencia Cicchini","Oficial de monitoreo, salvaguardas y género",Fondo Regional,4/8/2025,Campo,Sí,"El subproyecto cuenta con presupuesto para acciones afirmativas de género, materiales y equipo de seguridad, capacitación en primeros auxilios. ",Realizar el mantenimiento adecuado a los vehículos para prevenir riesgo de accidentes y garantizar la vigencia de los seguros.,Sí,"El subproyecto socializa la planeación de actividades, incluyendo el anexo 5, con el grupo de personas participantes. ",,Sí,"Participación efectiva de personas de las comunidades, incorporación del enfoque de género e inclusión, prevención de riesgos a las personas durante el trabajo de campo. ",,Sí,"El equipo del subproyecto ha participado en procesos de desarrollo de capacidades en temas como enfoque de género e inclusión, primeros auxilios, legislación ambiental, gestión de residuos, ecotecnias, entre otros. ",,Sí,,,Sí,El personal cuenta con las prestaciones que establece la normativa federal. ,,Sí,Hombres y mujeres con trabajos similares obtienen la misma remuneración. ,"Aumentar los salarios de las dos personas que laboran como técnicos de campo, considerando su formación especializada, el tiempo que dedican a su labor y que desarrollan un trabajo primordial para lograr las metas del subproyecto.",No,,,No,"Han participado menores de edad en actividades de educación ambiental realizadas en colaboración con las escuelas, estas actividades se llevan a cabo en coordinación con el plan de estudios y no afectan sus horarios de descanso. ",,Sí,El subproyecto invierte en la seguridad de las personas que trabajan en el mismo.  ,"Es importante mantener condiciones que aseguren que el equipo que trabaja en Geobicom tenga los recursos necesarios para realizar su labor adecuadamente, así como generar condiciones de bienestar al interior del equipo de trabajo. 
Durante las jornadas de trabajo comunitario/faenas, proveer alimentos y bebidas a las personas.
",Sí,El subproyecto ha realizado capacitaciones en primeros auxilios y gestión de riesgos durante el trabajo de campo. ,,Sí,El grupo de personas beneficiarias ha recibido información para acceder al MAQyC. ,,Sí,"El subproyecto implementa y difunde ecotecnias como baño seco, sistemas de captación de agua de lluvia, elaboración de composta, huertos familiares y secador solar para café, los cuales ayudan a hacer un uso eficiente de los recursos. ","Documentar el proceso de establecimiento de ecotecnias para compartirlo con personas interesadas de las comunidades. Pueden elaborar guías breves donde indiquen los recursos necesarios para que las personas interesadas a partir de los resultados puedan replicar los modelos (materiales, dónde conseguirlos, costos, mano de obra, etc). Por ejemplo, en el caso del baño seco y los SCALL. 
Considerar la posibilidad de instalar más ecotecnias con las personas que participan en el subproyecto, pueden considerar que las familias beneficiarias aporten una parte de los recursos necesarios como contrapartida. 
",No,"Se ha promovido la composta como parte de las actividades del subproyecto.

El subproyecto evita generar residuos utilizando materiales reusables, por ejemplo en la elaboración de alimentos para los talleres. 
","Identificar si existen sitios cercanos de disposición para reciclado de los residuos generados en las actividades del subproyecto, como bolsas de los viveros, y en caso de ser necesario, incorporar la tarea de disposición de residuos en las actividades del grupo de personas del subproyecto.",Sí,El equipo realiza visitas periódicas al vivero para monitorear las condiciones de las plantas y prevenir la incidencia de plagas y enfermedades. El subproyecto toma en cuenta las directrices del MGAS. ,,Sí,,"Considerar tomar capacitación para el manejo de viveros de árboles nativos, incluyendo el manejo de plagas, el tratamiento de semillas y técnicas de germinación. De igual forma, es importante documentar los aprendizajes sobre el trabajo que han realizado reproduciendo algunas especies nativas. ",N/A," No se identifican enfermedades que puedan derivarse de las actividades del subproyecto. 
",,N/A,No se identifican residuos peligrosos que puedan afectar a la comunidad producto de las actividades del subproyecto. ,,N/A,No ha sido necesario implementar prácticas de manejo del fuego en la zona. ,,Sí,El equipo cuenta con medidas para proteger su seguridad durante el trabajo de campo. ,Verificar que se lleven a cabo medidas de seguridad para proteger a las personas que realizan trabajo de campo. ,N/A,No se ha identificado.,,No,,,No,"El subproyecto certificó un área Privada de Conservación. Esta no genera restricciones de acceso, pues el propietario del predio participó en la gestión y estuvo de acuerdo con el plan de manejo.  ",,No,"El subproyecto está en proceso de gestionar el aviso de colecta de germoplasma forestal. Hasta el momento, las semillas y plantas utilizadas provienen de donaciones de otras instituciones. ",,Sí,"El subproyecto incluye monitoreo de agua, vegetación y fauna. ","Continuar la difusión de la información sobre la biodiversidad local hacia las comunidades para fomentar la protección de los ecosistemas, incluyendo los bosques y la laguna del Porvenir. ",Sí,"El subproyecto gestiona áreas de conservación de los ecosistemas, implementa reforestación con especies nativas, realiza recorridos de observación de aves en la laguna del Porvenir, da a conocer la biodiversidad local mediante artesanías como bordados de aves y promueve la valoración de la biodiversidad local.  
El subproyecto está diseñando un modelo de negocios para el café de sistemas agroforestales, como una estrategia para proteger los ecosistemas y la biodiversidad que almacenan. 
","Es recomendable retomar el acercamiento con el grupo de personas que laboran en torno a la laguna del Porvenir. Para ello, es necesario cambiar la estrategia de colaboración, utilizando enfoques participativos y herramientas de trabajo comunitario que faciliten el acercamiento con las personas. 
Asegurar el mantenimiento de las reforestaciones realizadas. 
Continuar el fortalecimiento de las líneas de negocio que permiten sostener los medios de vida de las personas y al mismo tiempo proteger la biodiversidad (aviturismo, café y bordados de aves).
",No,,,,,,,,,,,,,,,,No,,,,Sí,El grupo de personas que participa en el subproyecto conoce las características del proyecto y sus actividades. ,"Continuar fortaleciendo los enfoques participativos para trabajar con las comunidades y ampliar el alcance de las actividades.
Incluir a las familias de las personas del grupo en algunas actividades de difusión para que también conozcan las actividades.
",No,,"Es recomendable realizar actividades de difusión abiertas a las comunidades, donde compartan las actividades del subproyecto con más personas. Por ejemplo, realizar un evento de difusión en la Laguna del Porvenir donde compartan resultados del monitoreo de agua y biodiversidad, beneficios de las ecotecnias, etc.
Incorporar enfoques participativos para diseñar este tipo de eventos. 
Se recomienda elaborar una presentación del subproyecto, que haga foco en los resultados obtenidos y el potencial de las iniciativas, para presentar a las nuevas autoridades ejidales.
",Sí,"El subproyecto toma en cuenta a las autoridades comunitarias y la asamblea ejidal. 
El subproyecto colabora con grupos locales de Agustín Millán para la restauración riparia del río Seco. 
","Continuar la iniciativa de restauración riparia con la participación de los grupos de Agustín Millán, enfocándose en estrategias de adaptación basadas en ecosistemas como reforestaciones y usando estrategias adecuadas para el trabajo comunitario como el mapeo participativo. ",Sí,"Algunas personas del subproyecto colaboran con redes y comunidades de aprendizaje, incluyendo la CA del proyecto RÍOS. ",Impulsar la participación de personas beneficiarias en redes y comunidades de aprendizaje que les permitan seguir fortaleciendo sus capacidades. ,Sí,El subproyecto cuenta con el indicador “Número de acciones afirmativas de género implementadas”,,Sí,"Fueron realizados talleres de equidad de género. 
El subproyecto impulsa a un grupo de mujeres que realizan bordados de biodiversidad, se reúnen periódicamente para bordar y obtienen ingresos por la venta de sus artesanías. 
",Continuar el trabajo con enfoque de género para respaldar al grupo de mujeres. ,De 30% a 59%,Sí,"El subproyecto brinda oportunidades de participación tanto a mujeres como a hombres. Las reuniones de bordadoras son un espacio exclusivo para las mujeres, donde pueden relajarse, compartir saberes, aprender sobre la biodiversidad y escucharse entre mujeres. ","Continuar la conversación con el grupo sobre temas de género, considerar el tema de masculinidades con los hombres que participan en el grupo. ",Sí,Mujeres y hombres reciben beneficios equitativamente. ,"Distribuir el trabajo de cuidados, elaboración de alimentos, limpieza de los espacios comunes, de manera que estas labores no recaigan solo en las mujeres del grupo. En cada reunión, pueden considerar el tiempo necesario para limpiar el espacio o turnarse para hacerlo. ",Sí,El grupo cuenta con acuerdos colectivos para evitar actitudes violentas. ,,N/A,No se han identificado casos. ,,Sí,Las mujeres cuentan con la información para acceder al MAQyC,,Sí,El subproyecto implementa sistemas de captación de agua de lluvia para aumentar la resiliencia ante la escasez de agua. ,Continuar el establecimiento de árboles en la ribera del río Seco para prevenir deslizamientos. ,Sí,El subproyecto realiza acciones de reforestación. ,,Sí,"Fue realizado un análisis de capacidades y vulnerabilidad climática en una de las comunidades. 
El subproyecto fortalece capacidades para diversificar los medios de vida de las personas mediante líneas de negocios sostenibles. 
",Dar seguimiento a los resultados y devolución de la información del ACVC a la comunidad. ,Sí,El subproyecto realiza acciones de reforestación. ,
,,,13/1/2026 16:55:25,,eva_cano@fogomex.org,,RÍOS,,AMS2207046,"Eva Cano, Jiangsu Olea","Oficial de monitoreo, salvaguardas y género",Fondo Regional,15/10/2025,Campo,Sí,"La OSC continúa invirtiendo en asesoría especializada para el seguimiento de la UMA, implementación de buenas prácticas y gestión comunitaria. ",,Sí,Las personas del ejido conocen el subproyecto y han recibido información sobre los posibles riesgos y participan en la implementación de buenas prácticas y medidas de mitigación.  , Continuar con la divulgación de las acciones que permiten la conservación del manglar ante los posibles riesgos que existentes. ,Sí,"Manejo y seguimiento de la UMA “La Resurrección”. 
Contratación de especialista en gestión comunitaria. 
Reproducción de especies locales en el vivero.  
","Asegurar que todo el equipo del subproyecto tenga en cuenta el Anexo 5 y participen en la integración de los reportes semestrales donde se indican los avances en la implementación de buenas prácticas y medidas de mitigación, para que los reportes semestrales reflejen las medidas implementadas en campo. ",Sí,El equipo técnico del subproyecto cuenta con las capacidades necesarias para la implementación de las actividades propuestas. ,"Es necesario fortalecer la comunicación interna del equipo y la planeación conjunta de las actividades para facilitar que se logren los objetivos del subproyecto. 
Continuar la implementación de los planes técnicos para implementar exitosamente las actividades, dar continuidad a los planes prediales de ganadería regenerativa y al plan de manejo de la UMA.  Continuar las capacitaciones a las personas de la comunidad para la implementación de ganadería regenerativa y para la conservación del manglar. Actualizar el plan de manejo del vivero. 
El subproyecto debe favorecer las condiciones para el trabajo de gestión comunitaria, esta consultoría tiene sus propias actividades, pero también es transversal a todos los resultados y puede ayudar a fortalecer el enfoque de inclusión social en el subproyecto. 
",Sí,Las medidas son suficientes para las actividades del subproyecto. ,"Si bien el ecoturismo no es una actividad incluida en el subproyecto, dado el interés de la comunidad en el tema, es importante brindar orientación sobre modelos de ecoturismo que basados en el cuidado de los ecosistemas. Identificar y evitar acciones que puedan llevar hacia un turismo masivo o destructivo. Considerar el acercamiento a proyectos de ecoturismo realmente enfocados en la conservación, por ejemplo, el caso de Ecotur Amatlan.  ",Sí,El subproyecto cumple con los lineamientos del Manual de Operaciones.  ,Asegurar que las personas que trabajan como consultores y apoyo en campo cuenten con las condiciones y materiales adecuados para realizar su trabajo con seguridad y eficiencia. ,Sí,Las y los trabajadores reciben remuneración de acuerdo con las actividades que realizan.   ,,No,,,N/A,,,Sí,Se promueve el uso de ropa y calzado adecuado para el trabajo acorde a las actividades de campo. El subproyecto brinda herramientas y equipo necesario para el trabajo de campo. ,Continuar brindando el equipo y materiales necesarios para realizar las actividades de campo. Incorporar estrategias de trabajo comunitario que faciliten la creación de espacios de convivencia respetuosa y mejorar el tejido social. ,No,,"En el marco de las actividades de la UMA, es recomendable considerar capacitaciones con las personas que trabajan en el manglar para gestionar los riesgos del trabajo de campo. ",Sí,Las personas del ejido han recibido información sobre el MAQyC.  ,Continuar con la difusión del MAQyC entre las personas beneficiarias. ,Sí,"Establecimiento de sistemas de captación de agua de lluvia, elaboración de compostas, establecimiento de cercos vivos y cercos eléctricos con celdas solares. ","Realizar el mantenimiento necesario al SCALL, brindar asesoría técnica para la elaboración de compostas, establecimiento de cercos y mantenimiento de los equipos.  ",No,,"Asegurar la gestión adecuada de los residuos generados en el vivero. 
Elaborar un material que apoye el entendimiento para realizar la gestión de residuos (infografía, Plan de Gestión simple, con lenguaje sencillo y que sea operable).
",Sí,"El ejido ha realizado acciones para el manejo de plagas en el manglar con asesoría de CONAFOR. 
El subproyecto incorpora prácticas para la prevención de plagas y enfermedades en el vivero. 
Uso de plantas para el control de garrapatas en el ganado. 
","Revisar el plan de manejo del vivero, incluyendo las prácticas de manejo de plagas.
Continuar el monitoreo de la salud del manglar en la UMA. 
Considerar capacitaciones sobre salud animal en el marco de la ganadería regenerativa. 
",No,,"Complementar los planes de manejo de vivero y plan de capacitación sobre ganadería regenerativa, para fortalecer la gestión de residuos, control sanitario y manejo de plagas y vectores. ",Sí,Las personas se capacitan para realizar las actividades de campo. ,Continuar fomentando medidas para prevenir golpes de calor y enfermedades como el dengue. ,N/A,El subproyecto no utiliza o genera residuos peligrosos. ,,Sí,La OSC brindó una capacitación para la prevención y combate de incendios. ,"Retomar la capacitación sobre manejo del fuego y gestionar asesoría especializada en el tema, considerando que está por iniciar la época de sequía.  ",No,,Documentar y reportar a FGM las medidas de prevención de riesgos que se practican en torno a las actividades de la UMA. ,N/A,,,No,,,No,"Por interés del ejido, el subproyecto promovió el registro de una Unidad de Manejo para la Conservación de la Vida Silvestre, que implica la restricción de actividades como cacería ilegal y tala. ","Continuar con la difusión y socialización de la existencia de la UMA,  sus objetivos, beneficios e impactos positivos a nivel social y ambiental. ",Sí,"Se cuenta con la autorización de una UMA en vida libre con fines de conservación del manglar. 
Recientemente se obtuvo la autorización para ampliar el objetivo de la UMA, a fin de permitir la extracción de propágulos de mangle para fines de reforestación en parcelas que rodean la UMA.  
",Continuar el manejo de la UMA conforme al plan de manejo autorizado. ,Sí,Se realiza monitoreo de biodiversidad en la UMA. ,"Compartir con las diferentes audiencias y partes interesadas los hallazgos del monitoreo en la UMA con un lenguaje sencillo y medios accesibles, a fin de seguir promoviendo la conservación del manglar. 

Involucrar en la medida de lo posible la participación de jóvenes procurando siempre su seguridad al realizar la actividad de monitoreo.
",Sí,"Gestión y seguimiento de la UMA. 
Reproducción de plantas nativas en el vivero. 
Establecimiento de cercos vivos. 
","Continuar el establecimiento de árboles nativos en los potreros y replantar los cercos vivos donde sea necesario. 
Revisar que el ganado se encuentre en densidades controladas para evitar el deterioro y compactación del suelo. 
",No,,,,,,,,,,,,,,,,No,,,,Sí,Las personas líderes de las comunidades conocen y participan activamente  en el proyecto.,"Involucrar a más personas en el conocimiento de las acciones del subproyecto, puede ser mediante el monitoreo comunitario o en eventos de educación ambiental.
Es necesario fortalecer la inclusión de juventudes y mujeres en el subproyecto.
",Sí,El subproyecto comenzó a trabajar en la difusión de información por medio de redes sociales y en la elaboración de un video de realidad virtual para presentar en otras comunidades. ,"Se recomienda vincular el subproyecto con otros colectivos de personas de Boca del Río y Veracruz interesadas en la conservación de los manglares y su biodiversidad. 
Difundir información sobre la importancia del manglar en instituciones educativas de la zona. 
Es importante que el subproyecto respalde las acciones de la consultoría de gestión comunitaria para hacer posibles las actividades de difusión, cine comunitario y educación ambiental.
",Sí, El subproyecto involucra a la mesa directiva del ejido y se presentan avances en la Asamblea Ejidal. ,,Sí,Algunas personas beneficiarias y el equipo del subproyecto han participado en talleres e intercambios de experiencias organizados por el proyecto. ,Continuar facilitando la participación de personas beneficiarias en actividades de la comunidad de aprendizaje del proyecto RÍOS. ,Sí,El indicador considera el “Número de acciones afirmativas”.,Asegurar el seguimiento del indicador y las actividades relacionadas con la perspectiva de género.  ,Sí,El subproyecto contrató a una consultora en gestión comunitaria. ,"Facilitar las condiciones para que la consultora pueda trabajar con las mujeres ejidatarias y con otras mujeres, jóvenes e niñas de la comunidad. ",De 30% a 59%,Sí,El subproyecto realiza invitaciones constantes en la asamblea ejidal para promover la participación de mujeres y hombres en las actividades. ,"Fortalecer medidas y enfoques para facilitar la participación de mujeres en las actividades. 
Dar seguimiento a los espacios de conversación entre mujeres. En caso de ser necesario, ajustar las estrategias para facilitar la participación de mujeres, considerando sus cargas por trabajos de cuidados.
Fortalecer la capacitación del equipo en herramientas participativas que faciliten el trabajo con enfoque de género e inclusión. 
",No,Aún no se cuenta con información suficiente. ,Es necesario entrevistar a las mujeres beneficiarias para escuchar su experiencia en el proyecto y respaldar que están recibiendo beneficios. ,No,,Promover la toma de acuerdos de convivencia respetuosa en todas las actividades y talleres. ,No,,,Sí,Algunas mujeres conocen el mecanismo. ,Continuar la difusión del mecanismo de atención a quejas y consultas con las mujeres beneficiarias.  ,Sí,"Se implementaron dos sistemas de captación de agua de lluvia.
Se promueve la conservación del manglar como defensa ante inundaciones y huracanes. 
Establecimiento de cercos vivos y aumento de la sombra en los potreros. 
","Continuar la arborización, el establecimiento de cercos vivos en potreros y replantar los cercos vivos donde sea necesario. Asegurar el seguimiento técnico para la implementación de prácticas de ganadería regenerativa. 
Dar seguimiento al correcto funcionamiento de los sistemas de captación de agua de lluvia y cercos eléctricos. 
Investigar y tomar en cuenta tecnologías que permitan mejorar la infiltración del agua en el suelo, como el keyline. 
",Sí,Establecimiento de cercos vivos y arborización. ,"Continuar la arborización, el establecimiento de cercos vivos en potreros y replantar los cercos vivos donde sea necesario. 
Promover la arborización de patios con árboles nativos. 
Dar seguimiento a los trámites necesarios para llevar a cabo las actividades de restauración de manglar. 
",Sí,Se realizó un taller de análisis de capacidades y vulnerabilidad al cambio climático (ACVC),Continuar el seguimiento de las acciones identificadas en el ACVC.   ,Sí,Manejo y conservación del manglar. ,
,,,13/1/2026 17:08:18,,eva_cano@fogomex.org,,RÍOS,,AMS2207040,Eva Cano,"Oficial de monitoreo, salvaguardas y género",Fondo Regional,7/11/2025,Campo,Sí,"Se destinó presupuesto para el acompañamiento técnico al grupo de mujeres, para la elaboración de productos medicinales por parte del grupo de mujeres, para el establecimiento de baños secos y estufas ahorradoras, para la elaboración de biofertilizantes e insumos agroecológicos, etcétera. ","Dar seguimiento a las medidas establecidas en el anexo 5, incluyendo el seguimiento al correcto funcionamiento de las biofábricas, manejo agroecológico en los viveros y capacitación para el uso de ecotecnias. ",Sí,Las personas participantes conocen el subproyecto y las medidas de mitigación asociadas a las actividades. ,,Sí,"Establecimiento de árboles nativos, elaboración de botiquín con plantas medicinales, establecimiento de ecotecnias, uso de prácticas agroecológicas, capacitaciones sobre medidas de seguridad y uso de equipo de seguridad. ",,Sí,"La OSC ha recibido diversas capacitaciones, incluyendo capacitaciones sobre seguridad y enfoque de género. ",,Sí,Las medidas definidas en el anexo 5 son suficientes para el subproyecto. ,,Sí,La OSC cumple con los lineamientos del manual de operaciones. ,,Sí,Las personas que trabajan en el subproyecto reciben una remuneración de acuerdo con las actividades que realizan. ,,No,,,No,"En algunas actividades participan niños y niñas que acompañan a sus mamás, estas actividades no afectan su descanso ni educación, y contribuyen con su desarrollo y cercanía a la comunidad. ",,Sí,El subproyecto ha facilitado capacitaciones en medidas de seguridad y proporciona equipo de seguridad. ,"Considerar talleres de fortalecimiento del equipo para mejorar la comunicación y organización interna, a fin de seguir construyendo ambientes de trabajo adecuados. ",Sí,El subproyecto ha facilitado capacitaciones en medidas de seguridad y prevención de riesgos. ,,Sí,La OSC ha dado a conocer el MAQyC. ,Continuar la difusión del mecanismo de atención a quejas y consultas.,Sí,"Fueron establecidas estufas ahorradoras, baños secos y secadores solares para el beneficio del café. Se elaboran compostas y biofertilizantes con insumos locales. Se mantiene la producción de lombricomposta. ","Dar seguimiento al correcto funcionamiento de estufas, baños secos y secadores solares. ",Sí,"El subproyecto promueve la reducción de residuos y la gestión adecuada de los residuos de los viveros. 
Los residuos orgánicos se utilizan para la elaboración de composta. 
",Continuar promoviendo la gestión adecuada de residuos como bolsas de planta de los viveros.  ,Sí,El subproyecto cuenta con medidas para el manejo y prevención de plagas en los viveros.  ,Continuar fortaleciendo las capacidades de los grupos para el manejo de plagas y enfermedades en los viveros y en cafetales. ,Sí,La OSC cuenta con un equipo técnico fortalecido y con capacidades en manejo agroecológico de plagas y enfermedades del café. ,,N/A, No se identifican enfermedades que se puedan derivar del subproyecto. ,,Sí,Durante la elaboración de insumos orgánicos se utilizan medidas de higiene para evitar enfermedades. ,Dar seguimiento al uso correcto de los baños secos para evitar enfermedades. ,No,Los incendios no han sido identificados como un riesgo para la región.  ,Es recomendable comenzar a informar a las comunidades sobre medidas para prevenir y manejar incendios. ,No,,,N/A,No se han reportado accidentes o emergencias durante el subproyecto. ,,No,,,No,El subproyecto no genera restricciones de acceso a los recursos. ,,Sí,"El subproyecto no requiere gestionar un aviso de colecta de germoplasma, puesto que solo reproduce especies de árboles frutales de la región. ",,Sí,El subproyecto realiza monitoreo de biodiversidad y suelo. ,"Compartir los resultados de los monitoreos con las personas de los grupos, para sensibilizar sobre la importancia de conservar la biodiversidad. ",Sí,El subproyecto promueve el cafetal de sombra. ,"Es recomendable documentar los saberes locales sobre las plantas de los cafetales, incluyendo las plantas medicinales y los árboles de sombra. Podrían elaborarse fichas o materiales didácticos para las infancias. ",No,,,,,,,,,,,,,,,,No,,,,Sí,"Las personas participantes conocen el subproyecto y sus actividades. 
Existen personas de las comunidades liderando los viveros comunitarios y organizándose para desarrollar el proceso de beneficiado de café. 
",Apuntalar el proceso organizativo del grupo para llevar a cabo el beneficiado y comercialización de café en esta temporada. Es importante que el equipo del subproyecto se coordine y participe para asegurar que se lleve a cabo una prueba piloto de beneficiado y comercialización del café.  ,Sí,El subproyecto participa en mecanismos de difusión del proyecto. El grupo de mujeres está participando en eventos para dar a conocer su trabajo.,Seguir conectando a las personas de las comunidades con otros espacios para dar a conocer su trabajo. ,Sí,"En el subproyecto se promueve el trabajo comunitario en las faenas, lo cual fortalece la organización en las comunidades. ",,Sí,Algunas personas de las comunidades han participado en talleres y eventos del proyecto y organizan sus espacios de aprendizaje en torno a las actividades del subproyecto. ,"Continuar facilitando la participación de las personas de las comunidades en los talleres y eventos organizados por el proyecto RÍOS, así como en actividades de otros subproyectos que puedan contribuir al fortalecimiento de sus conocimientos. ",Sí,Número de acciones afirmativas implementadas. ,,Sí,"Existe una participación importante de mujeres en el subproyecto, muchas de ellas con roles de liderazgo. 
Se conformó el grupo de mujeres “Amigas de las plantas”, que se reúnen para compartir saberes en torno a las plantas medicinales del cafetal y elaborar productos para la salud de sus familias. 
","Continuar el acompañamiento al grupo de mujeres. 
Continuar impulsando el proceso organizativo con enfoque de género del grupo de beneficiado de café, asegurando la participación de mujeres. 
",De 30% a 59%,Sí,El subproyecto promueve la participación de mujeres y hombres en todas las actividades. Se conformó un grupo de mujeres y se brinda acompañamiento a su proceso organizativo. ,"Es importante establecer medidas que faciliten la participación de mujeres y jóvenes en la propuesta de negocio de beneficiado y transformación de café, establecer estas medidas como parte de los reglamentos del grupo. ",Sí,Mujeres y hombres reciben beneficios por parte del subproyecto de acuerdo con sus intereses. ,,Sí,Los grupos tienen acuerdos internos para evitar actos de violencia. ,Definir códigos y acuerdos de convivencia que ayuden a mantener el trabajo respetuoso en el grupo de beneficiado y comercialización de café. ,No,No se han detectado casos de violencia de género en torno al subproyecto. El grupo de mujeres promueve la creación de redes de apoyo entre las participantes. ,,Sí,Las mujeres participantes han recibido información sobre el MAQyC. ,Continuar la difusión del mecanismo de atención a quejas y consultas con las mujeres participantes. ,Sí,"Se están realizando prácticas de manejo en los cafetales para enriquecer la sombra y regular la temperatura, así como la reforestación en zonas riparias. ",Seguir promoviendo la valoración de la sombra del cafetal por su importancia para regular la temperatura y mantener la humedad del suelo. Dar seguimiento a la recuperación y conservación de la vegetación nativa en zonas riparias y manantiales. ,Sí,Se promueve la siembra de árboles nativos en los cafetales. Fueron implementadas prácticas que contribuyen a aumentar la concentración de carbono orgánico en suelos. ,"Compartir los resultados del muestreo de carbono orgánico en suelos con las personas de las comunidades, explicando la importancia de seguir adoptando estas prácticas. ",Sí,"El subproyecto realizó el Análisis de Capacidades y Vulnerabilidad Climática, y se adoptaron opciones de adaptación de acuerdo con los resultados. ",,Sí,"El subproyecto continúa estableciendo árboles, cafetales de sombra, barreras vivas y barreras muertas para la conservación del suelo. ",
,,,14/1/2026 10:32:31,,eva_cano@fogomex.org,,RÍOS,,AMS2207034,Eva Cano,"Oficial de monitoreo, salvaguardas y género",Fondo Regional,6/11/2025,Campo,Sí,El subproyecto ha invertido en acciones para atender necesidades específicas de las mujeres. ,,Sí,La OSC informa a las personas beneficiarias sobre las actividades del subproyecto y medidas de mitigación asociadas. ,,Sí,"El subproyecto colabora con grupos comunitarios para implementar acciones de restauración y conservación del suelo y de los ecosistemas. Brinda capacitación y materiales para realizar estas prácticas. 
Se utilizan especies nativas, así como biofertilizantes y control biológico en la producción de planta. 
El subproyecto facilita la organización de un grupo de mujeres y brinda acompañamiento cercano para el establecimiento de ecotecnias.  
","Continuar el acompañamiento a los grupos comunitarios que hacen las obras de restauración y conservación, incluyendo a los grupos de Coxolo, San Diego y Chicalaba. En los casos necesarios, considerar la colaboración con programas gubernamentales para impulsar las acciones. 
Brindar asesoría técnica al grupo de Chicalaba sobre obras de conservación del suelo, mapeo participativo y ecoturismo, para prevenir que la propuesta turística genere impactos negativos en el ecosistema. pueden considerar intercambios de experiencia con otras iniciativas de ecoturismo, como Ecotur Amatlan. 
",Sí,"La organización cuenta con un equipo diverso, que incluye a personas con conocimiento en conservación del suelo, manejo de viveros, huertos, ecotecnias, gestión comunitaria, etc.  ",,Sí,Las actividades propuestas por el subproyecto son de bajo riesgo y las medidas propuestas son suficientes. ,,Sí,Las actividades se realizan conforme a los lineamientos del MO. El personal de la OSC cuenta con las prestaciones definidas por la legislación nacional.  ,,Sí,Las mujeres y hombres que participan en el subproyecto reciben remuneración de acuerdo con las actividades que realizan. ,,No,No participan menores de edad o personas migrantes de forma remunerada.,,No,"Participan estudiantes de primaria en actividades de educación ambiental y huertos. Estas actividades fortalecen la formación de las niñas y niños, contribuyen con su aprendizaje y curiosidad por las plantas.  ","Dejar que hablen las niñas y niños. Fomentar actividades donde puedan proponer, expresarse y desarrollar habilidades de cooperación. Tomar en cuenta las curiosidades para definir qué plantas sembrar en sus huertos. 
Sería muy interesante documentar cómo se expresan las niñeces sobre el cuidado del medio ambiente. 
",Sí,La OSC brinda los materiales necesarios para que el equipo del subproyecto pueda desarrollar las actividades con seguridad. La OSC hace énfasis en la importancia de la seguridad del equipo. ,"Verificar el mantenimiento de los vehículos para seguridad del personal. 
Considerar hacer reuniones de convivencia del equipo del subproyecto para seguir generando un ambiente positivo. 
",Sí,Algunas personas del equipo han recibido capacitaciones sobre la prevención de riesgos de trabajo. ,,Sí,,Continuar la difusión del mecanismo de atención a quejas y consultas. ,Sí,"El subproyecto implementa ecotecnias como sistemas de captación de agua de lluvia, estufas ahorradoras de leña, baños secos y humedales artificiales.","Continuar el seguimiento e implementación de las ecotecnias. 
Documentar y compartir los manuales de elaboración de las ecotecnias y los testimonios de las beneficiarias, para invitar a otras personas a adoptar estas ecotecnias. 
",No,"El subproyecto no genera sustancias peligrosas o de manejo especial. 
Los residuos generados en los viveros se colocan en sitios adecuados. 
","En el parque Chicalaba, es importante diseñar un plan de cómo gestionar los residuos que generan los visitantes. Empezando por colocar mensajes que inviten a los visitantes a no dejar basura en el sitio. ",Sí,El subproyecto promueve prácticas agroecológicas y uso de insumos orgánicos en los viveros y huertos. ,,Sí,"El subproyecto cuenta con personas con conocimientos en manejo de viveros, huertos y elaboración de insumos agroecológicos.",Continuar con el manejo con prácticas agroecológicas en los viveros y huertos.,N/A,"No se identifican enfermedades que puedan derivarse de las actividades del subproyecto.  
El grupo de mujeres de la comunidad de Elotepec está elaborando medicinas naturales a partir de las plantas de los cafetales y traspatios, con el fin de crear un botiquín para atender las enfermedades más comunes en sus familias. 
",,Sí,El subproyecto no utiliza o desecha materiales peligrosos que deban tener un manejo especial. ,,No,"No se ha identificado el fuego como amenaza en la región, sin embargo, a futuro, en condiciones de sequía extrema, puede ser un riesgo.  ","Es recomendable comenzar a identificar protocolos para responder a incendios, considerando la posibilidad de que vuelvan a ocurrir sequías extremas. ",No,,Considerar alternativas de capacitación y fortalecimiento del equipo para prevenir o responder a emergencias.  ,N/A,No se ha registrado. ,,No,,,No,En el parque Chicalaba se han tomado acuerdos locales para evitar que personas externas ingresen a talar árboles y extraer madera. Estos acuerdos han sido tomados por el propio grupo y son importantes para la conservación del área.  ,Dar seguimiento a la formalización del parque Chicalaba como área de conservación. ,No,El subproyecto comenzó el trámite para el registro del aviso de colecta de germoplasma forestal.  ,Dar seguimiento al trámite del aviso de colecta de germoplasma. ,Sí,"El subproyecto realiza monitoreo de biodiversidad, suelo, agua y carbono orgánico en suelo. ","Fomentar la participación comunitaria en los monitoreos. Particularmente en el parque Chicalaba, invitar al grupo a participar en el monitoreo de fauna. Pueden invitar a estudiantes o biólogos de la zona para fomentar una mayor participación comunitaria. ",Sí,"El subproyecto promueve la conservación de áreas de bosque de niebla, la reforestación con especies nativas y la conservación de plantas de los cafetales, particularmente de especies medicinales. ","Es importante que los grupos comunitarios conozcan mejor la biodiversidad de sus territorios y cómo conservarla. En el parque Chicalaba, se pueden colocar carteles para invitar a los participantes a cuidar la biodiversidad del lugar. Definir senderos estratégicos y limitados para evitar que las personas se dispersen por todo el terreno y permitir la regeneración natural. ",No,,,,,,,,,,,,,,,,No,,,,Sí,"Las personas participantes conocen la naturaleza del subproyecto. 
La OSC hace énfasis en las características del subproyecto y procedencia de los recursos. 
","Retomar la planeación participativa de las siguientes actividades con los grupos de reforestadores y con el grupo de Chicalaba, orientándose a cerrar adecuadamente el subproyecto, definiendo los alcances y visualizando oportunidades de vinculación con otros proyectos. 
Conversar con el grupo de mujeres de Elotepec sobre los siguientes pasos en el subproyecto. 
",Sí,El subproyecto ha realizado eventos para difundir los resultados. ,"Considerar algún evento de reunión entre los diferentes grupos y personas que han participado en el subproyecto, para que puedan compartir sus resultados y seguir fortaleciendo vínculos de colaboración. ",Sí,El subproyecto colabora con grupos comunitarios y autoridades locales.  ,,Sí,Algunas personas del subproyecto participan en la comunidad de aprendizaje y oportunidades de capacitación generadas por el proyecto. ,"Promover la participación de más personas de las comunidades en los espacios de aprendizaje e intercambios de experiencias que organiza el proyecto, así como promover la vinculación con iniciativas de otros subproyectos y organizaciones. ",Sí,Número de acciones afirmativas implementadas.,,Sí,"El subproyecto ha establecido ecotecnias que facilitan las labores del hogar y ayudan a reducir los riesgos a la salud de las mujeres.
Existe una notable participación de mujeres en todas las actividades, incluyendo a mujeres reforestadoras, productoras, técnicas, etc. 
","Es importante seguir documentando las experiencias de las mujeres que han participado en las diferentes actividades del subproyecto, como testimonios que pueden inspirar a mujeres productoras, reforestadoras y otras mujeres de las comunidades. 
Los conocimientos de las mujeres de Elotepec en torno a las estufas ahorradoras son muy valiosos y pueden ser de gran ayuda para otros proyectos. Sería muy interesante elaborar videos cortos donde ellas expliquen el funcionamiento de las estufas, qué se debe considerar para construirlas y cuáles son los errores que suelen cometerse al construir estas ecotecnias. 
",De 60% a 100%,Sí,"El subproyecto fomenta la participación de mujeres y hombres en todas las actividades. El subproyecto está acompañando el proceso organizativo de un grupo de mujeres en la comunidad de Elotepec, quienes comenzaron reuniéndose en torno a las estufas ahorradoras de leña y posteriormente comenzaron a compartir saberes sobre plantas medicinales y elaborar productos con las plantas de sus cafetales y traspatios. ","En lo posible, conversar con los docentes de la escuela de Tenejapa sobre enfoque de género, para ayudar a que las niñas y niños se relacionen con respeto en torno a las actividades del huerto. 
Continuar el acompañamiento a los grupos de reforestadores comunitarios y el grupo de Chicalaba desde el enfoque de género. 
Continuar el acompañamiento con el grupo de mujeres de Elotepec. 
",Sí,Mujeres y hombres reciben beneficios del subproyecto de acuerdo con sus intereses. ,,Sí,Seguir fomentando la creación de entornos respetuosos para mujeres y hombres en torno a las actividades del subproyecto. ,,No,No se han identificado casos de violencia de género. ,,Sí,Las mujeres han recibido información sobre el MAQyC. ,Continuar la difusión del MAQyC con las mujeres que participan en el subproyecto. ,Sí,"El subproyecto implementa sistemas de captación de agua de lluvia, estufas ahorradoras y baños secos, así como obras de conservación del suelo. ",Seguir documentando y compartiendo la experiencia con las ecotecnias y con las obras de conservación del suelo. ,Sí,El subproyecto realiza acciones de reforestación y obras de conservación del suelo.  La parcela con terrazas establecidas por el subproyecto mostró concentraciones de carbono orgánico en suelo significativamente mayores respecto a una parcela convencional de referencia que no participa en el subproyecto. ,"Dar seguimiento a las obras de conservación del suelo y acciones de reforestación para cuidar el desarrollo de las plantas. 
Es importante documentar la historia de cómo se lograron establecer las parcelas de reforestación y las obras de conservación del suelo, quiénes participaron, qué condiciones lo hicieron posible. Compartir con los grupos de reforestadores los resultados del muestreo de carbono en suelos. 
",Sí,"Se realizó un análisis de capacidades y vulnerabilidad climática, se brinda información sobre cambio climático, en el cual se identificaron opciones de adaptación que fueron incorporadas a la Fase III del subproyecto. ",Continuar con las acciones identificadas en el ACVC. ,Sí,El subproyecto implementa acciones de restauración y conservación de ecosistemas. ,"Continuar el acompañamiento técnico para las acciones de restauración y conservación en Coxolo, San Diego y parque Chicalaba.  "
1,04/05/2025 10:49,04/05/2025 11:15,,anonymous,,,RÍOS,Desarrollo e Implementación del programa de Unidades de Producción Agroforestal (PROSAF) del Paisaje Biocultural de Sierra Occidental de Jalisco PBSOJ,AMS2207008,Mauricio Ortega Flores,,,29/11/2023,Campo,Sí,,,Sí,Se ha otorgado capacitación y equipo de protección.,Asegurar que se cuente con parcelas suficientes para el establecimiento de la planta producida.,Sí,Se han realiado talleres con productores para buscar consentimiento.,Continuar con el diálogo y la capacitación.,Sí,La trayectoria de la OLLC desde 2011 es un soporte para la implementación.,,Sí,,,Sí,,,Sí,,,No,,,No,,,Sí,"Cuentan con ropa, calzado y botiquín para la implementación de actividades.",Reforzar conocimiento sobre el resguardo de bioinsumos elaborados.,Sí,El personal de la OLLC conoce las técnicas de elaboración de bioinsumos.,,Sí,Se difunde durante los talleres de divulgación.,,Sí,Se utilizarán bioinsumos y composta para el manejo del vivero.,Hacer un uso adecuado de los bioinsumos para el vivero.,No,,"Realizar un Plan de Gestion de Residuos para el vivero de la UMA, las parcelas PROSAF y BIOHORTA.",No,,Se sugerirá a la OLLC hacer uno.,Sí,El personal de la OLLC tiene los conocimientos para la realización de actividades del manejo del vivero y de la UMA.,Realizar Plan de Gestión de Residuos y Plan de Manejo de Plagas y Vectores.,N/A,Las actividades del subproyecto no involucran exposición de algún tipo a enfermedades transmisibles.,,N/A,Las actividades del subproyecto no involucran el uso de materiales peligrosos,,,,El predio donde se encuentra la UMA tiene manejo forestal y se realizan actividades de prevención de incendios como brechas cortafuego y remoción de combustible (hojarasca),No,Desarrollar un Plan de Respuesta de Emergencias.,,Sí,En el mes de julio PBSOJ-ENDESU entregó un reporte de incidentes a FONNOR en donde se solicitaba la suspensión de las entrevistas de vulnerabilidad en la comunidad de Santiago de Pinos por cuestiones de inseguridad.,,,,,No,,,No,Se realizó el plan de manejo de la UMA y actualmente el trámite se encuentra en proceso de validación.,Presentar el trámite de la UMA ante SEMARNAT,Sí,La OLLC está implementando monitoreo BIOCOMUNI y agua.,,Sí,"El establecimiento de la UMA permitirá la conservación y reproducción de especies de plantas nativas tales como magnolia, carpinus y ostrya carpinifolia.",,N/A,N/A,,,N/A,,,N/A,,,N/A,,,N/A,,,No,N/A,,,Sí,"Desde sus inicios y gracias al modelo de gobernanza de PBSOJ los grupos de productores, a través de once mesas de trabajo (lácteos, ganadería, café, dulces, agricultura, silvicultura, raicilla, productos maderables y turismo), han estado involucrados con la OLLC , conocen los objetivos del subproyecto y se involucran en la toma de decisiones del Paisaje Biocultural.",Continuar y fortalecer la comunicación con los grupos de productores.,Sí,"La OLLC tiene reuniones periódicas con las mesas de trabajo para comunicar actividades. De igual forma, el pasado 1 y 2 de diciembre ENDESU realizó el 2° Festival del Paisaje Biocultural en Mascota, Jalisco. En el marco de este evento, difundieron las actividades del subproyecto con las y los asistentes.",Continuar con las labores de socialización de las actividades del subproyecto.,Sí,"En el marco del subproyecto ENDESU ha realizado diferentes talleres con partes interesadas tales como ayuntamientos municipales de San Sebastián y Mascota, comité científico, grupos de productoras y productores, personas interesadas,preparatorias, entre otros.",,Sí,,,Sí,,,,,,,Sí,"En general, la OLLC constantemente busca involucrar la participación activa de mujeres.",,Sí,"En general, la OLLC constantemente busca involucrar la participación activa de mujeres.",,Sí,"La información sobre las instancias que otorgan apoyo en temas de violencia de género, diseñado en el marco del Diagnóstico de Género de RÍOS y CONECTA, fueron compartidos con la OLLC.",,Sí,La OLLC cuenta con la información pertinente de las instancias responsables de atender casos de violencia de género en Jalisco.,"Cuando sea pertinente, dar a conocer el directorio de instancias responsables para atender los casos de violencia de género.",Sí,,Continuar con la difusión del MAQyC y el FONNOR Te Escucha con las personas involucradas en el desarrollo del subproyecto.,Sí,El modelo ProSAF fortalece la soberanía alimentaria de personas productoras ante los efectos del cambio climático.,,Sí,"Actividades de restauración, conservación y los modelos agroforestales para la prevención del crecimiento de la frontera agrícola. Así también implementación de actividades para el manejo de fuego/prevención de incendios.",,Sí,"De igual forma, talleres y charlas previas han permitido que las personas productoras estén familiarizadas con el concepto de cambio climático.",Continuar con los talleres para fortalecer este tema,Sí,,
2,04/05/2025 11:28,04/05/2025 11:40,,anonymous,,,RÍOS,Restauración Forestal y riparia del Río Huichichila para un paisaje con capacidad de adaptación al cambio climático,AMS2207010,Mauricio Ortega Flores,,,1/6/2023,Campo,Sí,,,Sí,"La OLLC realiza reuniones frecuentes con las personas beneficiarias y se han comunicado y resuelto riesgos ambientales y sociales como el aumento en la carga de trabajo de mujeres, desechos generados por el vivero, entre otras.",,Sí,"La OLLC ha hecho un buen manejo de los residuos generados por la construcción del vivero, tales como composta y el grupo de mujeres está enterada de la posible carga de trabajo del vivero y este trabajo es remunerado.",,Sí,,,Sí,No se identifican riesgos e impactos que no hayan incluido en el Anexo 5,,Sí,,,,No contamos con la información.,,No,,,N/A,,,Sí,Se construyó un baño a lado del vivero a petición de las mujeres que colaboran en el subproyecto.,,No,,,No tenemos información,,Recomendar a las OLLC incluirlo en cada taller.,Sí,"En el vivero hay mangueras eficientes, el agua del baño está conectada a un ducto de aguas residuales oficial, el número de planta producida es el necesario para llevar a cabo las actividades de restauración.",,Sí,Tienen composta en el vivero.,Examinar otras posibles fuentes de residuos en el marco de las actividades del proyecto (p.ej. bolsas plástico del vivero),Sí,Insumos de control biológico para plagas en el vivero,,Sí,Acompañamiento técnico adecuado,,N/A,,,N/A,,,N/A,,,No,Participar en el taller sobre Gestión Integral de Riesgos,,N/A,,,N/A,,,No,,,No,,Hacer el aviso a la SEMARNAT y enviar la copia respecto a la colecta de semillas para el vivero,Sí,BIOCOMUNI,,Sí,Utilizan especies nativas de árboles Limpieza del río con biorremediación  Talleres de la importancia de la biodiversidad.,,N/A,N/A,,,N/A,,,N/A,,,N/A,,,N/A,,,N/A,N/A,,,Sí,"La OLLC es proactiva en presentar los avances del subproyecto a las organizaciones. El día de la visita, martes 30 de mayo los representantes de la OLLC mostraron los avances a las personas beneficiarias.",,Sí,"La OLLC ha colocado materiales de difusión en espacios comunitarios, escuelas, ha tenido un acercamiento con el centro rehabilitación. Además, han diseñado y colocado carteles con avances del subproyecto. Diseñaron un juego dirigido a personas ganaderas y tienen varias publicaciones sobre el subproyecto en la página del ITESO como el que está disponible en esta ruta  https://iteso.mx/web/general/detalle?group_id=36709729",,Sí,La OLLC contactó al Delegado Municipal de San Juan de Abajo y ahora se encuentra directamente involucrado en el subproyecto. De igual forma la OLLC ha establecido relación con escuelas tanto de nivel primaria como universitario para involucrar a los jóvenes en la limpieza del río y el trabajo en el vivero respectivamente.,,Sí,"Los actores sociales mencionados están involucrados activamente en la planeación, diseño y ejecución de las actividades.",,No,,Lo tienen contemplado para la fase 2.,Sí,,,,Sí,Tienen un grupo de mujeres activo en distintas actividades del subproyecto. Son ellas quienes operan el vivero y hacen la colecta de semillas.,,Sí,Tanto dentro de la OLLC como con las personas beneficiarias,,Sí,,,No,,,Sí,,,Sí,,,Sí,,,Sí,,,Sí,,
3,04/05/2025 11:47,04/05/2025 11:58,,anonymous,,,RÍOS,"Conservación de Acer binzayedii y otras especies amenazadas en el Parque Estatal Bosque de Arce, ubicado en la cuenca Ameca-Mascota, Jalisco.",AMS2207031,Mauricio Ortega Flores,,,8/9/2023,Campo,Sí,Se destinó presupuesto para alimentación de participantes del taller y sus hijos para evitar asignar más tareas a las mujeres.,,Sí,"Se ha socializado con empresas turísticas que trabajan en la ANP los riesgos, impactos y medidas de mitigación asociados a la introducción de especies invasoras, daño a la flora y fauna y compactación de suelo.","Socializar riesgos, impactos y medidas de mitigación con los habitantes del Ejido de Toledo, quienes están involucrados con el vivero.",Sí,Se han realizado talleres con diferentes actores sociales como empresas turísticas o las mujeres del Ejido de Toledo para fortalecer el componente social del subproyecto.,,Sí,,,Sí,,,Sí,,,Sí,Los brigadistas que trabajan haciendo obras de conservación en la ANP reciben igual remuneración. Los trabajos de la encargada del vivero forestal también son remunerados.,,No,,,N/A,,,Sí,Para la colecta de semillas en la copa de los árboles se utiliza el equipo adecuado para escalar los árboles.,Asegurar que se implementen las medidas de seguridad adecuadas con los brigadistas al momento de realizar actividades de restauración de suelos.,No,,Fortalecer y difundir con las personas involucradas. Particularmente con los brigadistas.,No,,"Difundir con las personas brigadistas, con el municipio, las empresas turísticas y los y las habitantes del ejido Toledo.",Sí,"Se utilizan árboles caídos y madera muerta para realizar los pasamanos del sendero, tablas de retención de suelos y presas de madera. El agua que utilizan en el vivero proviene de una fuente de agua superficial (arroyo) que se encuentra cercano a éste. Se trae a través de gravedad y presión. El vivero cuenta con recipientes reutilizables para la reproducción de semilla lo que evita la generación de residuos de plástico.","Cerciorarse de que el agua que se utilice para regar las plántulas del vivero no comprometa la disponibilidad de agua del arroyo, particularmente durante la temporada de secas.",No,No cuentan con un plan de gestión de residuos. Sin embargo el proyecto tiene buenas prácticas como la reutilización de recipientes para la reproducción de semillas y otras para evitar residuos.,Se recomendará la elaboración de uno especialmente para los residuos generados por el vivero.,Sí,La asistente técnica del subproyecto recomendó el uso de bioplaguicidas que no comprometen la salud de las plantas ni de los usuarios del vivero. También la responsable del vivero participó en el taller de bioinsumos impartido por FONNOR.,Aplicar los conocimientos adquiridos durante el taller de bioinsumos llevado a cabo el 20 y 21 de septiembre en Mascota que sean funcionales para el vivero.,Sí,La asistente técnica que está trabajando en el manejo del vivero cuenta con experiencia suficiente.,,N/A,,,N/A,,,Sí,,"Como parte de sus actividades, el subproyecto contempla la caracterización del combustible como medida para evitar o minimizar el fuego.",No,Desarrollar un Plan de Respuesta de Emergencias. Recordar lo que abordamos en el taller el 06 y 07 de julio en Gestión Integral de Riesgos: sencillo e implementado es mejor que complejo y sin implementar.,,N/A,"Conforme acordamos en el Taller de Gestión Integral de Riesgos, llevado a cabo el 06 y 07 de julio, por favor notificar a FONNOR enviando a más tardar 48 horas después del incidente a través de info@fonnor.org.",,No,,El subproyecto se realiza en una ANP orden estatal. El vivero fue instalado en el predio de uno de los miembros del ejido de Toledo en Talpa de Allende.,No,,,No,El permiso para la reproducción de la semilla de Acer binzayedii ante SEMARNAT está pendiente.,Contar con el permiso de SEMARNAT cuanto antes para la reproducción del Acer binzayedii en el vivero.,Sí,"Se implementa el método de fauna con BIOCOMUNI fauna y se realiza monitoreo de agua. Además, se realiza monitoreo de vegetación siguiendo una metodología propia de la OLLC.",,Sí,Dentro de sus actividades se realiza la restauración de suelos y de vegetación que promueven la conservación de la biodiversidad.,,N/A,N/A,,,N/A,,,N/A,,,N/A,,,N/A,,,N/A,N/A,,,Sí,,,No,"El responsable técnico del subproyecto tiene reuniones periódicas con actores relevantes para el proyecto tales como el municipio, los prestadores de servicios turísticos, la JISOC y las personas brigadistas.",Programar reuniones periódicas con las partes interesadas del subproyecto.,Sí,"Realización de talleres con partes interesadas tales como empresas turísticas,brigadistas, mujeres del Ejido de Toledo, el municipio, entre otros.",Se recomienda continuar con los espacios de participación.,Sí,,Incluir a las partes interesadas en el diseño de actividades en el marco del subproyecto.,Sí,,,Sí,,,,Sí,Se realizó un taller dirigido a mujeres del Ejido de Toledo para socializar subproyecto y escuchar inquietudes.,Dar continuidad a las actividades para el involucramiento de mujeres. Involucrar a más mujeres en el funcionamiento del vivero comuntiario.,Sí,Por ahora las actividades en campo las realizan los hombres y en vivero las mujeres.,Se espera que más mujeres se involucren en campo cuando se tenga planta para restaurar la ANP.,Sí,,,No,La OLLC cuenta con la información pertinente de las instancias responsables de atender casos de violencia de género en Jalisco.,Dar a conocer el directorio de instancias responsables para atender los casos de violencia de género cuando sea pertinente.,No,,Difundir el MAQyC y el FONNOR Te Escucha con las personas involucradas en el desarrollo del subproyecto.,Sí,"Las actividades de restauración de suelos y del bosque, así como la conservación del mismo promueven la adaptación al cambio climático.",,Sí,"Las actividades de restauración de suelos y del bosque, así como la conservación del mismo promueven la mitigación al cambio climático",,Sí,En el marco del subproyecto se implementaron las encuestas de vulnerabilidad.,Dar seguimiento a los resultados de las encuestas de vulnerabilidad. Participar en el taller sobre vulnerabilidad que se llevará a cabo en enero.,Sí,Las acciones de conservación y restauración en el bosque.,
4,04/05/2025 12:06,04/05/2025 12:21,,anonymous,,,RÍOS,"Restauración de la ribera norte de la Laguna Grande de Mandinga, en áreas del Ejido Herón Proal para su adaptación a las condiciones actuales del cambio climático.",AMS2207046,Eva Cano González,,,25/10/2023,Campo,Sí,Durante fase I se destinó recurso para cuidados infantiles y alimentos durante capacitaciones.,Registrar los gastos invertidos en la gestión ambiental y social del subproyecto.,,No está claro si esto ha sucedido.,Fomentar la socialización del diagnóstico de riesgos ambientales y sociales elaborado por el subproyecto.,Sí,Durante fase I se brindaron alimentos y cuidados infantiles durante talleres para facilitar la participación de mujeres.,,No,"Fortalecer las capacidades técnicas del equipo sobre el manejo de vida silvestre, las actividades de conservación en torno a los manglares y su relación con la legislación ambiental.  Fortalecer las capacitadas en enfoque de género para el equipo técnico y administrativo, incluyendo a consultores que participan con la OLLC.",,No,,Fortalecer los acuerdos con las comunidades para favorecer la continuidad de las acciones. Respaldar las acciones con cartas compromiso de las personas o grupos beneficiarios.  Considerar los riesgos de propagar involuntariamente plagas del mangle.,Sí,Se cuenta con personal contratado con seguro y prestaciones conforme a la ley.,,No,,"Es importante analizar quiénes están recibiendo remuneración por las actividades en torno al proyecto, valorar si la remuneración es proporcional al trabajo que realizan y tomar medidas para evitar desigualdad entre los salarios de hombres respecto a salarios de mujeres en el proyecto.",No,,,No,,,N/A,No se cuenta con información.,"Fomentar un ambiente respetuoso y libre de todo tipo de violencia. Fomentar y concientizar sobre el uso de equipo de seguridad acorde y durante las actividades que lo requieran, en particular en las actividades de campo.",No,,Fortalecer las capacidades del equipo y abordar medidas de seguridad para el trabajo en campo durante los talleres con las comunidades.,No,,Incluir la difusión del mecanismo de atención a quejas y consultas dentro de los talleres y reuniones que se realizan.,Sí,Están por establecerse ecotecnias para la gestión de recursos hídricos.,"Desarrollar capacidades para conocimiento, implementación y uso de las ecotecnias.",Sí,Se comenzó con un plan de manejo de residuos.,Revisar y actualizar el plan de manejo de residuos y verificar que se lleve a cabo.,No,,Verificar que se cuente con medidas adecuadas para prevenir la propagación de plagas del manglar durante cualquier actividad que se realice.,Sí,Está en proceso de desarrollo.,Se requiere mantener una capacitación constante para la OLLC y las comunidades en gestión de residuos y manejo de plagas.,Sí,Se utiliza equipo de protección durante el monitoreo de calidad del agua.,"Fomentar el conocimiento de medidas de seguridad para prevenir los riesgos de entrar en el manglar, ya sea por accidentes o por la exposición a enfermedades como el dengue.",N/A,,,Sí,Enriquecer el protocolo de acción ante incendios detallando las medidas de seguridad y equipo de protección que debe usar la brigada contra incendios en caso de tener que participar en el manejo y control del fuego.,Se ha brindado una capacitación en prevención y combate de incendios forestales.,No,Difundir medidas de prevención de accidentes en campo para la OLLC y para las personas de la comunidad.,,N/A,,,N/A,,,N/A,,,No,"Está en proceso el registro de una UMA, sin embargo, el subproyecto no realizará actividades extractivas o de aprovechamiento de especies silvestres.",Dar seguimiento a la gestión para obtener la autorización y registro de la UMA para la conservación del Manglar. Gestionar y dar seguimiento al   trámite de aviso para colecta de germoplasma forestal para las actividades de reproducción y reforestación de árboles nativos.,Sí,Se realiza monitoreo de agua y posteriormente se comenzará con monitoreo de aves.,,Sí,,Se establecieron cercos vivos para evitar la entrada de ganado que daña el manglar.,N/A,N/A,,,N/A,,,N/A,,,N/A,,,N/A,,,N/A,N/A,,,Sí,Las personas líderes de las comunidades conocen sobre el proyecto.,"Brindar más claridad a las personas sobre el subproyecto, las actividades y metas definidas, objetivos, límites y alcances.",No,No se cuenta con información clara al respecto.,"Se recomienda aprovechar plataformas (como la asamblea ejidal) para difundir información del proyecto y motivar a la participación social. En caso de que se esté realizando, se requiere informar con claridad qué actividades de difusión de están realizando fuera de la comunidad.",Sí,Se incluyen autoridades locales.,"Se sugiere fomentar que los espacios de participación sean efectivos y que se promueva una comunicación no violenta, fomentando que todas las voces sean escuchadas y respetadas.",Sí,Se mencionan algunas vinculaciones con otras organizaciones para intercambiar conocimientos.,"En caso de que se esté realizando, favor de reportar sobre las vinculaciones o intercambios de conocimientos con otras organizaciones en torno al proyecto.",Sí,,,Sí,Se reconoce la participación de mujeres en las actividades.,"Se recomienda impulsar el fortalecimiento de capacidades del equipo en género y verificar el seguimiento a las acciones afirmativas para atender las necesidades de las mujeres, como la instalación de ecotecnias.",De 60% a 100%,Sí,Se brindan alimentos durante las actividades.,Verificar que los horarios sean accesibles para la participación de mujeres y hombres.,,,Se requiere respaldar con datos que los beneficios se están distribuyendo de forma equitativa.,No,,Verificar que se promueva un ambiente libre de violencia de género.,No,,,No,,Difundir el mecanismo de atención a quejas y consultas durante las actividades del subproyecto.,No,Están por implementarse sistemas de captación de agua de lluvia. Se promueve la conservación del manglar como defensa ante inundaciones y huracanes.,,No,,,Sí,Se participa en el monitoreo de la vulnerabilidad social al cambio climática.,,No,,
5,04/05/2025 12:23,04/05/2025 12:32,,anonymous,,,RÍOS,Restauración ecológica de la parte alta de la Cuenca del Río Jamapa,AMS2207034,Eva Cano González,,,25/10/2023,Campo,Sí,Se está destinando presupuesto para brindar alimentos durante las actividades y para adquirir materiales de seguridad.,,Sí,,Fomentar socialización del diagnóstico de riesgos ambientales y sociales elaborado por el subproyecto.,Sí,Se implementaron viveros Obras de conservación de suelo y reforestación con especies nativas,,No,,"Se recomienda fortalecer la capacitación técnica del equipo y las personas beneficiarias para la reforestación, manejo de especies nativas, recolección de germoplasma y mantenimiento de reforestaciones.",No,,"Fortalecer los acuerdos con las comunidades para favorecer la continuidad de las acciones, preveer y gestionar los sitios que serán reforestados con la planta que se está reproduciendo.  Respaldar las acciones con cartas compromiso de las personas o grupos beneficiarios.",Sí,Se cuenta con personal contratado con seguro y prestaciones.,,Sí,,,No,,,No,,,Sí,,Proporcionar equipo de protección y/o seguridad acorde a las actividades realizadas en el marco del subproyecto,No,,Se recomienda fortalecer la capacitación del equipo y abordar medidas de seguridad para el trabajo en campo durante los talleres con las comunidades.,No,,Se recomienda incluir la difusión del mecanismo de atención a quejas y consultas dentro de los talleres y reuniones que se realizan.,Sí,Se estableció un sistema de captación de agua de lluvia y están por instalarse composteras.,Prepararse con capacitación para la instalación de las ecotecnias.,No,,"Se recomienda difundir y aplicar medidas para la gestión adecuada de residuos sólidos, en particular aquellos que se generan en las actividades de producción de planta y reforestación.",No,,Se sugiere tomar en cuenta la capacitación para la prevención de plagas y enfermedades que pudieran afectar los árboles que se están estableciendo.,Sí,Está en proceso de desarrollo.,Se sugiere fortalecer las capacidades de la OLLC y las comunidades en gestión de residuos y manejo de plagas.,Sí,Se utiliza equipo de protección durante el monitoreo de calidad del agua.,Fomentar la concientización de las personas sobre los riesgos de exponerse a cuerpos de agua contaminados.,N/A,,,N/A,,,No,"Difundir medidas de prevención de accidentes en campo, definir un plan de atención de emergencias.  Evitar riesgos a la seguridad de estudiantes de las escuelas participantes.",,N/A,,,N/A,,,N/A,,,No,,Verificar el avance en el trámite del aviso de SEMARNAT para la colecta y reproducción de material genético forestal con fines de conservación y/o reforestación. (Art 82 del Reglamento de la Ley General de Desarrollo Forestal Sustentable).,Sí,"Monitoreo de biodiversidad, salud del suelo y agua.",,Sí,Se establecen especies nativas en las reforestaciones.,Fortalecer el conocimiento de las especies nativas y su conservación.,N/A,N/A,,,N/A,,,N/A,,,N/A,,,N/A,,,N/A,N/A,,,Sí,Las personas líderes de las comunidades conocen las actividades y objetivos del subproyecto.,"Se recomienda fortalecer la participación de los grupos y brindarles información sobre el proyecto, objetivos y posibles alcances.",No,,Se recomienda aprovechar plataformas para difundir información del proyecto y motivar a la participación social.,Sí,Se incluyen autoridades locales y grupos comunitarios.,Fortalecer el enfoque de participación social.,Sí,,"Se recomienda fortalecer vinculaciones sociales entre grupos, comunidades y organizaciones para intercambiar conocimientos y experiencias.",Sí,,,Sí,Se reconoce la participación de mujeres en las actividades.,"Se recomienda impulsar el fortalecimiento de capacidades del equipo en género y verificar el seguimiento a las acciones afirmativas para atender las necesidades de las mujeres, como la instalación de ecotecnias.",De 30% a 59%,Sí,Se bridan alimentos durante las actividades.,Verificar que los horarios sean accesibles para la participación de mujeres y hombres.,Sí,,,No,,Verificar que se promueva un ambiente libre de violencia de género.,No,,,No,,Difundir el mecanismo de atención a quejas y consultas durante las actividades del subproyecto.,Sí,"Se comienza el establecimiento de sistemas de captación de agua de lluvia, se utiliza hidrogel durante las reforestaciones, se establecen curvas de nivel para prevenir la pérdida de suelo por escorrentía.",,Sí,Se han iniciado las actividades de reforestación.,,Sí,Se participa en el monitoreo de la vulnerabilidad social al cambio climática.,,Sí,Se está reforestando en curvas de nivel para reducir la erosión del suelo por lluvias torrenciales.,
6,04/05/2025 12:38,04/05/2025 12:48,,anonymous,,,RÍOS,Desarrollo e Implementación del programa de Unidades de Producción Agroforestal (PROSAF) del Paisaje Biocultural de Sierra Occidental de Jalisco PBSOJ,AMS2207008,Mauricio Ortega Flores,,,24/7/2024,Campo,Sí,Se destinó presupuesto para la compra de material de seguridad para el manejo de químicos en la elaboración de bioinsumos. También se compraron tubetes para el crecimiento de plántulas en el vivero.,,Sí,"De acuerdo al Anexo 5, las actividades del modelo ProSAF han sido divulgadas con ejidos y comunidades donde se pretende implementar las parcelas agroforestales.","Continuar comunicándolo con las comunidades, sobre todo cuando imparten talleres de bioinsumos.",Sí,"Desde el comienzo de las actividades, la OLLC ha sido muy consciente de los posibles efectos socioambientales que nuevos modelos agroforestales podrían traer a la región. Se utiliza equipo de seguridad en los talleres de bionsumos y también se utilizan desecantes y polvo seco de epazote para prevenir humedad en el banco de germoplasma.",,Sí,"La trayectoria de PBSOJ-ENDESU en el territorio, desde 2011 y su modelo de gobernanza con grupos de productores es un gran soporte para la implementación de medidas de mitigación que establecen en su Anexo 05. De igual manera, los talleres de producción de bioinsumos los imparte personal con amplia experiencia en ello.",,Sí,Hasta ahora han destinado presupuesto para reducir riesgos y las medidas son adecuadas.,,Sí,ENDESU ha leído el Manual de Operaciones y lo tiene presente en el desarrollo de su subproyecto.,,Sí,,,No,,,N/A,,,Sí,"Utilizan ropa y calzado adecuado para la implementación de actividades. Cuentan con botiquín de primeros auxilios para el monitoreo comunitario. El Manual de Elaboración de Bioinsumos enlista el material de seguridad requerido (si aplica) para cada preparación. En este sentido, utilizan guantes y bioinsumos para la elaboración de bioinsumos.",,Sí,"El personal de la OLLC conoce las técnicas de elaboración de bioinsumos y el equipo necesario para prevenir algún incidente relacionado a esto. De igual manera, en cada taller se les menciona a los participantes sobre las medidas de seguridad y prevención de riesgos.",,Sí,"Se difunde durante los talleres de divulgación, pero no lo suficiente de acuerdo a lo que nos comentaron.",Asegurarse que en cada evento sea difundido.,Sí,"Se utilizan bioinsumos y composta para el manejo del vivero. De igual manera, los tubetes que compraron son reutilizables. El agua se obtiene de un pozo. Para el banco de germoplasma se están utilizando frascos de cristal reutilizables.",,No,,Realizar un Plan de Gestión de Residuos para el vivero.,Sí,ENDESU cuenta con uno derivado del conocimiento que tienen de la elaboración de bioinsumos.,,Sí,El personal técnico de ENDESU tiene los conocimientos necesarios para realizar las actividades relacionadas con el manejo del vivero y la UMA.,Realizar Plan de Gestión de Residuos.,N/A,Las actividades del subproyecto no involucran exposición de algún tipo a enfermedades transmisibles.,,Sí,Los residuos sólidos de manejo especial los disponen en un contenedor que el servicio de recolección de JISOC realiza periódicamente.,,Sí,,El predio donde se pretende implementar la UMA tiene manejo forestal y se realizan actividades de prevención de incendios como brechas cortafuego y remoción de combustible (hojarasca).,Sí,,"Cuentan con un protocolo de seguridad que consiste en notificar a terceros cuando salen a campo, vestir uniformes de la organización, utilizar radios y botiquín de emergencia.",N/A,,,N/A,,,N/A,,,No,Se realizó el plan de manejo de la UMA y actualmente el trámite se encuentra en proceso de validación. Cuentan con un permiso de colecta de anfibios y reptiles.,Presentar el trámite de la UMA ante SEMARNAT.,Sí,La OLLC está implementando monitoreo BIOCOMUNI y agua.,,Sí,"El establecimiento de la UMA permitirá la conservación y reproducción de especies de plantas nativas tales como magnolia, carpinus y ostrya carpinifolia.",,N/A,N/A,,,N/A,,,N/A,,,N/A,,,N/A,,,N/A,N/A,,,Sí,"Desde sus inicios y gracias al modelo de gobernanza de PBSOJ los grupos de productores, a través de once mesas de trabajo (lácteos, ganadería, café, dulces, agricultura, silvicultura, raicilla, productos maderables y turismo), han estado involucrados con la OLLC , conocen los objetivos del subproyecto y se involucran en la toma de decisiones del Paisaje Biocultural.",Continuar y fortalecer la comunicación con los grupos de productores.,Sí,"La OLLC tiene reuniones periódicas con las mesas de trabajo para comunicar actividades. De igual manera han realizado eventos como los Encuentros Campesinos, en los cuales productores se reúnen para compartir experiencias. El Festival de Semillas es otro evento que ha permitido un mayor alcance en el territorio, así como la presentación del subproyecto en el Congreso de Etnobiología 2024.",Continuar con las labores de socialización de las actividades del subproyecto.,Sí,"En el marco del subproyecto ENDESU ha realizado diferentes talleres con partes interesadas tales como ayuntamientos municipales de San Sebastián y Mascota, comité científico, grupos de productoras y productores, personas interesadas,preparatorias, entre otros.",,Sí,,,Sí,,,Sí,,,,Sí,"La OLLC trabaja activamente con un grupo de mujeres productoras de maíz en la localidad de Santiago de Pinos. Los recorridos etnobotánicos que realizaron fueron compuestos en su mayoría por mujeres. En general, la OLLC constantemente busca involucrar la participación activa de mujeres.",,Sí,"La OLLC trabaja activamente con un grupo de mujeres productoras de maíz en la localidad de Santiago de Pinos. Los recorridos etnobotánicos que realizaron fueron compuestos en su mayoría por mujeres. En general, la OLLC constantemente busca involucrar la participación activa de mujeres.",,Sí,"La información sobre las instancias que otorgan apoyo en temas de violencia de género, diseñado en el marco del Diagnóstico de Género de RÍOS y CONECTA, fueron compartidos con la OLLC.",,Sí,La OLLC cuenta con la información pertinente de las instancias responsables de atender casos de violencia de género en Jalisco.,"Cuando sea pertinente, dar a conocer el directorio de instancias responsables para atender los casos de violencia de género",Sí,,Continuar con la difusión del MAQyC y el FONNOR Te Escucha con las personas involucradas en el desarrollo del subproyecto.,Sí,El modelo ProSAF fortalece la soberanía alimentaria de personas productoras ante los efectos del cambio climático.,,Sí,"Actividades de restauración, conservación y los modelos agroforestales para la prevención del crecimiento de la frontera agrícola. Así también implementación de actividades para el manejo de fuego/prevención de incendios.",,Sí,"El modelo del PBSOJ fortalece la gobernanza del territorio y la cohesión social de los diferentes grupos de productores de la región. En el marco del subproyecto, los talleres participativos y los recorridos etnobotánicos permiten que las personas productoras escojan las plantas que mejor se adaptan a sus necesidades, reduciendo así la vulnerabilidad social ante el cambio climático. De igual forma, talleres y charlas previas han permitido que las personas productoras estén familiarizadas con el concepto de cambio climático.",Continuar con los talleres para fortalecer este tema.,Sí,,
7,04/05/2025 13:02,04/05/2025 13:11,,anonymous,,,RÍOS,Restauración forestal y riparia del Río Huichichila para un paisaje con capacidad de adaptación al cambio climático,AMS2207010,Mauricio Ortega Flores,,,29/11/2024,Campo,Sí,Se compraron materiales para la elaboración de bioinsumos y de esta forma sustituir agroquímicos. De igual forma se imprimieron lonas con el nombre del vivero y se colocó en la entrada.,Continuar con las buenas prácticas,Sí,Se han comunicado con las mujeres viveristas de Las Mapas y los productores con quienes realizan las plantaciones.,,Sí,"Se construyó un nuevo vivero ya que el que se había hecho originalmente había sido desgastado por huracanes y vientos fuertes. De igual manera, se consensúa con las personas interesadas en plantar árboles en sus parcelas sobre las mejores especies de árboles según sus necesidades.",Se recomienda monitorear el nuevo vivero por si surge algún daño en el futuro.,Sí,Paisajes Manejo Integral ha demostrado atender los posibles riesgos derivados de sus actividades.,,Sí,,,Sí,El equipo de Paisajes Manejo Integral conoce el Manual de Operaciones y lo tiene presente en el desarrollo de su subproyecto.,,Sí,Se confirmó en campo. Tanto personal técnico como administrativo reciben igual remuneración por su trabajo.,,No,,,N/A,,,Sí,Dentro del vivero hay impresa una lona con normas de conducta y convivencia que propicien la seguridad dentro del vivero.,,Sí,Las viveristas reciben capacitación constante por parte de personal técnico de Regeneractivo.,,Sí,,"No todas lo conocen, se recomendó que fueran más enfáticos con ello.",Sí,Se hace composta en el vivero con los residuos.,,Sí,La OLLC hace un manejo adecuado de los residuos dentro del vivero.,Se recomendó hacer una correcta disposición de las bolsas que contienen los árboles una vez que los hayan trasplantado en los sitios de restauración.,Sí,"Paisajes Manejo Integral ha llevado a cabo talleres de elaboración de bioinsumos, entre ellos bioplaguicidas.",,Sí,Los técnicos de la OLLC tienen experiencia previa.,,N/A,,,N/A,,,N/A,,,Sí,,,N/A,,,No,,,No,,,No,Se hizo la recomendación a la OLLC. Están en proceso de hacer el trámite.,,Sí,"PMI implementa BIOCOMUNI (fauna) y monitoreo propio de anfibios, reptiles y vegetación.",,Sí,Se llevan a cabo plantaciones forestales de vegetación riparia y conservación de un humedal artificial.,,N/A,N/A,,,N/A,,,N/A,,,N/A,,,N/A,,,No,N/A,,,Sí,,,Sí,Hay una página en FaceBook llamada “San Juan Sustentable” donde comparten avances de los subproyectos RIOS y CONECTA.,,Sí,Se realizan talleres de comunicación de avances del subproyecto abiertos a todo público y talleres con las mujeres viveristas para cohesionar el grupo.,,Sí,En el taller POA fase 3 la OLLC invitó a una persona beneficiaria para que apoyara en el diseño del POA.,,Sí,,,Sí,,,,Sí,"Paisajes Manejo Integral está comprometido con la inclusión de mujeres en el subproyecto. Destaca el grupo de mujeres viveristas de Las Amapas, conformado por 7 integrantes.",,Sí,,,Sí,Se han realizado talleres con las mujeres viveristas para hablar sobre cuestiones de género.,,No,,,No,,Se recomendó que se comunique en cada evento,Sí,Se están sembrando árboles frutales dentro del vivero como una opción para el autoconsumo y la soberanía alimentaria.,,Sí,Las plantaciones forestales a lo largo del río.,,Sí,Se realizarán el próximo año los talleres de vulnerabilidad.,,Sí,Plantaciones forestales y talleres de gestión del agua y biodiversidad.,
8,04/05/2025 13:12,04/05/2025 13:22,,anonymous,,,RÍOS,"Conservación de Acer binzayedii y otras especies amenazadas en el Parque Estatal Bosque de Arce, ubicado en la cuenca Ameca-Mascota, Jalisco",AMS2207031,Mauricio Ortega Flores,,,17/9/2024,Campo,Sí,Se asignó presupuesto para la compra de materiales reutilizables en el vivero para evitar la generación de residuos sólidos.,Se felicitó a la OLLC por esta práctica para continuar haciéndola.,Sí,Se realizó un taller con mujeres de la localidad de El Rubí y se compartieron los riesgos e impactos.,,Sí,Se elaboró composta con residuos orgánicos.,,Sí,El personal técnico de Regeneractivo cuenta con experiencia en el manejo de germoplasma y actividades de restauración en campo lo cual ha permitido el correcto desarrollo de las medidas de mitigación del Anexo 05,,Sí,Hasta el momento no han tenido ningún inconveniente y se han implementado adecuadamente dichas medidas.,,Sí,Regeneractivo conoce el Manual de Operaciones y lo tiene presente en el desarrollo de su subproyecto.,,Sí,Se confirmó en campo. Tanto personal técnico como administrativo reciben igual remuneración por su trabajo.,,Sí,,,No,,,Sí,"Utilizan equipo de seguridad para colectar semillas de ciertas especies de árboles. De igual forma, en el vivero, se utilizan botas y guantes al momento de manejar plántulas y materiales.",,Sí,La viveristas recibe capacitación constante por parte de personal técnico de Regeneractivo.,,Sí,,Se hizo énfasis en difundirlo con las y los participantes de cada evento realizado.,Sí,"El uso de agua se hace de manera racionada en horarios donde las plantas mejor aprovechen este recurso y no se evapore. De igual manera, para las acciones de restauración, se ha utilizado madera muerta de forma racionada para la elaboración de obras de retención de suelos y madera acordonada.",,N/A,,,Sí,"Carolina Vásquez, ingeniera agrónoma y co-encargada del vivero cuenta con un plan para el manejo de plagas.",,Sí,"Se capacitó a la encargada del vivero, Isabel Ochoa.",,N/A,,,N/A,,,Sí,,"El subproyecto tiene un componente importante relacionado con el manejo del fuego. Actualmente están midiendo diferentes variables dentro de la ANP para evaluar la vulnerabilidad de ciertas zonas a incendios. De igual manera, han hecho diferentes guardarrayas para impedir el paso del fuego. De igual manera, la OLLC trabaja estrechamente con brigadistas estatales.",Sí,,,N/A,,,No,,,No,,,Sí,Recientemente fue aprobado el permiso de colecta por parte de la SEMARNAT.,,Sí,"Regeneractivo implementa BIOCOMUNI (fauna) y monitoreo propio de anfibios, reptiles y vegetación.",,Sí,"En agosto del 2024, Regeneractivo llevó a cabo actividades de restauración dentro de la ANP, lo cual promueve indirectamente la conservación de la biodiversidad.",,N/A,N/A,,,N/A,,,N/A,,,N/A,,,N/A,,,No,N/A,,,Sí,Platicamos con mujeres de la localidad y expresaron su conocimiento sobre las actividades del subproyecto.,,No,,Se recomendó a Regeneractivo tener una plataforma propia para esto.,Sí,"Los talleres mencionados fueron un primer espacio para conocer las inquietudes de las habitantes de El Rubí. Dado que no habían tenido mayor incidencia anteriormente en esta localidad, se pretende que en esta fase se desarrollen más espacios de gobernanza.",Se recomendó a Regeneractivo continuar con estas acciones ahora que tiene más incidencia en El Rubí.,Sí,"Las acciones de restauración se han diseñado y realizado junto a la JISOC, brigadistas forestales y con consentimiento de la municipalidad de Talpa de Allende.",,Sí,,,Sí,,,,Sí,"Este trimestre, Regeneractivo ha realizado dos talleres dirigidos a mujeres. El primero fue para la elaboración de composta, específicamente de bocashi y el segundo fue para la producción casera de hortalizas. Durante la visita pudimos hablar con mujeres que participaron en los talleres y demostraron tener un gran interés por las actividades del subproyecto.",,Sí,,,No,,Se invitó a Regeneractivo para que pudieran difundir estos mecanismos en futuros eventos.,No,,,Sí,Regeneractivo lo ha difundido en sus eventos.,,Sí,Las acciones de restauración de suelos y guardarrayas son un claro ejemplo de ello ya que genera resiliencia y una línea de defensa de la ANP ante los incendios exacerbados por el cambio climático.,,Sí,Las actividades de restauración mitigan los efectos del cambio climático dada la captura de carbono por parte de los nuevos árboles plantados.,,No,,Se realizará el taller ACVC el próximo año.,Sí,"Los talleres de elaboración de composta y cultivo de hortalizas promueven la soberanía alimentaria y por consiguiente, la vulnerabilidad al cambio climático.",
9,04/05/2025 13:44,04/05/2025 13:55,,anonymous,,,RÍOS,"Acciones de reordenamiento y prevención del impacto del cambio climático en cafetales del agroecosistema policultivo tradicional de la cuenca del río Jamapa en el municipio de Zentla, Veracruz.",AMS2207025,Eva Cano González,,,11/6/2024,Campo,Sí,Se destinó recurso para adquirir material de protección para el trabajo en la biofábrica.,,Sí,El subproyecto difunde buenas prácticas con las personas beneficiarias.,Fortalecer la difusión de los riesgos identificados y medidas de mitigación y asegurar el seguimiento de los mismos.,Sí,Los técnicos promueven la convivencia respetuosa en las actividades.  El equipo está fortaleciendo sus capacidades sobre enfoque de género.,Fortalecer el seguimiento de las buenas prácticas y medidas de mitigación propuestas.,Sí,El personal ha recibido capacitaciones en salvaguardas por parte del proyecto.,Continuar con el fortalecimiento de capacidades del equipo en enfoque de género y gestión de riesgos en campo.,No,,"Brindar seguimiento a las acciones dirigidas a las mujeres para asegurar que estén recibiendo los beneficios esperados del proyecto, por ejemplo, en el caso de los módulos de producción en traspatio. Asegurar que los módulos de gallinas se mantengan en equilibrio con los cafetales, evitando la erosión y el sobrepastoreo.",No,"La OLLC no realizó el pago de los salarios de marzo, abril y mayo al personal del subproyecto.",La OLLC debe cumplir con sus obligaciones como patrón.,Sí,Las remuneraciones se calcularon conforme a las responsabilidades de cada trabajador,,No,,,No,,,No,"El personal técnico promueve buenas prácticas para manejar los insumos de la biofábrica con seguridad.  La OLLC limita el uso del recurso, afectando la seguridad del personal durante las salidas de campo.","Fortalecer la difusión de medidas de seguridad en el trabajo de mantenimiento a los cafetales.    La OLLC debe permitir el uso de los recursos necesarios para viáticos de campo, mantenimiento de vehículos y condiciones de trabajo adecuadas para el personal.",No,,Se sugiere considerar una asesoría en prevención de riesgos de trabajo.,No,,Fortalecer la difusión del MAQyC a las personas beneficiarias.,Sí,El subproyecto promueve la elaboración de compostas y biofertilizantes a partir de residuos orgánicos como la pulpa de café y gallinaza.,,Sí,El subproyecto toma en cuenta el plan de gestión de residuos.,Promover con las personas beneficiarias la adecuada gestión de los residuos en todas las actividades del subproyecto.,No,,"Preparar un plan de manejo para el vivero, considerando medidas para prevenir",Sí,Capaciones en elaboración de biopreparados.,Continuar el fortalecimiento de capacidades para la prevención de plagas y manejo de residuos.,Sí,Se promueven buenas prácticas para manejar los insumos durante la elaboración de compostas y bioles.,"Asegurar que las personas tomen las medidas necesarias para prevenir enfermedades, particularmente durante el manejo de estiércol e insumos minerales.",Sí,"El estiércol animal es el único material que podría representar un riesgo en el subproyecto, este se maneja con cuidado para evitar el contacto directo.",,No,Ubicar a las instituciones responsables de atender los incendios en caso de presentarse en la zona y promover medidas de prevención.,,No,Fortalecer las capacidades del equipo para la atención a emergencias.,,N/A,,,No,,,No,,,N/A,El subproyecto tiene pendiente realizar el trámite del aviso de colecta de germoplasma.,Retomar el trámite del aviso de colecta de germoplasma.,Sí,"El subproyecto realiza monitoreo de biodiversidad, suelo y agua.",,Sí,El subproyecto promueve la conservación de los cafetales de sombra para proteger la biodiversidad.,Promover la valoración de la biodiversidad local con las personas beneficiarias.,N/A,N/A,,,N/A,,,N/A,,,N/A,,,N/A,,,No,N/A,,,Sí,"Las personas beneficiarias conocen el proyecto y actividades propuestas, sin embargo, suelen confundir algunas actividades con programas de gobierno que operan en la zona. El subproyecto difunde y consulta las actividades con los grupos.",Fortalecer la socialización del subproyecto y diferenciar las actividades del proyecto de otros programas de gobierno.,No,,Considerar la divulgación de las actividades con el ayuntamiento y otros medios locales.,Sí,Durante los talleres en cada comunidad se forman espacios de participación y organización local.,Fortalecer la relación con los órganos de gobernanza local.,Sí,El subproyecto participa en la comunidad de aprendizaje.,Fortalecer la participación del subproyecto en las comunidades de aprendizaje locales.,Sí,El subproyecto incorporó el indicador de número de acciones afirmativas de género implementadas .,,Sí,"Se establecieron módulos de gallinas de traspatio como actividad productiva para las mujeres, algunas de ellas comienzan a recibir ingresos a partir de estos módulos. El equipo del subproyecto se capacita y recibe acompañamiento para incorporar el enfoque de género.",Dar seguimiento a esta acción afirmativa para asegurar que las mujeres sean beneficiadas.,De 0% a 29%,Sí,Se realizan invitaciones directas a las mujeres y se incorporan acciones propuestas por ellas para que se interesen en participar.,"Revisar qué nuevas medidas se pueden incorporar para que las mujeres participen y se beneficien directamente del proyecto. Asegurarse de realizar el registro de todas las personas que participan en las actividades, no solo de los propietarios de los predios. Aprovechar las oportunidades de acompañamiento que ofrece el proyecto en este sentido.",,,,Sí,El subproyecto promueve acuerdos de convivencia y respeto durante las actividades.,,N/A,,,No,,"Fortalecer la difusión del mecanismo, principalmente con las mujeres.",Sí,"Enriquecimiento de la sombra en los cafetales, que ayuda a defender al cultivo ante las altas temperaturas.",,Sí,Establecimiento de más árboles en cafetales.,,Sí,"Diversificación de los medios de vida de las familias. Se realizó el primer taller de vulnerabilidad climática y está pendiente el segundo, donde se identificarán opciones de adaptación.",,No,,Fortalecer el enfoque de adaptación al cambio climático en el subproyecto.
10,04/05/2025 13:57,04/05/2025 14:05,,anonymous,,,RÍOS,"Estrategias autogestivas de diez comunidades de la cuenca media Jamapa que activan la conexión, conservación y restauración ambiental e hídrica de los ríos, a través de acciones prácticas en los sistemas cafetaleros y ganaderos",AMS2207040,Eva Cano González,,,13/2/2024,Campo,Sí,Se destinó presupuesto para iniciar el trámite de aviso de colecta de germoplasma. Se realizan capacitaciones para mujeres en temas como uso de maquinaria y beneficiado de café. Se invierte en equipo de seguridad.,Dar seguimiento a las capacitaciones en medidas de seguridad en campo.,Sí,,,Sí,La OLLC comenzó con el trámite del aviso de colecta de germoplasma.,,Sí,,"No obstante, se sugiere fortalecer la capacitación del equipo en temas como el manejo y reproducción de especies nativas y enfoque de género.",Sí,,,Sí,,,N/A,En el subproyecto participan dos hombres como personal de la OLLC.,Se sugiere considerar la contratación de mujeres en el subproyecto como consultoras o como personal de base.,No,,,N/A,,,Sí,Se proporciona herramienta en buen estado y equipo de seguridad en las actividades que lo requieren y se enseñan buenas prácticas para utilizar maquinaria de campo.,Continuar la capacitación y promover las buenas prácticas para prevenir accidentes durante el trabajo de campo.,Sí,,,No,,"Dar a conocer que el proyecto RÍOS tiene un mecanismo de atención a quejas y consultas, al cual pueden acceder en cualquier momento.",Sí,Se utilizan recursos locales. Se planea establecer estufas ahorradoras.,"Para la siguiente fase y considerando las dificultades con el agua, se podría considerar el establecimiento de sistemas de captación de agua de lluvia. Asegurar el seguimiento oportuno de los módulos de lombricomposta para que tengan buenos resultados.",No,No hay residuos en los viveros.,Cuidar que los residuos generados de las actividades del subproyecto tengan una adecuada disposición final.,No,El subproyecto se basa en los instrumentos del proyecto RÍOS.,Asegurar el seguimiento oportuno e implementación de medidas para prevenir enfermedades y plagas en los viveros y huertos.,Sí,El subproyecto promueve la capacitación en técnicas agroecológicas para el manejo de plagas y enfermedades en el cultivo de café.,,N/A,,,Sí,"En la elaboración de compostas se utilizan residuos que podrían  contener patógenos. El subproyecto promueve que los materiales se manipulen con cuidado, evitando el contacto directo, y asegurando el lavado de manos después de la actividad.",Verificar que la manipulación de materiales para la composta se realice con cuidado y evitando una exposición prolongada.,N/A,,,No,Realizar una identificación de los posibles emergencias relacionadas con las actividades del subproyecto y cómo deberían reaccionar.,,N/A,,No se han reportado accidentes o emergencias en los últimos meses.,N/A,,,N/A,,,Sí,Se está tramitando el aviso de colecta de germoplasma para producir planta de árboles nativos.,"Mientras avanza el trámite del aviso de colecta, pueden recurrir a otras organizaciones como Pronatura, que facilita semillas de especies de la región.",Sí,"Se realiza monitoreo de biodiversidad, suelo y agua.",Promover la participación comunitaria en el monitoreo.,Sí,El subproyecto promueve el cafetal de sombra.,,N/A,N/A,,,N/A,,,N/A,,,N/A,,,N/A,,,No,N/A,,,Sí,Las personas visitadas conocen el proyecto y son de explicar los avances que han logrado.,Promover el liderazgo de más personas de las comunidades en torno a las actividades del subproyecto.,No,,,Sí,"En el subproyecto se promueve el trabajo comunitario en las faenas, lo cual fortalece la organización en las comunidades.",,Sí,Las personas participantes del subproyecto se reúnen para aprender y compartir sus experiencias.,Promover el intercambio de saberes con otros subproyectos y organizaciones de la región.,Sí,Se identifican necesidades e intereses de las mujeres y se propusieron acciones para abordarlas.,,Sí,"Existe una participación importante de mujeres en el subproyecto, muchas de ellas con roles de liderazgo.",Se sugiere continuar apoyando las iniciativas de mujeres en torno al subproyecto y continuar con la conformación del grupo de mujeres caficultoras.,De 30% a 59%,Sí,"Se toman en cuenta los horarios, intereses y actividades de hombres y mujeres. Se da la oportunidad para la participación de mujeres como líderes de los grupos.","Considerar la posibilidad de crear comisiones dentro de los grupos para actividades como el beneficio y venta de café, donde se puedan capacitar y abrir oportunidades de empleo para más personas, en especial para mujeres y jóvenes de la comunidad.",Sí,,Considerar la contratación de mujeres como consultoras o personal del subproyecto.,Sí,Los grupos tienen acuerdos internos para evitar actos de violencia.,Se sugiere retomar los acuerdos de sana convivencia en las reuniones y talleres para que los grupos siempre los tengan en cuenta.,No,,"En caso de ser necesario, considerar la información proporcionada por FGM y FMCN sobre instancias que atienden casos de violencia de género.",No,,"Dar a conocer a las mujeres que el proyecto RÍOS tiene un mecanismo de atención a quejas y consultas, al cual pueden acceder en cualquier momento.",Sí,Se están realizando prácticas de manejo en los cafetales para enriquecer la sombra y regular la temperatura.,Dar continuidad a la metodología ADVC para identifica otras opciones de adaptación al cambio climático.,Sí,Se promueve la siembra de árboles nativos en los cafetales.,,No,,Se sugiere considerar el establecimiento de sistemas de captación de agua de lluvia para los viveros.,No,,
12,04/05/2025 14:55,04/05/2025 15:03,,anonymous,,,RÍOS,"Restauración de la ribera norte de la Laguna Grande de Mandinga, en áreas del Ejido Herón Proal para su adaptación a las condiciones actuales del cambio climático",AMS2207046,Eva Cano González,,,14/2/2024,Campo,,En el periodo del último reporte no se presentó información al respecto.,,No,,Asegurar el seguimiento de las medidas de mitigación y buenas prácticas.,Sí,Se están implementando algunas medidas. entre ellas acciones  para promover una mayor participación de mujeres.,Asegurar que el personal técnico del subproyecto conozca las salvaguardas ambientales y sociales y las tomen en cuenta en todo el desarrollo del subproyecto.,No,,La OLLC debe asegurarse de que todo el personal técnico que participa en el subproyecto se capacite en el tema.,Sí,"Las medidas propuestas son suficientes, siempre que la OLLC se apegue a lo establecido en su planeación.","Asegurar el seguimiento de las actividades comprometidas y evitar incorporar actividades no planeadas, cuyos riesgos no han sido analizados.",Sí,Se cuenta con personal contratado con seguro y prestaciones.,,,La información disponible no es suficiente para hacer este análisis.,,No,,,N/A,,,,"No se cuenta con información. La OLLC ha proporcionado botas, camisas y fajas para las personas que participan en las actividades de campo.","Es necesario fomentar un ambiente respetuoso y libre de todo tipo de violencia. Fomentar el uso de equipo de seguridad durante las actividades que lo requieran, en particular en las actividades de campo.",,En el periodo no se reportó información sobre este aspecto.,,No,,Se recomienda incluir la difusión del mecanismo de atención a quejas y consultas dentro de los talleres y reuniones que se realizan.,,,,,,,No,,Verificar que se cuente con medidas adecuadas para prevenir la propagación de plagas del manglar durante cualquier actividad que se realice.,Sí,Está en proceso de desarrollo.,Se requiere mantener una capacitación constante para la OLLC y las comunidades en gestión de residuos y manejo de plagas.,Sí,Se utiliza equipo de protección durante el monitoreo de calidad del agua.,"Fomentar el conocimiento de medidas para prevenir los riesgos de entrar en el manglar, ya sea por accidentes o por la exposición a enfermedades como el dengue.",N/A,,,Sí,Enriquecer el protocolo de acción ante incendios detallando las medidas de seguridad y equipo de protección que debe usar la brigada contra incendios en caso de tener que participar en el control del fuego.,Se ha brindado una capacitación en lucha contra incendios.,No,Difundir medidas de prevención de accidentes en campo para la OLLC y para las personas de la comunidad.,,N/A,,,N/A,,,N/A,,,No,"Está en proceso el registro de una UMA, sin embargo, el subproyecto no realizará actividades extractivas o de aprovechamiento de especies silvestres.",Avanzar en el trámite del aviso de colecta de germoplasma forestal para la actividad de reproducción de árboles nativos.,Sí,Se realiza monitoreo de agua y posteriormente se comenzará con monitoreo de aves.,,Sí,Se establecieron cercos vivos para evitar la entrada de ganado que daña el manglar.,,N/A,N/A,,,N/A,,,N/A,,,N/A,,,N/A,,,N/A,N/A,,,Sí,Las personas líderes de las comunidades conocen sobre el proyecto.,"Se recomienda brindar más claridad a las personas sobre el subproyecto, las actividades y metas definidas, objetivos, límites y alcances.",No,La OLLC consultó a la asamblea ejidal sobre la propuesta de establecer una UMA en el ejido.,"Se recomienda aprovechar plataformas (Ejemplo: asamblea ejidal) para difundir información del proyecto y motivar a la participación social. En caso de que se esté realizando, se requiere informar con claridad qué actividades de difusión de están realizando fuera de la comunidad.",Sí,Se incluyen autoridades locales.,"Se sugiere fomentar que los espacios de participación sean efectivos y que se promueva una comunicación no violenta, fomentando que todas las voces sean escuchadas y respetadas.",Sí,Se mencionan algunas vinculaciones con otras organizaciones para intercambiar conocimientos (COLPOS Boca del Ríos).,"En caso de que se esté realizando, favor de reportar sobre las vinculaciones o intercambios de conocimientos con otras organizaciones en torno al proyecto.",Sí,,,Sí,Se reconoce la participación de mujeres en las actividades.,"Se recomienda impulsar el fortalecimiento de capacidades del equipo en género y verificar el seguimiento a las acciones afirmativas para atender las necesidades de las mujeres, como la instalación de ecotecnias.",De 60% a 100%,Sí,Se bridan alimentos durante las actividades.,Verificar que los horarios sean accesibles para la participación de mujeres y hombres.,,,Se requiere respaldar con datos que los beneficios se están distribuyendo de forma equitativa.,No,,Verificar que se promueva un ambiente libre de violencia de género.,No,,,No,,Difundir el mecanismo de atención a quejas y consultas durante las actividades del subproyecto.,No,Están por implementarse sistemas de captación de agua de lluvia. Se promueve la conservación del manglar como defensa ante inundaciones y huracanes.,,No,,,Sí,Se participa en el monitoreo de la vulnerabilidad social al cambio climática.,,No,,
13,04/05/2025 15:08,04/05/2025 15:19,,anonymous,,,RÍOS,"Educación ambiental, restauración ecológica, y permacultura en la subcuenca del Río Seco del municipio de Córdoba",AMS2207035,Eva Cano González,,,3/6/2024,Campo,Sí,"Los monitores recibieron camisas y gorras para protegerse del sol, se realizó una capacitación en primeros auxilios considerando los riesgos a los que se exponen en campo",Dar seguimiento a la implementación e informes sobre las medidas de prevención de riesgos.,Sí,El equipo del subproyecto y los monitores conocen los riesgos identificados y se capacitan para prevenirlos.,,,Mencionar las medidas implementadas en el periodo.,,Sí,El equipo cuenta con capacidades y se continúa capacitando para mejorar.,,Sí,,"Es posible aumentar la participación de las comunidades por medio de los monitores comunitarios, quienes hacen un papel de promotores en sus comunidades. Es importante que la coordinación del subproyecto tome en cuenta la relevancia de ampliar la participación social y aprovechen las oportunidades de capacitación y acompañamiento en este tema.",Sí,El personal cuenta con prestaciones conforme a la ley.,,,,Verificar que la distribución de salarios se realice proporcionalmente a las responsabilidades y resultados de las y los trabajadores.,No,,,N/A,,"Asegurar que las actividades de educación ambiental en las escuelas tomen solo el tiempo necesario, sin afectar el resto de su programa de estudios.",Sí,"Uso de gorra, camisas  y botas para el trabajo de campo, uso de gafas y guantes en monitoreo de agua.",,Sí,Capacitación del equipo en primeros auxilios.,,No,,Difundir el mecanismo de atención a quejas y consultas y asegurar que todo el equipo lo tenga presente.,Sí,Instalación de un sistema de captación de agua de lluvia y un baño seco. Elaboración de composta y lombricomposta con residuos orgánicos.,"Considerando el interés de las personas en la comunidad de San Aparicio, sugerimos considerar el establecimiento o adaptación de más sistemas de captación, complementando con acciones de restauración y protección de los ecosistemas y cuerpos de agua.",Sí,El subproyecto toma en cuenta el PAAS de RÍOS.   Establecimiento de contenedores de PET en escuelas.,"Hacer énfasis en la importancia de reducir la generación de residuos sólidos, para asegurar que los ingresos por la venta de PET en las escuelas no se conviertan en un estímulo al consumo.",No,,Continuar desarrollando el plan de manejo del vivero considerando las prácticas de manejo de plagas y vectores.,Sí,El personal cuenta con conocimiento sobre la gestión de residuos y manejo de plagas.,"Es oportuno ampliar la capacitación del personal del equipo en la gestión de residuos, considerando la iniciativa que existe de limpiar el río Seco.  Asegurarse de evitar el transporte de plagas y vectores al trasladar planta o adquirir semillas.",N/A,Las actividades que podrían representar riesgos están por llevarse a cabo.,Prepararse con material de protección y medidas para prevenir enfermedades cuando se realice la limpieza del río Seco.  Asegurar el buen manejo de los residuos del baño seco.,Sí,Los reactivos del monitoreo de agua se almacenan en un lugar seguro.,,N/A,Ubicar a las instituciones responsables de atender los incendios en caso de presentarse en la zona y promover medidas de prevención.,,No,Desarrollar un plan de atención a emergencias.,,N/A,,,No,"Continuar la consulta al ejido de El Porvenir sobre los mecanismos comunitarios para proteger la laguna, asegurando contar con el respaldo social y acuerdos colectivos antes de avanzar con la propuesta de decreto de un sitio Ramsar.  Asegurar que el subproyecto no provoque restricciones al uso de los recursos sin haber acuerdo por parte de las personas que hacen uso de los mismos.",Se está consultando a la comunidad del Porvenir sobre mecanismos para conservar la laguna sin restringir el acceso de la comunidad.,N/A,,,,Está en proceso el aviso de colecta de germoplasma forestal.,Asegurar concluir el trámite de aviso de colecta de germoplasma a la brevedad para poder reproducir planta de especies nativas sin depender de las donaciones de semilla.,Sí,Una parte importante del subproyecto es el monitoreo de biodiversidad y agua.,,Sí,Está en proceso la gestión de una APC,,N/A,N/A,,,N/A,,,N/A,,,N/A,,,N/A,,,No,N/A,,,Sí,,"Considerando los avances logrados con los monitores comunitarios en el proceso de formación, es posible brindarles el papel de promotores comunitarios para formar grupos en las comunidades que están expresando su interés.",Sí,El subproyecto ha realizado presentaciones en eventos con el Colegio de Postgraduados,,Sí,Se toma en cuenta a las autoridades de las comunidades para llevar a cabo actividades.,Gradualmente pueden ampliar su participación en espacios como las asambleas comunitarias. Pueden considerar el acompañamiento de Raquel Zepeda para prepararse para acercarse a las asambleas comunitarias.,Sí,,,Sí,El subproyecto trabaja con un grupo de mujeres bordadoras de biodiversidad.  La instalación del sistema de captación de agua de lluvia facilita el trabajo de las mujeres.,Monitorear los cambios que las mujeres beneficiarias perciben en su vida cotidiana a partir de estas actividades.,Sí,Ha aumentado la participación de mujeres en el subproyecto.,Permitir el liderazgo de mujeres para facilitar el acercamiento de más mujeres de las comunidades al subproyecto.,De 30% a 59%,Sí,Se acuerdan los horarios de actividades considerando las actividades de cada quien.,"Es importante continuar con las medidas para facilitar la participación de las mujeres en el subproyecto, pueden aprovechar las oportunidades de acompañamiento del proyecto en este sentido.",,No se cuenta con información suficiente para analizarlo.,,Sí,,Elaborar acuerdos para una sana convivencia y tenerlos presentes en todas las actividades,No,No ha sido necesario,,No,,"Continuar la difusión del mecanismo, especialmente con las mujeres.",Sí,Instalación de baño seco y sistema de captación de agua de lluvia.,Dar seguimiento a las opciones de adaptación acordes al proyecto que se generen en los talleres de vulnerabilidad. Fortalecer el enfoque de adaptación al cambio climático en el subproyecto.,No,Está en por realizarse la reforestación.,Considerar como actividades prioritarias la reforestación en cafetales y en la ribera del río Seco.,Sí,Se difunde información sobre el cambio climático.,Invitar a las personas a participar en redes que les ayuden a reducir su vulnerabilidad.,No,,Fortalecer este enfoque en el subproyecto.  Se puede fundamentar la importancia de la restauración de la ribera del río Seco a partir de la vulnerabilidad a posibles desbordamientos del río.
14,04/05/2025 15:24,04/05/2025 15:34,,anonymous,,,RÍOS,Ecotour agencia para el desarrollo rural y la conservación de la biodiversidad,AMS2207043,Eva Cano González,,,10/9/2024,Campo,Sí,"Destinan recurso para capacitar en gestión de riesgos, colocar señalética, implementar acciones afirmativas",,Sí,,,Sí,"Implementan medidas de prevención de riesgos, realizaron una capacitación en primeros auxilios y manejo del fuego, realizaron estudios etnobiológicos sobre la biodiversidad local para su conservación","Retomar las buenas prácticas propuestas, como el seguimiento del comité de gestión, fortalecer las herramientas participativas para ampliar la participación social, continuar el fortalecimiento de capacidades de las personas locales para prevenir los riesgos relacionados con la actividad ecoturística",Sí,El equipo se ha capacitado para implementar las medidas de mitigación y buenas prácticas.,Dar seguimiento a las medidas para prevenir riesgos en todas las actividades de campo.,Sí,,Fortalecer las herramientas participativas y la incorporación de jóvenes para ampliar la participación social en el proyecto.,Sí,El personal cuenta con las condiciones adecuadas para laborar.,,Sí,El personal recibe remuneración de acuerdo con sus actividades.,,No,,,N/A,,,Sí,"Uso de equipo de protección, capacitación en primeros auxilios",,Sí,,,No,,Difundir con las personas beneficiarias que existe un mecanismo de atención a quejas y consultas.,Sí,"Establecimiento de ecotecnologías como sistemas de captación de agua de lluvia y estufas ahorradoras de leña, bioconstrucción y elaboración de muebles con bambú para reducir la tala de árboles maderables.",,No,"No se cuenta con un plan, pero sí se llevan a cabo buenas prácticas para la gestión de residuos, como el uso de materiales reutilizables, campañas de recolección de residuos en el río, se colocan carteles para invitar a las personas a no dejar sus residuos junto al río.",Continuar el trabajo con los emprendimientos turísticos para establecer y dar continuidad a una política de buena gestión de residuos sólidos.,No,"No se cuenta con un plan, pero se llevan a cabo buenas prácticas para prevenir y manejar plagas y enfermedades en los huertos y en el vivero con el uso de bioinsumos.",Dar seguimiento constante a los huertos y al vivero establecidos para prevenir plagas y enfermedades y asegurar que obtengan buenos resultados.,Sí,Capacitación y acompañamiento para el manejo de plagas,,N/A,,"Verificar que todos los módulos de traspatio, en particular los módulos de gallinas, cuenten con una infraestructura adecuada que permita evitar riesgos a la salud de las familias.",Sí,Los residuos del monitoreo de agua se almacenan en recipientes adecuados.,Asegurar el buen manejo de los residuos del monitoreo de agua,Sí,,Capacitación a personas de la comunidad sobre el manejo del fuego.,No,"Recuperar el aprendizaje adquirido en los talleres de riesgos, primeros auxilios y manejo del fuego para elaborar un plan de respuesta a emergencias.",No se han presentado emergencias.,N/A,No se ha reportado,,No,,,N/A,,,Sí,Se cuenta con el registro de tres UMA para la conservación del ecosistema sin fines extractivos.,Dar seguimiento a los planes de manejo de las UMA y a la gestión del aviso de colecta de germoplasma forestal.,Sí,"Monitoreo de fauna, vegetación, suelo y agua.",Desarrollar y elaborar material que permita dar a conocer los paquetes de turismo sustentable relacionados con la observación de fauna.,Sí,"Gestión de UMAs para la conservación de la biodiversidad, fortalecimiento de capacidades locales en turismo de naturaleza,","Continuar con la capacitación de las UMAs para desarrollar capacidades en turismo de naturaleza y dar a conocer sus emprendimientos, haciendo posible la viabilidad económica y permanencia de estas áreas de conservación.  Acompañamiento a los centros ecoturísticos para que tengan claro el objetivo y contexto del proyecto.",N/A,N/A,,,N/A,,,N/A,,,N/A,,,N/A,,,No,N/A,,,Sí,Las personas conocen el proyecto y los objetivos.,"Identificar y generar oportunidades para jóvenes promotores en actividades estratégicas. Por ejemplo, en la difusión de la oferta de turismo de naturaleza que existe en la zona, en la comercialización de productos locales como el café, etc.",Sí,"Se realizan reuniones con las personas beneficiarias y el equipo del subproyecto. Se realizan actividades de difusión con las comunidades, como campañas de limpieza del río, foros de educación ambiental en escuelas y actividades con instituciones locales como el centro de salud.","Continuar la comunicación con las plataformas locales, comunidades e instituciones.",Sí,"Se consulta a las comunidades, se está fortaleciendo la coordinación con centros ecoturísticos locales.",Continuar con el proceso de integración del comité de gestión para la conservación del río.,Sí,El equipo participa en eventos locales de la comunidad de aprendizaje,Invitar a más personas de beneficiarias a unirse a las redes que ofrece el proyecto mediante la Comunidad de Aprendizaje de forma virtual o presencial,Sí,Se trabaja en el desarrollo de capacidades con mujeres de las comunidades para elaborar productos locales y establecer módulos de traspatio.,Definir actividades que potencialmente pueden fortalecerse y quedar establecidas como una actividad económica que siga beneficiando a las mujeres después del proyecto.,Sí,Existe interés y participación de mujeres en las actividades.,,De 60% a 100%,Sí,"Se realizan actividades que generan interés para mujeres y hombres, se invita a participar a las mujeres en los talleres, se realiza acompañamiento a los hogares que lo requieren.",,Sí,Mujeres y hombres reciben beneficios del proyecto.,,Sí,Se promueve el respeto durante todas las actividades.,Desarrollar medidas en conjunto con las empresas turísticas para prevenir violencia de género en sus espacios.  Continuar promoviendo la no violencia de género.,Sí,Se ha difundido información sobre las instituciones que pueden atender casos de violencia de género.,,No,,Continuar con la difusión del MAQyC,Sí,Implementación de sistemas de captación de agua de lluvia,"Continuar con la integración de las opciones de adaptación identificadas en los talleres ACVC y fortalecer el enfoque de adaptación al cambio climático en el proyecto.  Continuar con las actividades para recuperar y mantener la vegetación riparia que permita reducir la erosión de las riberas, integrando a las empresas turísticas, agricultores y personas que habitan en las riberas.",Sí,Arborización y reforestación,Continuar con las actividades para recuperar y mantener la vegetación riparia.,Sí,Fortalecimiento de las capacidades locales.,Fortalecer las redes locales para reaccionar ante posibles emergencias relacionadas con el cambio climático.,No,,Considerar la implementación de prácticas de prevención y manejo del fuego en las UMAs.
15,04/05/2025 15:41,04/05/2025 15:53,,anonymous,,,RÍOS,Restauración ecológica de la parte alta de la Cuenca del Río Jamapa,AMS2207034,Eva Cano Gutiérrez,,,16/12/2024,Campo,Sí,El subproyecto destinó presupuesto para brindar alimentos durante las actividades y para adquirir materiales de seguridad.,"El subproyecto puede destinar mayor presupuesto para fortalecer algunas acciones, como el establecimiento de ecotecnias de la mejor calidad y eficiencia.",Sí,,Fomentar socialización del diagnóstico de riesgos ambientales y sociales elaborado por el subproyecto.,Sí,"Se implementaron viveros, obras de conservación de suelo, reforestación con especies nativas, se establecieron SCALL y estufas ahorradoras.",Asegurar que durante la Fase III se continúe fortaleciendo la implementación de las buenas prácticas.,No,"Se han fortalecido las capacidades de las personas beneficiarias en cuanto a técnicas de conservación de suelos, recolección de germoplasma y reproducción de especies nativas.","Se recomienda fortalecer las capacidades del equipo y personas beneficiarias en el establecimiento y manejo de ecotecnias (SCALL, estufas y humedales), así como mantener el seguimiento de las mismas para asegurar su correcto funcionamiento.",No,El subproyecto ha fortalecido el trabajo con las comunidades y la toma de acuerdos en torno a las actividades.,"Fortalecer el seguimiento de las acciones en campo.  En particular, en el caso de las ecotecnias, es importante mantener la comunicación con las beneficiarias durante todo el proceso, partiendo del diagnóstico de sus necesidades y fortaleciendo sus capacidades para usar y dar mantenimiento a las ecotecnias.",Sí,Se cuenta con personal contratado con seguro y prestaciones.,,Sí,Las y los trabajadores reciben remuneración acorde con las actividades que realizan.,,No,,,No,,,Sí,Se ha brindado equipo de seguridad para las personas que realizan actividades en campo.,Revisar si es necesario proporcionar nuevamente equipo de protección y/o seguridad acorde a las actividades realizadas en el marco del subproyecto.,No,,Se recomienda fortalecer la capacitación del equipo y abordar medidas de seguridad para el trabajo en campo durante los talleres con las comunidades.,Sí,Se ha dado a conocer el mecanismo a personas beneficiarias.,Continuar fortaleciendo la difusión del mecanismo de atención a quejas y consultas a todas las personas beneficiarias.,Sí,"Se establecieron sistemas de captación de agua de lluvia, estufas ahorradoras y un compostero. Están por establecerse más estufas, scall y un biodigestor.",Se recomienda continuar con el establecimiento del baño seco en el ecoparque Chicalaba.,No,,"Se recomienda difundir y aplicar medidas para la gestión adecuada de residuos sólidos, en particular aquellos que se generan en las actividades de producción de planta y reforestación.  Evitar que los residuos se desechen al aire libre.",No,Se han realizado capacitaciones para el manejo de plagas en el vivero.,Fortalecer la capacitación para prevenir plagas y enfermedades en los cultivos que se están estableciendo en las parcelas.,Sí,El equipo cuenta con una persona encargada del manejo fitosanitario en el vivero.,"Continuar el fortalecimiento de capacidades del grupo de reforestadores de Coxolo en el manejo agroecológico de cultivos, incluyendo la prevención de plagas y enfermedades.",Sí,"Se utiliza equipo de protección durante el monitoreo de calidad del agua. Gracias a las gestiones realizadas por el grupo del ecoparque Chicalaba, se logró retirar una descarga de drenaje del río, mejorando la calidad del agua en el sitio.",Fomentar la capacitación sobre el manejo del baño seco que está por establecerse.,N/A,,,No,"Considerando que las sequías son cada vez más prolongadas, es recomendable comenzar a hablar sobre el riesgo de incendios y el manejo del fuego con el grupo de Chicalaba y el grupo de reforestadores de Coxolo.","No se identifica riesgo de incendios, sin embargo las condiciones climáticas han cambiado y las sequías son más prolongadas.",Sí,Definir un plan de atención de emergencias.,Se difunden medidas para prevenir accidentes en campo.,N/A,,,No,,,N/A,,,No,Se encuentra en proceso el trámite del aviso de SEMARNAT para la colecta y reproducción de material genético forestal con fines de conservación y/o reforestación. El trámite fue ingresado y están en espera de respuesta.,,Sí,Monitoreo de biodiversidad y agua.,,Sí,Se establecen especies nativas en las reforestaciones. Se cuenta con viveros donde se reproducen árboles nativos que se utilizan en las reforestaciones.,"Continuar el fortalecimiento del conocimiento de las especies nativas y su conservación.  Fortalecer el enfoque de conservación de la biodiversidad en los sistemas agroforestales que se están estableciendo, así como la conservación de las semillas de maíz y frijol nativo.",N/A,N/A,,,N/A,,,N/A,,,N/A,,,N/A,,,No,N/A,,,Sí,Las personas líderes de las comunidades y personas beneficiarias conocen las actividades y objetivos del subproyecto.,Realizar planeaciones en conjunto con los grupos de personas beneficiarias en torno a las actividades planeadas para la fase III.,Sí,El equipo de la OLLC colabora con escuelas y participa en eventos donde se dan a conocer las actividades del subproyecto.,Continuar la participación en espacios locales donde se puedan dar a conocer las actividades del subproyecto.,Sí,Se incluyen autoridades locales y grupos comunitarios.,,Sí,,"Se recomienda fortalecer vinculaciones sociales entre grupos, comunidades y organizaciones para intercambiar conocimientos y experiencias.",Sí,Se cuenta con el indicador de acciones afirmativas de género implementadas.,,Sí,"Se establecieron ecotecnias que benefician directamente a las mujeres (SCALL, estufas ahorradoras y biofiltros). Se han realizado reuniones de mujeres donde hablan sobre sus necesidades y aprenden sobre el uso de las ecotecnias.","Asegurar que las ecotecnias funcionen correctamente. Capacitar a las beneficiarias en todo el proceso de instalación, uso y mantenimiento de las ecotecnias. En conjunto con las beneficiarias, realizar una planeación de las próximas reuniones.",De 30% a 59%,Sí,Se bridan alimentos durante las actividades.  Se promueven espacios de conversación entre mujeres.  Se consulta a las personas sobre los horarios para realizar las actividades.,,Sí,Hombres y mujeres están recibiendo beneficios del subproyecto.,,No,,Verificar que se promueva un ambiente libre de violencia de género.,N/A,,No se han presentado casos que lo requieran.,No,,Continuar la difusión del mecanismo de atención a quejas y consultas con las beneficiarias.,Sí,"Establecimiento de ecotecnias, establecimiento de obras de conservación del suelo y restauración riparia.",Reforzar el enfoque de adaptación al cambio climático en las capacitaciones que se brindan a las personas beneficiarias.,Sí,Actividades de reforestación.,Asegurar el mantenimiento de las reforestaciones.,Sí,Se participa en el monitoreo de la vulnerabilidad social al cambio climática.,,Sí,Establecimiento de obras de conservación del suelo que permiten reducir la erosión por lluvias torrenciales.,
16,05/05/2025 20:47,05/05/2025 21:00,,anonymous,,,RÍOS,"Restauración de la ribera norte de la Laguna Grande de Mandinga, en áreas del Ejido Herón Proal para su adaptación a las condiciones actuales del cambio climático",AMS2207046,"Eva Cano González, Jiansu Olea",,,14/11/2024,Campo,Sí,"Se invirtió en asesoría especializada para el registro y manejo de una UMA en el área de manglar, botas y materiales de protección para las personas que trabajan en campo.",,Sí,Las personas que representan el ejido han recibido información sobre la UMA y el plan de manejo.,Proporcionar información clara a las personas del ejido sobre la propuesta de actividades Fases II y III y el anexo 5 planteado por el subproyecto.  Reforzar la sensibilización hacia la comunidad y el equipo técnico sobre la importancia de adoptar las buenas prácticas para reducir riesgos o impactos negativos.,Sí,La OLLC ha realizado capacitación y cuenta con asesoría especializada a través de consultores.,Retomar y dar continuidad a las medidas de mitigación y buenas prácticas ambientales y sociales propuestas.,Sí,La integración de técnicos especializados ha contribuido a aumentar las capacidades del equipo para llevar a cabo el subproyecto y las medidas de mitigación.,"La OLLC junto con el equipo de consultores -as debe elaborar los documentos técnicos viables para asegurar que todas las actividades se lleven a cabo con éxito y de manera justificada.  Es importante reforzar las capacidades de la comunidad en cuanto a las actividades para la conservación del manglar, prácticas de ganadería regenerativa, uso y mantenimiento de ecotecnias, apicultura. Asimismo, el equipo de la OLLC debe fortalecer sus capacidades en cuanto a metodologías participativas, enfoque de género e inclusión social, gestión comunitaria, herramientas para toma y seguimiento de acuerdos, comunicación asertiva y resolución de conflictos.",No,,Las medidas propuestas para la Fase III están en revisión para complementarse.,Sí,El personal contratado por el subproyecto cuenta con las prestaciones de acuerdo con la Ley Federal del Trabajo.,Asegurar que las personas que trabajan como consultores y apoyo en campo cuenten con las condiciones y materiales adecuados para realizar su trabajo con seguridad y eficiencia.,Sí,La remuneración se determina de acuerdo con las actividades de cada puesto.,Buscar la participación de mujeres y hombres en el equipo técnico del subproyecto.,No,,,No,,,Sí,Se promueve el uso de ropa y calzado adecuado para el trabajo en campo. Se acondicionó un espacio para resguardarse del sol junto al vivero.,"Es necesario fomentar un ambiente respetuoso y una comunicación asertiva entre todas las personas que participan en el subproyecto. Fomentar el uso de equipo de seguridad durante las actividades que lo requieran, en particular en las actividades de campo.  Asegurar que las personas que realizan las actividades de campo reciban las herramientas y materiales necesarios para desarrollar el trabajo en condiciones seguras.",No,,Retomar la capacitación y sensibilización sobre la importancia de adoptar medidas de prevención de riesgos.,Sí,Algunas personas conocen el mecanismo.,Continuar la promoción del mecanismo entre las personas beneficiarias.,Sí,Establecimiento de sistemas de captación de agua de lluvia.,Asegurar el correcto funcionamiento de los sistemas y ecotecnias mediante elementos técnicos que justifiquen su adopción e implementación.,No,,Asegurar la gestión adecuada de los residuos generados en el vivero.  Dar seguimiento al manejo adecuado de los residuos de monitoreo de agua.,No,,"Complementar el plan de manejo del vivero, incluyendo el plan de manejo de plagas y vectores.  Incluir el manejo de plagas en la planeación de la UMA intensiva.  Elaborar un plan de manejo completo para la apicultura, considerando la prevención y manejo de plagas.",No,,"Elaborar y/o complementar los planes de manejo de vivero, UMA, ganadería regenerativa y apicultura, considerando la gestión de residuos, control sanitario y manejo de plagas y vectores.",Sí,Las personas se capacitan para realizar las actividades de campo.,Continuar el fortalecimiento de capacidades y la sensibilización sobre la importancia de reducir los riesgos.  Tomar en cuenta medidas para prevenir golpes de calor.,N/A,Hasta el momento no se han utilizado materiales peligrosos.,,Sí,Enriquecer el protocolo de acción ante incendios detallando las medidas de seguridad y equipo de protección que debe usar la brigada contra incendios en caso de tener que participar en el control del fuego. Revisar técnicamente la funcionalidad de las brechas cortafuego establecidas. Realizar una planeación/diseño técnico de las brechas que están por establecerse. Gestionar con CONAFOR asesoría especializada en manejo del fuego.,Se ha brindado una capacitación en prevención y combate de incendios.,No,Elaborar un plan de respuesta ante emergencias en torno a las actividades de la UMA.,,N/A,,,N/A,,,N/A,,,Sí,Se cuenta con la autorización de una UMA en vida libre con fines de conservación del manglar.   Está en proceso el registro de una UMA intensiva para la producción de planta de mangle.,Dar seguimiento y atender las recomendaciones de SEMARNAT sobre el plan de manejo de la UMA intensiva.,Sí,Se realiza monitoreo de fauna en la UMA.,"Sistematizar la información y hallazgos del monitoreo de biodiversidad en la UMA, así como los cambios positivos que están detectando a partir de las acciones de conservación del ecosistema de acuerdo al plan de manejo.",Sí,,Se cuenta con un invernadero y vivero a cielo abierto para producción de especies nativas.,N/A,N/A,,,N/A,,,N/A,,,N/A,,,N/A,,,N/A,N/A,,,Sí,Las personas líderes de las comunidades conocen sobre el proyecto.,"Se recomienda brindar más claridad a las personas sobre el subproyecto, las actividades y metas definidas, objetivos, límites, alcances e impactos.",No,,Preparar información clara que pueda compartirse mediante mecanismos de difusión más amplios.,Sí,El subproyecto involucra a la mesa directiva del ejido y se presentan avances en la Asamblea Ejidal.,,No,,Promover la participación de las personas beneficiarias y el equipo de la OLLC en las comunidades de aprendizaje del proyecto.,Sí,Número de acciones afirmativas.,Verificar el seguimiento del indicador.,Sí,Se realizó un taller para mujeres.,Contratar a una mujer como parte del equipo del subproyecto para dar continuidad a los círculos de conversación entre mujeres y fomentar su participación en la toma de decisiones y actividades del subproyecto.,De 30% a 59%,Sí,Se comenzaron a promover espacios de conversación para mujeres.,Verificar que los horarios sean accesibles para la participación de mujeres y hombres.   Brindar alimentos durante algunas actividades para facilitar la participación de mujeres. Realizar invitaciones directas y generar espacios específicos para mujeres.  Capacitar al personal de la OLLC en enfoque de género.  Usar herramientas participativas y técnicas de facilitación de talleres que permitan que mujeres y hombres puedan expresarse por igual durante los eventos.,No,,Se requiere respaldar con datos que los beneficios se están distribuyendo de forma equitativa.,No,,Verificar que se promueva un ambiente libre de violencia de género. Promover una comunicación respetuosa y escuchar todas las voces.,N/A,,,Sí,Algunas mujeres conocen el mecanismo.,Continuar la difusión del mecanismo de atención a quejas y consultas con las mujeres beneficiarias.,Sí,Se implementaron dos sistemas de captación de agua de lluvia. Se promueve la conservación del manglar como defensa ante inundaciones y huracanes.,"Continuar y reforzar las prácticas de ganadería sustentable, en particular el establecimiento de cercos vivos y la arborización de potreros para contribuir a regular la temperatura en torno al manglar.",Sí,Se comenzó el establecimiento de barreras vivas.,Realizar una planeación técnicamente apropiada para asegurar que las barreras vivas por establecer funcionen correctamente.  Priorizar las actividades de arborización de potreros y restauración del manglar.,Sí,Se realizó un taller de análisis de capacidades y vulnerabilidad al cambio climático (ACVC),Continuar con la sistematización de los hallazgos de los talleres de ACVC.,No,,
58,18/09/2025 15:54,19/09/2025 13:01,,anónimo,,,RÍOS,Estrategia de transición hacia practicas productivas con soluciones basadas en la naturaleza para la restauración de servicios ambientales hídricos en la cuenca baja del río Jampa,AMS2207033,Eva Beatriz Cano González,,Fondo Regional,12/3/2025,Campo,Sí,El subproyecto invirtió en la implementación de buenas prácticas identificadas en el diagnóstico.,,Sí,El subproyecto dio a conocer las medidas a las personas que participan en el subproyecto.,,Sí,"Establecimiento de especies nativas, elaboración de biofertilizantes, estrategias para promover la participación de hombres y mujeres, uso de equipo de protección, capacitación en prevención y manejo del fuego, evitar uso de desechables.",,Sí,La OLLC cuenta con capacidades y participa en capacitaciones para continuar reforzando la implementación del subproyecto.,,Sí,La OLLC desarrolló un buen trabajo de diagnóstico de riesgos.,,Sí,,,Sí,Las personas reciben una remuneración justa de acuerdo con las actividades que realizan.,,No,,,Sí,"Algunos menores de edad participan en las actividades de monitoreo comunitario, sin que afecte sus educación y horarios de descanso.",,Sí,Las personas cuentan con uniformes y equipo adecuado para realizar el trabajo de campo.,"En caso de realizar actividades de limpieza cerca de los cuerpos de agua, asegurar que las personas usen equipo de protección adecuado y que no se expongan a riesgos sanitarios.",Sí,El subproyecto realiza capacitaciones en prevención de riesgos.,,Sí,,Continuar la difusión del Mecanismo de Atención de Quejas y Consultas,Sí,"El subproyecto implementa la elaboración de biofertilizantes a partir de materiales locales, así como la implementación de prácticas productivas que permiten el mejor aprovechamiento de los recursos, la conservación del suelo y la recuperación de zonas riparias.","Definir estrategias que faciliten la continuidad de las prácticas después del subproyecto. Por ejemplo, promover la organización de los grupos de personas beneficiarias para la elaboración de biofertilizantes, de manera que esta práctica pueda establecerse de forma continua y organizada.",Sí,"El subproyecto incorpora buenas prácticas para la gestión de residuos, como el uso de platos y vasos reusables durante las reuniones.",,Sí,El subproyecto lleva a cabo medidas para manejar las plagas y vectores en el vivero y en campo.,"Continuar el fortalecimiento de capacidades en el manejo agroecológico de plagas y vectores, particularmente en el componente agroforestal. Identificar medidas apropiadas y capacitar a los productores ganaderos para el manejo y prevención de garrapatas.",Sí,Capacitaciones en elaboración de bioinsumos.,,Sí,"Las personas usan equipo de protección cuando es necesario, por ejemplo en las actividades de limpieza y monitoreo de cuerpos de agua.",,N/A,El subproyecto no maneja materiales peligrosos.,,Sí,El subproyecto realizó capacitaciones en manejo del fuego para prevenir incendios.,,Sí,El subproyecto realizó una identificación de riesgos en las comunidades como parte del análisis de vulnerabilidad climática.,"Continuar el análisis y devolución de resultados del ACVC, para sistematizar los hallazgos sobre los riesgos, medidas de prevención y respuesta ante emergencias.",N/A,,,N/A,,,No,,,No,El subproyecto se encuentra en proceso de gestionar el aviso de colecta de germoplasma.,,Sí,"El subproyecto implementa monitoreo de biodiversidad y agua, ha fortalecido a una brigada comunitaria que incluye a mujeres y jóvenes, han procesado la información, difunden los resultados y realizan actividades de educación ambiental para involucrar a las comunidades.","Promover el intercambio entre la brigada de monitoreo con las personas que implementan ganadería sustentable y agroforestería, de manera que puedan relacionar los hallazgos del monitoreo con la implementación de las prácticas productivas. Continuar el reconocimiento y fortalecimiento del trabajo de la brigada de monitoreo.",Sí,El subproyecto promueve el establecimiento de especies nativas y el aumento de biodiversidad en las parcelas ganaderas y agroforestales.,"Es muy recomendable sistematizar el conocimiento obtenido sobre la reproducción, comportamiento e importancia de especies locales como el apompo, de manera que las personas de las comunidades puedan apropiarse del conocimiento y continuar replicando las estrategias para conservar estas especies. Fortalecer las estrategias de arborización tanto en potreros como en parcelas agroforestales.",No,Sí,El subproyecto promueve la toma de acuerdos con los grupos de personas beneficiarias.,,Sí,Participan personas afromexicanas.,,Sí,El subproyecto toma en cuenta las tradiciones y conocimientos locales sobre el territorio.,,Sí,El subproyecto toma en cuenta las tradiciones y conocimientos locales sobre el territorio.,,Sí,,Continuar la difusión del MAQYC,No,N/A,,,Sí,Las personas participan en la planeación y conocen el contexto del subproyecto.,,Sí,"El subproyecto promueve espacios abiertos para dar a conocer las actividades más allá de las personas beneficiarias directas y difunde los resultados por diferentes medios, incluyendo la televisión y radio.",,Sí,El subproyecto toma en cuenta a las autoridades locales del municipio y de las comunidades. Promueve las reuniones y espacios de toma de acuerdos.,Continuar el fortalecimiento y promoción de mecanismos locales de organización que puedan facilitar la continuidad de las acciones en el territorio,Sí,El subproyecto ha participado en actividades de la comunidad de aprendizaje.,Continuar la difusión con las comunidades sobre las oportunidades de capacitación que surgen en torno a la comunidad de aprendizaje del proyecto.,Sí,% de actividades participativas con al menos una medida para promover y fortalecer la participación de mujeres Número de acciones afirmativas de género implementadas,,Sí,En todas las actividades se promueven medidas para facilitar la participación de hombres y mujeres. Se han realizado talleres de género y espacios de conversación entre mujeres.,,De 30% a 59%,Sí,"Los horarios se acuerdan con las personas beneficiarias, se brindan alimentos para facilitar la participación de mujeres, se invita directamente a la participación de mujeres en las actividades.",,Sí,El subproyecto promueve actividades que benefician directamente a hombres y mujeres.,,Sí,El subproyecto fomenta una buena convivencia en todas las actividades.,,N/A,No se ha requerido,,Sí,,Continuar la difusión del MAQYC,Sí,Implementación de prácticas productivas con enfoque de adaptación al cambio climático.,Continuar la sistematización del ACVC para definir la posibilidad de dar seguimiento a las opciones de adaptación que fueron detectadas.,Sí,Arborización y recuperación de suelos.,"Dar seguimiento y evaluar opciones para mejorar el éxito de las arborizaciones en potreros y zonas riparias, considerando las experiencias previas.",Sí,Se han realizado talleres para aumentar el conocimiento de las personas.,,Sí,,
59,19/09/2025 13:01,19/09/2025 13:48,,anónimo,,,RÍOS,Restauración forestal y riparia del Río Huichichila para un paisaje con capacidad de adaptación al cambio climático,AMS2207010,Mauricio Ortega Flores,,Fondo Regional,7/4/2025,Campo,Sí,Se imprimieron lonas del vivero como medida de mitigación a los riesgos asociados con el desconocimiento del subproyecto por parte de los habitantes de San Juan de Abajo.,Continuar con las buenas prácticas. Se recomendará a la OLLC sobre la instalación de los letreros informativos de 1) el humedal artificial y 2) las plantaciones forestales,Sí,"Se han comunicado con las mujeres viveristas de Las Mapas y los productores de sandías y maíz con quienes realizan las plantaciones. De igual manera, se han comunicado con las personas que han participado en la limpieza del río.",,Sí,"Se realiza composta con desechos del vivero, se han generado diferentes espacios y medios de difusión de las actividades del sub-proyecto, para asegurar un alcance con los diferentes actores sociales de la comunidad (líderes, hombres y mujeres, y juventudes), etc.",Se recomienda a la OLLC desarrollar el plan de atención a incidentes y/o emergencias.,Sí,Paisajes Manejo Integral ha demostrado atender los posibles riesgos derivados de sus actividades.,,Sí,No se han identificado nuevos riesgos durante la última visita.,,Sí,El equipo de Paisajes Manejo Integral conoce el Manual de Operaciones y lo tiene presente en el desarrollo de su subproyecto.,,Sí,"Se confirmó en campo. Tanto personal técnico como administrativo reciben igual remuneración por su trabajo. Es decir, las 7 mujeres viveristas y 2 hombres que les ayudan con el riego y mantenimiento de las plantaciones.",,No,,,N/A,,,Sí,Dentro del vivero hay un decálogo de conducta que propicia la seguridad y sana convivencia dentro del vivero.,,Sí,Las viveristas y hombres que mantienen las plantaciones reciben capacitación constante por parte de personal técnico de Paisajes Manejo Integral.,,Sí,,"No todos lo conocen, se recomendó que fueran más enfáticos con ello.",Sí,Se hace composta con los residuos y se reutilizan bolsas forestales.,,Sí,La OLLC hace un manejo adecuado de los residuos dentro del vivero más no tienen un plan de gestión de residuos,Se recomendó a la OLLC contar con uno.,Sí,"Paisajes Manejo Integral ha llevado a cabo talleres de elaboración de bioinsumos, entre ellos bioplaguicidas. De igual forma, se elaboraron trípticos que señalan las recetas de producción de bioplaguicidas.",,Sí,Los técnicos de la OLLC tienen experiencia previa en estos temas.,,N/A,Las noticias de la biorremediación del humedal artificial (antigua laguna de oxidación) no han sido difundidas con las y los habitantes dado que actualmente contiene contaminantes.,Se habló del tema con la OLLC y se difundirá la noticia una vez las acciones de biorremediación comiencen.,N/A,La OLLC no utiliza este tipo de materiales,,N/A,,,Sí,,,N/A,No se han reportado emergencias o accidentes.,,No,No se realizan las actividades en territorio indígena,,No,Las actividades del subproyecto siempre se realizan de manera participativa con las y los habitantes de San Juan de Abajo.,,No,Se hizo la recomendación a la OLLC. Están en proceso de hacer el trámite por el ITESO.,Se recordó a la OLLC para que sea tramitado a través del ITESO.,Sí,"PMI implementa BIOCOMUNI (fauna)  con dos brigadistas comunitarios. De igual manera, monitorea las plantaciones que han realizado para procurar el progreso de los árboles.",,Sí,Se llevan a cabo plantaciones forestales de vegetación riparia y conservación de un humedal artificial. Se realizan campañas de limpieza de cuerpos de agua y actividades de educación ambiental como talleres de importancia del agua y/o la biodiversidad.,,No,,,,,,,,,,,,,,,,No,N/A,,,Sí,,,Sí,Hay una página en fb llamada “San Juan Sustentable” donde comparten avances de los subproyectos RIOS y CONECTA.,,Sí,Se realizan talleres de comunicación de avances del subproyecto abiertos a todo público y talleres con las mujeres viveristas para cohesionar el grupo.,,Sí,"En el taller POA fase 3 la OLLC invitó a una persona beneficiaria para que apoyara en el diseño del POA. Asimismo, las mujeres viveristas han participado en el diseño del modelo de negocios del vivero y su plan de salida cuando termine el proyecto RÍOS.",,Sí,Número de actividades para el fortalecimiento del grupo de mujeres.,,Sí,,,De 30% a 59%,Sí,"Paisajes Manejo Integral está comprometido con la inclusión de mujeres en el subproyecto. Destaca el grupo de mujeres viveristas de Las Amapas, conformado por 7 integrantes.",,Sí,"Sí, la OLLC tiene este tema en cuenta y realizan actividades sin comprometer el trabajo de las mujeres.",,Sí,Se han realizado talleres con las mujeres viveristas para hablar sobre cuestiones de género y convivencia entre mujeres.,,No,,,No,,Se recomendó que se comunique en cada evento,Sí,Se están sembrando árboles frutales dentro del vivero como una opción para el autoconsumo y la soberanía alimentaria. Las plantaciones forestales y el plan de biorremediación del humedal artificial abonan a la adaptación al cambio climático.,Se recomendó que sean especies nativas.,Sí,Las plantaciones forestales a lo largo del río.,,Sí,"Este año se realizará el taller ACVC. De igual manera, se han realizado talleres de la importancia del agua y la biodiversidad y su interdependencia con el bienestar social y los efectos del cambio climático sobre estos. Otras acciones para reducir la vulnerabilidad son los talleres que han realizado con niños de kinder y escuelas primarias.",,Sí,"Plantaciones forestales y talleres de gestión del agua y biodiversidad. De igual manera, el plan de biorremediación del humedal artificial.",
60,19/09/2025 13:48,19/09/2025 14:04,,anónimo,,,RÍOS,"Conservación de Acer Binzayedii y otras especies amenazadas en el Parque Estatal Bosque de Arce, ubicado en la cuenca Ameca-Mascota, Jalisco",AMS2207031,Mauricio Ortega Flores,,Fondo Regional,19/6/2025,Campo,Sí,Se asignó presupuesto para la compra de materiales reutilizables en el vivero para evitar la generación de residuos sólidos. También se compró un biofertilizante para evitar el uso de agrotóxicos. De igual manera se ha utilizado recurso para pagar como jornales a brigadistas forestales para hacer obras de prevención de incendios.,,Sí,"Regeneractivo ha mantenido una relación estrecha y de constante comunicación con los brigadistas forestales y habitantes de la localidad El Rubí. En este sentido, se han compartido los riesgos asociados al manejo de plantas en vivero y la colecta de semillas en la ANP, principalmente.",Continuar con esta labor y cualquier riesgo que surja a partir de las nuevas actividades a implementar durante esta tercera fase.,Sí,Se elaboró composta con residuos orgánicos (bokashi) y se realizaron talleres de producción de hortalizas.,,Sí,El personal técnico de Regeneractivo cuenta con experiencia en el manejo de germoplasma y actividades de restauración en campo lo cual ha permitido el correcto desarrollo de las medidas de mitigación del Anexo 05,,Sí,Hasta el momento no han tenido ningún inconveniente y se han implementado adecuadamente dichas medidas.,,Sí,Regeneractivo conoce el Manual de Operaciones y lo tiene presente en el desarrollo de su subproyecto.,,Sí,Se confirmó en campo. Tanto personal técnico como administrativo reciben igual remuneración por igual trabajo.,,No,,,N/A,,,Sí,"Para la colecta de semillas en árboles madre utilizan equipo adecuado. De igual manera, en el vivero se utilizan botas, guantes y equipo con mangueras y aspersores para facilitar el trabajo.",,Sí,La viverista recibe capacitación constante por parte de personal técnico de Regeneractivo como el manejo de residuos del vivero.,,Sí,"Sí, se confirmó con Isabel (viverista) y Heriberto (brigadista forestal).",,Sí,"El uso de agua se hace de manera racionada en horarios donde las plantas mejor aprovechen este recurso y no se evapore. De igual manera, para las acciones de restauración, se ha utilizado madera muerta de forma racionada para la elaboración de obras de retención de suelos y madera acordonada.",,No,La OLLC hace un manejo adecuado de los residuos dentro del vivero más no tienen un plan de gestión de residuos,Se recomendó a la OLLC contar con uno.,Sí,"Carolina Vásquez, ingeniera agrónoma y co-encargada del vivero cuenta con un plan para el manejo de plagas, las cuales, específica ella, no han afectado significativamente a las plantas.",,Sí,"Se capacitó a la encargada del vivero, Isabel Ochoa.",,N/A,Las actividades del subproyecto no involucran exposición de algún tipo a enfermedades transmisibles.,,N/A,Las actividades del subproyecto no involucran el manejo de materiales peligrosos.,,Sí,"El subproyecto tiene un componente importante relacionado con el manejo del fuego. Actualmente están midiendo diferentes variables dentro de la ANP para evaluar la vulnerabilidad de ciertas zonas a incendios. De igual manera, han hecho diferentes guardarrayas (brechas cortafuego) para impedir el paso del fuego. De igual manera, la OLLC trabaja estrechamente con brigadistas estatales.",,Sí,,,N/A,No se han reportado emergencias o accidentes.	,,No,No se realizan actividades que afecten la tenencia de la tierra.,,No,Las actividades del subproyecto siempre se realizan de manera participativa con las y los habitantes de San Juan de Abajo y no generan restricciones de acceso o uso de la tierra.,,No,"Se realizó el trámite con la SEMARNAT, pero desafortunadamente no les ha dado respuesta. De cualquier manera, cuentan con el respaldo de la SEMADET a nivel estatal.",Dar seguimiento al trámite,Sí,"Regeneractivo implementa monitoreo comunitario de fauna (metodología del Proyecto RÍOS)  y monitoreo propio de anfibios, reptiles y vegetación. El monitoreo de anfibios y reptiles puede derivar en una publicación física en conjunto con la UDG. Además, se contrató una consultoría de análisis forestal para estimar biomasa, carbono, diversidad, regeneración y riesgo de incendios",,Sí,"En agosto del 2024, Regeneractivo llevó a cabo actividades de restauración dentro de la ANP, lo cual promueve indirectamente la conservación de la biodiversidad. Están en proceso de instalar un sendero interpretativo que concientice a las y los visitantes de la ANP y han realizado obras de restauración de suelos y prevención de incendios.",,No,,,,,,,,,,,,,,,,No,N/A,,,Sí,Sí conocen sus objetivos.,,Sí,"Regeneractivo ha participado en un programa televisivo, así como en campañas de como la de “Peregrino Sustentable” de JISOC y de la carrera anual que se realiza en el camino que lleva a la ANP.",,Sí,"Los talleres mencionados fueron un primer espacio para conocer las inquietudes de las habitantes de El Rubí. Dado que no habían tenido mayor incidencia anteriormente en esta localidad, se pretende que en esta fase se desarrollen más espacios de gobernanza.",,Sí,"Como se mencionó anteriormente, los talleres fueron realizados a partir de las necesidades de las mujeres del Rubí. Se continúan diseñando eventos con base a sus intereses",,Sí,Revisar POA Fase 3,,Sí,,,De 30% a 59%,Sí,"Regeneractivo colabora estrechamente con mujeres de la localidad El Rubí por medio de capacitaciones en la elaboración de lombricomposta y bokashi, así como la elaboración de bancales para cultivar hortalizas. Cabe mencionar que estos talleres fueron propuestos por las mujeres de El Rubí.",,Sí,"Sí, la OLLC tiene este tema en cuenta y realizan actividades sin comprometer el trabajo de las mujeres.",,Sí,,,No,,Revisar el directorio de organizaciones especializadas en violencia de género para tener la información a la mano en caso de necesitarla. https://www.dropbox.com/scl/fo/duascf0z75xuyy8atuj5g/ACkklByUF4zRKD6xC7uJlno?rlkey=ttvwkmhdnow44t4roud456rhi&e=1&st=jey4icsz&dl=0,No,,Socializar el MAQyC en cada evento.,Sí,Las acciones de restauración de suelos y guardarrayas son un claro ejemplo de ello ya que genera resiliencia y una línea de defensa de la ANP ante  los incendios exacerbados por el cambio climático. El acordonamiento de madera también es un ejemplo de ello ya que impide la erosión del suelo ante lluvias más fuertes.,,Sí,Las actividades de restauración mitigan los efectos del cambio climático dada la captura de carbono por parte de los nuevos árboles plantados.,,Sí,Los talleres de composta (lombricomposta y bokashi) y de producción de hortalizas para aumentar la soberanía alimentaria en El Rubí y de esta forma reducir la vulnerabilidad social de las mujeres.,Se realizará el taller ACVC en julio.,Sí,"Los talleres de elaboración de composta y cultivo de hortalizas promueven la soberanía alimentaria y por consiguiente, la vulnerabilidad al cambio climático.",