Id,Hora de inicio,Hora de finalización,Marca temporal,Correo electrónico,Dirección de correo electrónico,Nombre,Proyecto,Título del Sub-proyecto,Clave de Sub-proyecto,Nombre de quien verifica,"Institución de quien verifica (FMCN, Fondo Regional)",Fecha de llenado de la ficha,Modo de verificación,1. ¿Se destinó presupuesto para la implementación de las medidas de mitigación incluidas en el Anexo 5 del Subproyecto?,1. Descripción de avance,1. Recomendaciones,"2. ¿Los posibles riesgos e impactos identificados, así como las medidas de mitigación propuestas en el Anexo 5 del Subproyecto han sido divulgadas y socializadas con las partes interesadas?",2. Descripción de avance,2. Recomendaciones,3. ¿Se implementaron las medidas de mitigación propuestas en el Anexo 5 y POA vigente del PGAS?,3. Descripción de avance,3. Recomendaciones,4. ¿La OLLC cuenta con las capacidades y conocimientos locales suficientes para la implementación de las medidas de mitigación incluidas en el Anexo 5 y POA del Subproyecto?,4. Descripción de avance,4. Recomendaciones,5. ¿Las medidas de mitigación propuestas en el Anexo 5 y POA se consideran suficientes para reducir los riesgos e impactos identificados y con ello dar cumplimiento a los requisitos del MGAS y los EAS?,5. Descripción de avance,5. Recomendaciones,"6. ¿Las actividades técnicas, administrativas y de campo de la OLLC se desarrollan conforme a los lineamientos estipulados en el Manual de Operaciones, incluyendo los Procedimientos de Gestión de Mano de Obra establecidos en el MGAS?",6. Descripción de avance,6. Recomendaciones,7. ¿Las y los trabajadores reciben igual remuneración por igual trabajo?,7. Descripción de avance,7. Recomendaciones,"8. ¿Trabajan en el Subproyecto de forma remunerada personas migrantes sin estatus legal en el país, menores de 16 años y/o personas que realizan el trabajo de forma forzada o no voluntaria?",8. Descripción de avance,8. Recomendaciones,"9. En caso que participen de forma no remunerada menores de 16 años en las actividades del subproyecto como parte de la transmisión de conocimiento entre generaciones, ¿Éstas actividades interrumpen su descanso y educación o son realizadas en horarios nocturnos?",9. Descripción de avance,9. Recomendaciones,10. ¿Se implementan medidas de seguridad y salud ocupacional para garantizar un ambiente de trabajo adecuado?,10. Descripción de avance,10. Recomendaciones,11. ¿Se fortalecen las capacidades y habilidades para la prevención de riesgos de trabajo de las personas involucradas en las actividades del subproyecto a través de la capacitación constante o periódica?,11. Descripción de avance,11. Recomendaciones,12. ¿El MAQyC del proyecto es conocido y accesible para las personas  beneficiarias?,12. Descripción de avance,12. Recomendaciones,"13. ¿Se implementan medidas para hacer un uso eficiente y sostenible de los recursos disponibles, incluyendo la energía, el agua y las materias primas?",13. Descripción de avance,13. Recomendaciones,14. ¿Se cuenta con un Plan para la adecuada Gestión de Residuos conforme a las directrices establecidas en la Guía para la Gestión de Residuos y Sustancias Peligrosas establecidas en el Apéndice D del MGAS?,14. Descripción de avance,14. Recomendaciones,15. ¿Se cuenta con un Plan para el adecuado Manejo de Plagas y Vectores conforme a las directrices establecidas en el Apéndice E del MGAS?,15 Descripción de avance,15. Recomendaciones,16. ¿Se cuenta con las capacidades y conocimientos locales suficientes para la implementación de las medidas de mitigación incluidas en el Anexo 5 y POA del PGAS con relación a la Gestión de Residuos y/o Manejo de Plagas y Vectores?,16. Descripción de avance,16. Recomendaciones,17. ¿Se aplican medidas y/o protocolos para evitar y minimizar la posible exposición de la comunidad a enfermedades que pudieran derivarse de las actividades del subproyecto?,17. Descripción de avance,17. Recomendaciones,"18. ¿Se implementan medidas y acciones para controlar el adecuado manejo de materiales peligrosos, su almacenamiento y transporte, así como la disposición de desechos y materiales peligrosos evitando la exposición de la comunidad?",18. Descripción de avance,18. Recomendaciones,19. ¿Se promueven prácticas de manejo del fuego que minimicen o neutralicen impactos negativos?,19. Descripción de avance,19. Recomendaciones,20. ¿Se promueven medidas efectivas para abordar las emergencias o contingencias y/o se cuenta con un Plan de Respuesta ante Emergencias (PRE)?,20. Descripción de avance,20. Recomendaciones,"21. En caso se haya registrado una emergencia o accidente en los últimos 6 meses, ¿fue reportada y abordada de forma oportuna y efectiva?",21. Descripción de avance,21. Recomendaciones,"22. ¿Las actividades implementadas en el marco  del Subproyecto generan restricciones de acceso y/o uso de la tierra y/o de los recursos naturales (dentro o fuera de Áreas Naturales Protegidas), ya sea para todas las personas o para grupos específicos?",22. Descripción de avance,22. Recomendaciones,23. ¿Se cuenta con permiso de autorización por parte de la SEMARNAT y un plan de manejo vigentes para el aprovechamiento sostenible de las especies de flora y fauna terrestres y acuáticas consideradas?,23. Descripción de avance,23. Recomendaciones,"24. ¿Se implementan actividades de monitoreo de los recursos naturales (ejemplo, forestal, de biodiversidad, agua, suelo, carbono, entre otros)?",24. Descripción de avance,24. Recomendaciones,25. ¿Se implementan medidas o buenas prácticas para la conservación de la biodiversidad dentro de las actividades desarrolladas en el Subproyecto?,25. Descripción de avance,25. Recomendaciones,26. ¿El subproyecto se implementa en al menos un municipio indígena? (40% y más de Pob. Ind. INPI)  o  ¿El porcentaje de personas indígenas beneficiarias del subproyecto es mayor al 40%?,"28. ¿Existen mecanismos de participación, diálogo, consulta y toma de decisión culturalmente apropiados y efectivos para la población indígena?",28. Descripción de avance,28. Recomendaciones,29. ¿Participan del subproyecto personas indígenas de diferentes géneros y edades?,29. Descripción de avance,29. Recomendaciones,"30. ¿Se respetan las normas, usos y costumbres sobre el acceso, uso y disfrute de sus territorios, recursos y patrimonio cultural? ",30. Descripción de avance,30. Recomendaciones,31. ¿Se consideran y valoran los conocimientos y prácticas indígenas que se alinean con la gestión sustentable de los ecosistemas y recursos?,31. Descripción de avance,31. Recomendaciones,32. ¿El MAQyC es conocido y accesible para la población indígena relacionada con el subproyecto?,32. Descripción de avance,32. Recomendaciones,33. ¿Se identifica patrimonio cultural que pueda verse afectado por las actividades del Subproyecto?,34. ¿Los hallazgos fueron reportados y  gestionados adecuadamente conforme al Procedimiento a Seguir para Proteger el Patrimonio Cultural?,34. Descripción de avance,34. Recomendaciones,"35. ¿Los individuos o grupos involucrados en el subproyecto conocen su naturaleza, objetivos y avances en la implementación?",35. Descripción de avance,35. Recomendaciones,36. ¿Existen plataformas o mecanismos de divulgación y socialización del Subproyecto más allá de las personas beneficiarias directas?,36. Descripción de avance,36. Recomendaciones,37. ¿Se apoya la creación o fortalecimiento de espacios de participación y gobernanza locales? Indicar cuáles en descripción de avance,37. Descripción de avance,37. Recomendaciones,38. ¿Las partes interesadas participan de manera plena y efectiva en el diseño y/o implementación de las Comunidades de Aprendizaje conocen su naturaleza y alcances?,38. Descripción de avance,38. Recomendaciones,39. ¿Se cuenta con un indicador de género en el POA del subproyecto?,39. Descripción de avance,39. Recomendaciones,40. ¿Se observan avances hacia el cumplimiento de la meta de género?,40. Descripción de avance,40. Recomendaciones,41. ¿Cuál es el porcentaje de mujeres beneficiarias directas del subproyecto?,42. ¿Se implementan medidas y/o actividades para promover y facilitar la participación activa de mujeres y hombres?,42. Descripción de avance,42. Recomendaciones,"43. ¿Las responsabilidades, costos y beneficios del subproyecto se distribuyen de forma equitativa entre hombres y mujeres?",43. Descripción de avance,43. Recomendaciones,"44. ¿Se posee, difunde e implementan acuerdos de convivencia, códigos de conducta y/o protocolos de acción para prevenir la violencia de género en el marco de las actividades del subproyecto?",44. Descripción de avance,44. Recomendaciones,45. ¿Se ha realizado referencia a las personas beneficiarias a servicios locales de acompañamiento y denuncia ante casos de violencia de género?,45. Descripción de avance,45. Recomendaciones,46. ¿El MAQyC es conocido y accesible para las mujeres  relacionadas con el subproyecto?,46. Descripción de avance,46. Recomendaciones,Cargo de quien verifica
,,,3/2/2026 22:09:22,,isauro_cortes@fogomex.org,,CONECTA,,AMS2207038,"Isauro Cortés, Beatriz Castillo",Fondo Regional,7/10/2025,"Campo, Reporte",Sí,Las actividades se realizan con acciones para mitigar los impactos sociales y ambientales para lo cual el presupuesto se destina para cumplir con dichas medidas.,Se recomienda construir y generar protocolos de seguridad y manejo de residuos.,Sí,La organización planea semanalmente sus actividades y se coordinan para los traslados a campo y reuniones de capacitación del personal.,"Si se construye el protocolo, difundir en las partes interesadas.",Sí,"Se realizó el apoyo logístico, de capacitación, materiales y facilidades para que técnicos, promotores y consultores llevaran a cabo sus acciones tomando en cuenta las medidas propuestas.","Destinar recursos estratégicos para fortalecer sus medidas como surtir botiquín y tener equipo de protección ante el sol, la lluvia y el frio.",Sí,El rancho Agrosol se ha vuelto un referente en la región con más de 15 de formación de técnicos y estudiantes; además de que los técnicos conocen el territorio y se relacionan con el sector primario con sensibilidad y cercanía desde hace años.,Continuar fortaleciendo las relaciones con los beneficiarios y las beneficiarias de cara al cierre del proyecto.,Sí,Se han seguido las medidas propuestas y no se han presentado eventos negativos durante el desarrollo,"Para Fase III, se les invita actualizar el anexo 5  de acuerdo al nuevo contexto y necesidades identificadas.",Sí,Como se menciona los trabajadores cuentan con la prestación de seguridad social y se siguen los procesos de contratación y comprobación siguiendo el manual y la normatividad vigente.,Seguir fomentando la contratación con las prestaciones de ley. Seguir fortaleciendo los procedimientos del manual de operaciones.,Sí,"Sí, los dos aprendices Daniela Pedraza y Misael Román reciben el mismo salario y realizan las mismas actividades.",Continuar con esta práctica.,No,En el subproyecto no trabajan migrantes ni menores de edad,,N/A,,,No,Se tienen protocolos internos de la OLLC para sus salidas a campo pero son acuerdos internos no escritos,Explorar poner por escrito dichos protocolos,Sí,"Al contar con una capacitación constante sobre permacultura, agricultura y pastoreo, las y los técnico cuentan con capacidades para prevenir algún accidente de trabajo.",Continuar fortaleciendo sus programas de formación y poner énfasis en la prevención de riesgos.,Sí,El mecanismo se difunde en cada sesión de capacitación poniéndolo a disposición de los participantes.,Seguir fomentando el mecanismo para asegurar una mejor implementación de la Fase III.,Sí,Justamente la implementación de la tecnología de los cercos eléctricos hace un uso eficiente de la energía al requerir poco voltaje. Otra acción es el uso de bebederos los cuales evitan la contaminación de cuerpos de agua y reducen el gasto energético del ganado.,Dar seguimiento a las actividades en lo que resta del subproyecto.,No,"Sí bien no existe un plan escrito, todos los materiales y residuos que se llevan acampo como equipos, insumos de los cercos eléctricos y bolsa de árboles para reforestación son dispuestos por los técnicos en depósitos locales de basura. No se manejan residuos peligrosos.",Elaborar un plan de manejo de residuos.,No,El manejo rotativo del potrero impulsa que no se dispersen especies no aptas para el pastoreo y que en mediano y largo plaza tienden a invadir áreas del potrero.,Continuar con el manejo del ganado en rotación para seguir mejorando potreros.,Sí,Los técnicos cuentan con capacidades y hacen buenas prácticas que permiten disminuir los riesgos de vectores.,"Los técnicos tienen además de una formación técnica-agronómica llevan muchos años implementando saberes, los cuáles se fortalecen con la participación de las y los productores.",No,Afortunadamente en las comunidades todavia se cuentan con cuerpos de agua sin fuentes de contaminación y los ranchos ranchos se surten de manantiales.,"Monitorear previo a las visitas de campo si hay indicios de resfriados, fiebres o malestares ante posibles brotes de COVID o influenza.",No,En el subproyecto no se realiza manejo de residuos peligrosos,,No,El subproyecto no realiza manejo del fuego.,Recomendar a ganaderos que realizan quemas para sembrar pastos que tomen las medidas de prevención y avisos a las autoridades locales.,No,No se cuenta con un plan de respuesta a emergencias,Construir un plan de respuesta a emergencias.,N/A,No se han registrados eventos o accidentes en los últimos 6 meses o durante el inicio del subproyecto.,,No,Las actividades se desarrollan en predios de propiedad privada,,N/A,Los árboles utilizados en la restauración fueron donados por la secretaria de medio ambiente de Veracruz y no hubo especies en alguna categoría de riesgo.,Dar seguimiento a los árboles sembrados durante lo que resta del subproyecto.,No,"Debido a retrasos para el arranque del subroyecto para la Fase II, Agrosol no realizo el monitoreo. Los equipos ya fueron devueltos a FGM para el uso de otras OLLCs que lo requirieron.",,Sí,"El manejo ganadero ordenado permite un menor impacto de los animales al entorno. Además, el recuperar áreas para reforestación con especies nativas permite generar corredores entre los potreros.",,No,,,,,,,,,,,,,,,,No,,,,Sí,El subproyecto es conocido y tiene el aval de los productores.,Fortalecer las colaboraciones que se tienen con otras instituciones y organizaciones en la región.,No,Se han difundido las acciones y primeros resultados del sub proyecto a través del programa de Veracruz agropecuario con alcance estatal y regional.,Aprovechar otras plataformas regionales para difundir los impactos del subproyecto,No,La atención a los ganaderos es personalizada y solo para las capacitaciones se realizan reuniones.,Involucrar a las autoridades locales y construir estrategias que involucren a la comunidad fortaleciendo la gobernanza local.,Sí,"En el subproyecto, los técnicos han participado en eventos de la comunidad de aprendizaje como el taller de MRR.",Fomentar colaboraciones con otros subproyectos en temas de ganadería.,Sí,Se tiene el indicador de personas capacitadas (mujeres),Contabilizar a las personas beneficiarias desagregadas.,Sí,40% de los beneficiarios son mujeres.,Seguir capacitandose y fortaleciendo las capacidades en género,De 30% a 59%,Sí,Se está explorando realizar un taller para la elaboración de quesos debido al interés que hubo de las esposas de los ganaderos.,Seguir impulsando acciones que involucre a las mujeres.,No,"La mayoría de los beneficios son para los hombres; sin embargo, existen incentivos para las esposas de los ganaderos que hacen que participen en acciones de capacitación al involucrarse en las tareas de ordeño y venta de leche.",Fomentar la participación de las mujeres para disminuir las brechas de género en las comunidades,No,"No se cuenta con acuerdos de convivencia de manera escrita, pero con la consultoría de género se está poniendo énfasis en las desigualdades que sufren las mujeres en los medios rurales, lo que hace que se revalorice su trabajo en la ganadería.",Se puede trabajar un código de ética y buenas prácticas para difundir entre la organización y beneficiarios para prevenir la violencia de género.,No,No se han reportado denuncias de violencia de género,Estar atentos y abiertos a cualquier situación que pueda escalar en violencia y acudir con autoridades especialidades,Sí,El mecanismo se difunde en reuniones y talleres de capacitación.,Seguir difundiendo el mecanismo en cada sesión.,Oficial de programa
,,,3/2/2026 20:57:52,,isauro_cortes@fogomex.org,,CONECTA,,AMS2412002,"Isauro Cortés, Beatriz Castillo",Fondo Regional,18/8/2025,"Campo, Reporte",Sí,Las actividades están encaminadas a tener impactos positivos en el ambiente y en las comunidades a través de acciones para restaurar y reducir los impactos con prácticas agroecológicas.,Continuar fortaleciendo las medidas de mitigación en las áreas prioritarias como son la biofábrica y los viveros. ,Sí,Los participantes y beneficiarios conocer los componentes del subproyecto y participan activamente en la planeación de las actividades.,Dar seguimiento a los eventos de puertas abiertas que se han realizado en las fases previas y continuar con la socialización de los impactos,Sí,Se cuenta con la evidencia donde se implementaron las medidas de mitigación y buenas prácticas en las actividades del subproyecto,Seguir fortaleciendo las medidas en esta última fase del subproyecto.,Sí,La OLLC si cuenta con la experiencia y las capacidades para implementar las acciones de mitigación ya que cuenta con los elementos técnicos y sociales para llevarlas a cabo.,Seguir fortaleciendo las capacidades al interior de la OLLC en temas que sean necesarios reforzar.,Sí,Las medidas son suficientes,Seguir fortaleciendo este aspecto mediante la actualización de las medidas de acuerdo con los contextos actuales.,Sí,Muchas de los trabajos se realizan a través de faenas y tequios lo que ha fortalecido al grupo. Las personas que están contratadas siguen los procesos de contratación que dicta el manual.,Seguir cumpliendo los lineamientos del manual de operaciones en esta última fase.,Sí,"Las personas que son contratadas para realizar actividades de seguimiento y el monitoreo, reciben el mismo salario independientemente de su sexo y/o género.",Continuar fortaleciendo estos esquemas a nivel local para ir reduciendo las brechas de género.,No,No hay personas migrantes ni menores de 16 años trabajando en el subproyecto.,Ninguna,N/A,,,Sí,"Los trabajos que se realizan en campo, sobre todo en viveros y biofábricas se realizan con equipo de protección.",Mantener las medidas de seguridad y fortalecer con adecuaciones que respondan a necesidades.,Sí,La capacitación ha sido constante desde el inicio en cuanto medidas de mitigación en la implementación ,Seguir con las capacitaciones en medidas de prevención de riesgos de trabajo.,Sí,El MAQyC se ha difundido durante la implementación del subproyecto.,Seguir difundiendo el mecanismo en esta última fase de cara al cierre del proyecto.,Sí,"Se ha dado prioridad a reciclar muchos de los recursos disponibles en la región como corteza de coco, tallos de plátano e insumos que se consiguen con facilidad como cal agrícola y azufre para control de plagas.",Continuar con el uso de recursos disponibles que funcionen para implementarse en los módulos de vainilla.,No,El subproyecto no maneja residuos peligrosos,,No,"No se cuenta con un plan como tal, pero si se tienen procedimientos para control de plagas sobre todo hongos que atacan los módulos y los viveros de vainilla, los cuáles se combaten con cal agrícola y con caldos sulfocálcicos.",Construir un plan de manejo de plagas que pueda ser de utilidad para dar seguimiento a los módulos cuando termine el proyecto.,Sí,La OLLC cuenta con la experiencia en el cultivo de bosques comestibles sobre todo en el manejo agroecológico ,"Seguir fortaleciendo las capacidades en los equipos que están en campo para seguir combatiendo las plagas, sobre todo en un contexto de cambio climático donde se han tenido dos años de sequía seguidos de un año con altas precipitaciones",No,"No se cuenta con un protocolo ante una posible exposición a un vector derivado de las actividades del subproyecto, hasta ahora no se ha detectado un riesgo mayor.",Estar atentos ante posibles riesgos,No,El subproyecto no maneja ni emplea sustancias peligrosas,,No,No se realizan acciones de manejo del fuego; sin embargo en la región se aplican quemas en el cultivo de caña o para preparar cultivo de limón.,Estar alerta ante posibles quemas en predios colindantes y que afecten a los módulos de bosque comestibles.,No,"No se cuenta con un protocolo de respuesta a emergencias, afortunadamente no se han presentado accidentes.",Contar con un protocolo de seguridad y explorar algunas capacitaciones en primeros auxilios.,No,,,No,,,No,"Las especies que se están reproduciendo en los viveros no se encuentran normadas, en su mayoría son especies comerciales adaptadas a los ecosistemas de Jalcomulco","Tener documentado sobre la procedencia del germoplasma utilizado, esto tambien para contar con garantías ante mortandad de planta.",Sí,Si se realiza el monitoreo comunitario de biodiversidad y de agua.,Continuar con el monitoreo de la época de lluvias y consultar a los encargados del monitoreo cualquier inquietud o solicitud.,Sí,Se ha dado prioridad a rescatar especies locales que conservan la biodiversidad local a través de la atracción de flores y frutos para aves y otras especies nativas de fauna.,,No,,,,,,,,,,,,,,,,No,,,,Sí,Los participantes del subproyecto conocen el objetivo y los alcances de las actividades desde el inicio hasta la implementación de la fase III.,Dar a conocer los resultados una vez que finalice el proyecto.,Sí,Se han realizado eventos de difusión a través de un día de puertas abiertas y se han recibido estudiantes en el vivero principal.,Difundir los resultados antes del cierre del proyecto.,Sí,Con este subproyecto se fortalece al grupo de defensa del territorio y lo permite articular con otras iniciativas locales sobre todo en temas de monitoreo del río Pescados.,Seguir fortaleciendo la gobernanza local a través de intercambios y difusión de resultados.,Sí,La OLLC ha participado en la comunidad de aprendizaje a través de los eventos que sean realizado en Veracruz y con el intercambio de semillas como la pimienta y canela con otros subproyectos.,Seguir fortaleciendo los vínculos con otros actores,Sí,Se tienen indicadores desagregados por género donde se visibiliza la participación de mujeres en el subproyecto.,Dar seguimiento a los indicadores donde se contabilice la participación de mujeres.,No,Se documenta la participación desagregada en la base datos de beneficiarios,Continuar documentando la participación desagregada.,De 30% a 59%,Sí,Se han tenido talleres de inclusión de género.,Seguir fortaleciendo las capacidades de la OLLC en temas de género.,Sí,Hay una participación de 37% de mujeres y 63% de hombres y las responsabilidades son equitativas.,,No,No se cuenta con un código de conducta o medidas escritas para prevenir la violencia de género,Explorar la construcción colectiva de un protocolo de prevención de violencia,No,No se han reportado eventos de violencia,,Sí,Se sigue difundiendo el Mecanismo en esta tercera fase del proyecto,Seguir difundiendo el mecanismo en esta última etapa de proyecto.,Oficial de programa
,,,3/2/2026 19:19:11,,caguilar@fondoeltriunfo.org,,CONECTA,,AMS2207021,Carla Aguilar,Fondo Regional,3/12/2025,"Campo, Reporte, Otras",Sí,"- Se realizaron capacitaciones sobre producción de bioinsumos; elaboración del sustrato y preparación de la semilla en siembra; elaboración de caldos minerales, replica preparación y siembra de semilla de cacao, elaboración de injertos y transformación de cacao a chocolate; 
- Se instalaron viveros familiares para continuar los sistemas agroforestales para la producción de más de cinco mil plantas. 
- Se realizaron monitoreo de sistemas agroforestales. ",Integrar en el seguimiento técnico de los viveros el manejo de residuos y contaminación. ,Sí,"Se realiza socialización de las actividades, en la visita realizada en marzo de 2025, se hizo la recomendación prioritaria que la OLLC presentara le plan de trabajo, ya que se identificó poca claridad de las estrategias generales entre el grupo de trabajo. De acuerdo con los reportes la OLLC realizó sesiones para la Fase III en donde se presentó el plan de trabajo a las personas integrantes  y el compromiso de continuar con las actividades de Conecta. ",Realizar sesiones para presentar las oportunidades y los avances dentro del grupo de trabajo. ,Sí,Se implementaron acciones de seguimiento en los talleres.,"Verificar la socialización de información del proyecto, el adecuado seguimiento técnico por parte de las personas de apoyo e identificar necesidades de mejora por parte del equipo técnico.",Sí,"Se mejoró el proceso de capacitación en manejo agroecológico, en las buenas prácticas de sistemas agroforestales y manejo de plagas. ","- La misma OLLC mencionó que en temas de manejo de conflictos comunitarios no contaba con las herramientas para el seguimiento resolutivo del mismo, el cual tuvo impacto en los objetivos por los cambios de liderazgos. Es un tema que se priorizará como capacitación a nivel regional en futuros proyectos. 

- Mejorar la gestión de residuos y contaminación ",Sí,"Se mejoró el proceso de capacitación en manejo agroecológico, en las buenas prácticas de sistemas agroforestales y manejo de plagas. ",Reforzar la gestión de resiudos. ,Sí,"Durante el inicio de Fase III se realizó una visita con recomendaciones prioritarias las cuales de acuerdo con los reportes se han dado seguimiento, esto incluyó mejoras en técnicas de manejo agroecológico, seguimiento con el grupo de productores. ",Continuar con la socialización de actividades y planeación en conjunto con el grupo de productores. ,Sí,Dentro de las recomendaciones fue revisar el objetivo de ,,No,,,No,NA,NA,No,Se necesita dar seguimiento por parte del FR y OLLC a los protocolos para la atención de casos de violencia y el equipo de protección para temas de manejo de sistemas agroforestales. ,"Mencionado en caso anterior, se dará seguimiento en la visita. ",N/A,NA,NA,Sí,"Se ha presentado durante las reuniones, sin embargo no asisten todas las personas dentro del grupo, lo cual queda parcial. ",Fortalecer la socialización de las herramientas en el mecanismo de atención a quejas y consultas. ,Sí,"Se fortalecieron los conocimientos en manejo agroecológico de compostas, manejo de plagas. ","Una de las necesidades mencionadas por una productora fue la enesidad de tener sistemas de riego para la implementación de SAFs por las condiciones de ciertos terrenos, sin embargo, por el avance del subproyecto no se priorizó, sin embargo queda como una recomendación para futuros proyectos. ",N/A,,,Sí,Se está realizando un proceso de formación que incluye el manejo de plagas por medios agroecológicos. ,Fortalecer el manejo del SAF (podas y métodos de seguridad para el mismo),Sí,Mencionado en comentario anterior,mencionado en comentario anterior,N/A,,,N/A,,,N/A,,"Se recomienda vincularse para el manejo de los SAF y su protección para el largo plazo, ya que la quema es uno de los principales riesgos en las zonas altas de la cuenca. ",N/A,,,N/A,,,No,No se restringe la participación de acuerdo con el uso de la tierra. ,Sin recomendación,N/A,"Aunque se cuenta con viveros familiares, el tipo de planta no requiere permiso de la SEMARNAT. ",Se recomienda anexar el tipo de especies del vivero y que no entran de categorías con manejo especial. ,Sí,Se han realizado los monitoreos de agua y biodiversidad en el semestre. ,Subir la información correspondiente a las carpetas señaladas. ,Sí,"El propósito es la reconversión de zonas de potreros a sistemas agroforestales es la reforestación de zonas para el manejo de pago ambiental por bonos de carbono, por lo cual todas las acciones del proyecto van enfocadas a la conservación y restauración de los sistemas. ",Fortalecer la gestión de residuos del vivero yr eforestación (se encontraron bolsas de plantasen las parcelas). ,No,,,,,,,,,,,,,,,,No,,,,Sí,Mencionado anteriormente,Mencionado anteriormente,Sí,"Han participado en los inteercambios de experiencia de FONCET, han realizado intercambios de experiencia de temas técnicos con el grupo de productores. (manejo de cacao). ",NA,Sí,Se dio atención a la solicitud de marzo 2025. ,,Sí,,,Sí,"Se está planeando en conjunto con FONCET para marzo de 2026, realizar el taller de finanzas para mujeres. ",,Sí,Se han incorporado mujeres al programa de Scolel'te para pagos de bonos de carbono de reconversión de zonas de potreros a SAFS. ,,De 30% a 59%,Sí,"Se considera la participación de las hijos e hijos de productor@s en los intercambios de experiencia, incluidos fuera de la región.  ",Identificar necesidades específicas de acuerdo con la visita en marzo de 2025. ,Sí,"Anteriormente, en el tema de técnicos comunitarios sólo quedó una técnica la cual tenía la responsabilidad de seguimiento mayor que otros participantes. Se cambió la estrategia a tener estancias de personas profesionales con actividades concretas de seguimiento y monitoreo de actividades en apoyo al técnico, evitando la carga a una persona. ",Identificar estos riesgos previos a la contratación de las y los técnicos. ,N/A,,,N/A,,,N/A,,Se dará seguimiento en la visita de acompañamiento y supervisión. ,Oficial Conecta Chiapas
,,,30/1/2026 21:24:57,,caguilar@fondoeltriunfo.org,,CONECTA,,AMS2207023,Carla Aguilar,Fondo Regional,3/12/2025,"Campo, Reporte, Otras",Sí,"- Se realizaron actividades de manejo del fuego a través de la brigada comunitaria contra incendios, monitoreo de actividades de caza y tala ilegal, brechas corta fuego, monitoreo de biodiversidad, manejo de residuos. 

- Se realizaron capacitaciones para manejo de cafetales y vivero con bioles y composta en 2024 y 2025. 

- Se realizaron diagnósticos de suelo para un mejora manejo agroecológico de los mismos adecuado a las necesidades de nutrientes del suelo a finales de 2024. 

- Se realizan sesiones de tomas de decisiones para temas como planeación de ordenamiento territorial, turismo comunitario y planificación en conjunto con el GP en 2025. 

- Continúa el vivero comunitario liderado y en su mayoría conformado por mujeres, con uso de bioles para su fertilización y reciclaje de material como bolsas de vivero. 
",Ninguna ,Sí,La OLLC presenta propuestas y actividades para aprobación y discusión del grupo. ,"En 2024 el grupo solicitó mayor transparencia del presupuesto ejercido, se recomienda a la OLLC, realizar una sesión de cierre con los avances y presupuesto ejercido durante la duración del proyecto. ",Sí,"Se realizaron todas las actividades mencionadas: 

- Se realizaron actividades de manejo del fuego a través de la brigada comunitaria contra incendios, monitoreo de actividades de caza y tala ilegal, brechas corta fuego, monitoreo de biodiversidad, manejo de residuos. 

- Se realizaron capacitaciones para manejo de cafetales y vivero con bioles y composta en 2024 y 2025. 

- Se realizaron diagnósticos de suelo para un mejora manejo agroecológico de los mismos adecuado a las necesidades de nutrientes del suelo a finales de 2024. 

- Se realizan sesiones de tomas de decisiones para temas como planeación de ordenamiento territorial, turismo comunitario y planificación en conjunto con el GP en 2025. 

- Continúa el vivero comunitario liderado y en su mayoría conformado por mujeres, con uso de bioles para su fertilización y reciclaje de material como bolsas de vivero. 

","Uno de los aspectos pendientes de 2024 era el equipamiento de la brigada contra incendios, se presupuestó para 2026 la adquisición de equipo como radios de comunicación. ",Sí,"Durante 2025 la brigada realizó acciones de manejo de fuego en el ejido y en ejidos vecinos y amplió sus acciones al realizar una casa de vigilancia para actividades de monitoreo de actividades ilegales, incendios y vigilancia. 

También se han realizado brigadas de recolección de residuos. 

Se continuó con la diversificación de cafetales con especies locales.",Sin recomendaciones adicionales,Sí,Mencionadas anteriormente,Sin recomendaciones adicionales,Sí,"Se realizaron todos los procesos, sin embargo en 2025 las mismas personas del vivero preguntaron sobre la aprobación de jornales como parte de los acuerdos, ya que por el mismo proceso se realizaron atrasos en los pagos de más de tres meses de lo planeado. Durante la visita de supervision con FONCET, se aseguró que el presupuesto estaba asignado sin embargo, al aprobación siguiendo nuevos proceso administrativos fue más tardado de lo normal. ",Generar acuerdos/anuncios/ con asignación de presupuesto respaldado por el FR para no generar desconfianza. ,Sí,"En este subproyecto se pagaron jornales, recibiendo la misma remuneración todos los participantes. ",Reforzar el mecanismo de atención a quejas y consultas para fortalecer el mecanismo de comunicación. ,No,NA,NA,N/A,NA,NA,Sí,Se realizaron en 2025 capacitaciones para la brigada comunitaria contra incendios para continuar ,Se están implementando mejoras en el equipo de la brigada contra incendios. ,Sí,Se realizaron las capacitaciones para brigadas contra incendios. ,Continuar con las alianzas para darle continuidad a la brigada comunitaria y a finalizar las capacitaciones de instituciones como CONAFOR una vez finalizado el proyecto en 2026. ,Sí,ND,Realizar un reforzamiento del MAQyC con el grupo. ,Sí,"- Capacitaciones y elaboración periódica de bioles y compostas para fertilizar los cafetales y el vivero
 
- Uno de los retos que se identificaron en la visita a campo, fue el traslado de plantas a las parcelas desde el vivero. Algunas parcelas están a más de una hora de distancia de las parcelas con acceso reducido a vehículos, lo cual se tiene que buscar alternativas para mejora el traslado o plantación de cafetales. ","Uno de los intereses de las mujeres del vivero en un futuro es tener sistemas de riego dentro del vivero. 

",Sí,La brigada contra incendios realiza campañas de recolección de basura y gestión de recursos. ,Difundir buenas prácticas de manera gráfica para reforzar las buenas prácticas en residuos. ,Sí,Se tienen acciones para manejo de plagas y uso de bioles.  ,Se recomienda fortalecer acciones para integrar manejo de plagas de cafetales. ,Sí,Se menciona anteriormente,Se menciona anteriormente,N/A,NA,NA,N/A,,,Sí,La comunidad tiene la única brigada comunitaria del lado de la costa dentro de la RB El triunfo. Se realizan trabajo de brechas corta fuegos de 5 km cada año además de las acciones mencionadas con anterioridad. ,Buenas prácticas implementadas. ,N/A,NA,Continuar con las capacitaciones para la brigada,N/A,,,No,Se incluye en el grupo a ejidatarios y avecindados. ,Sin comentarios adicionales,N/A,"Se revisó este aspecto en las reuniones de seguimiento con la OLLC, de acuerdo con la OLLC revisaron y por el tipo de especies no requieren de autorización, se tiene el oficio enviado al respecto por la OLLC. Se incluirá en los anexos. ",Integrar la lista de especies en los anexos para sustentar el oficio. ,Sí,"Además del monitoreo de biodiversidad, se tiene el monitoreo de sistemas agroforestales de la OLLC. ",Integrar los resultados del monitoreo agroforestal. ,Sí,"Reforestación y diversificación de sistemas agroforestales. 

Areas de conservación por acuerdo comunitario, pertenece a la RB el triunfo

Acciones de manejo del fuego

Uso de especies locales para viviero. 
",Sin comentarios adicionales,No,,,,,,,,,,,,,,,,No,,,,Sí,,"Fortalecer la presentación con todos los integrantes, ya que se identifica que los líderes de las actividades tienen mayor conocimiento que otras partes. ",Sí,"Las y los productores han participado en intercambios de experiencias locales, regionales y nacionales. El equipo técnico ha realizado presentaciones del trabajo realizado. Se estableció una vinculación comercial en beneficio de los productores entre este grupo y el PLAT a partir de las vinculaciones realizadas en espacios de comunidad de aprendizaje. ",Difundir acciones del vivero en comunidades aledañas para una posible comercialización. ,Sí,Se generan acuerdos constantes con el grupo de trabajo,Mencionada anteriormente,Sí,,,Sí,"Aún no se realiza el talle de género con las mujeres pero se ha dado seguimiento en reuniones con el equipo técnico, se tiene planeada para febrero de 2026. ",Fortalecer liderazgos identificados dentro del grupo. ,Sí,Existen nuevos liderazgos y toma de decisiones para las mujeres que han participado en el rpoyecto con la diversificación de ingresos por medio de jornales. ,Asegurar que las heramientas permitan darle continuidad al vivero y otras actividades realizadas. ,De 30% a 59%,Sí,,Se revisará en febrero de 2026 en las visitas de acompañamiento/supervisión en campo. ,Sí,,"Identificar si hay mujeres interesadas en monitoreo de sistemas así como en las brigadas contra incendios, ya que sólo hay hombres participando. ",No,,,N/A,,,Sí,,"Mencionado anteriormente, reforzar el aspecto de difusión con todas las personas más allá de los ldierazgos. ",Oficial Conecta Chiapas
,,,30/1/2026 18:19:20,,caguilar@fondoeltriunfo.org,,CONECTA,,AMS2207020,Cala Aguilar ,Fondo Regional,3/12/2025,"Campo, Reporte, Otras",Sí,"1.	- Se destinó presupuesto para elaboración de bioinsumos en cafetales y ranchos ganaderos
- Se destinó tiempo y recursos adicionales de otros proyectos para creación de vivero para autobastecimiento de árboles forrajeros. 
Se destinó presupuesto para el fortalecimiento  de sistemas de bebederos con bombas solares y sistemas de agua más eficientes. 
Se destinó presupuesto para la mejora de medidas de sanidad e inocuidad
Se destinó presupuesto para más árboles forrajeros por productor.
Se destinó presupuesto para el monitoreo de salud del suelo cualitativo a través de técnicas como la cromatografía.
Se destinó presupuesto para las reuniones semestrales de mujeres del proyecto. 
Se destinó presupuesto para el monitoreo comunitario
","En campo quedó pendiente el manejo de residuos sin embargo, no se detectó contaminates en las parcelas, se recomienda integrar materiales sobre este manejo. 
",Sí,"Se han realizado capacitaciones sobre la importancia de la biodiversidad y de los árboles en los potreros así como en los sistemas agroforestales. 
","De la misma manera generar material g´rafico, sencillo e impreso sobre recomendaciones que se han impartido en estos 4 años. ",Sí,"- se realizan las acciones descritas previamente: elaboración de bioinsumos en cafetales y ranchos ganaderos, creación de vivero para autobastecimiento de árboles forrajeros (recursos complementarios), fortalecimiento  de sistemas de bebederos con bombas solares y sistemas de agua más eficientes,  mejora de medidas de sanidad e inocuidad en potreros ganaderos, áboles forrajeros, capacitaciones en manejo de podas a cafeticultores, monitoreo de salud del suelo a través de cromatografía, reuniones semestrales para las mujeres del proyecto, monitoreo comunitario de biodiversidad y de agua. 
 En 2026 se realizará un taller diagnóstico para manejo avanzado de bioinsumos. ",Fortalece el manejo de residuos. ,Sí,"Se han realizado desde el inicio del proyecto capacitaciones para impulsar el manejo agroecológico como principio de los sistemas productivos, el equipo técnico cuenta con las herramientas al respecto. 

También se tiene el conocimiento y se ha impartido en manejo de plagas. 

","Fortalecer el manejo de residuos y uso de equipo de protección

La comunidad tuvo conflictos internos, por la temporalidad y complejidad de los proceso administrativos no se pudo concretar alguna consultoría o acompañamiento para facilitar procesos y resolución de conflictos, en eses sentido, se buscará desde FONCET junto con las organizaciones tomar en cuenta estas experiencias como lección aprendida para fortalecer las capacidades de los equipos técnicos al respecto o tener acompañamiento con el mismo. 
",Sí,"se realizan las acciones descritas previamente: elaboración de bioinsumos en cafetales y ranchos ganaderos, creación de vivero para autobastecimiento de árboles forrajeros (recursos complementarios), fortalecimiento  de sistemas de bebederos con bombas solares y sistemas de agua más eficientes,  mejora de medidas de sanidad e inocuidad en potreros ganaderos, árboles forrajeros, capacitaciones en manejo de podas a cafeticultores, monitoreo de salud del suelo a través de cromatografía, reuniones semestrales para las mujeres del proyecto, monitoreo comunitario de biodiversidad y de agua. 

Se incluyen medidas en aspectos relevantes a las salvaguardas ambientales y sociales. ",Fortalecer el manejo de residuos y planes de manejo para evitar la contaminación de cuerpos de agua. ,Sí,"Foro realizó los procesos en cumplimiento, sin embargo, hubo retrasos en campo expresados por los mismos productores que atrasaron las actividades por lo complejo de los procesos en las condiciones locales y ala curva de aprendizaje de los equipos. ",Fortalecer la comunicación del cambio de procesos desde BM y FMCN hacia los grupos de productores. ,Sí,Se identifica remuneración igual por trabajo y conocedores del MAQYC,sin recomendaciones adicionales,N/A,No se identificó en las parcelas ,"No se identificó en las parcelas  durante las visitas de campo, pero si hay prácticas en la región al ser zona de migrantes, trabajo temporal y trabajo de menores por  lo que se recomienda a la OLLC mencionarlo y poner como acuerdo que bajo el proyecto no se pueden realizar trabajos por pesonas menores, sin estatus legal. ",N/A,,,Sí,"Se han implementado medidas de capacitación para manejo de equipo de tostado y molido de café en 3 de mayo así como en temas de podas. 

La OLLC buscaba tener una capacitación sobre medidas de seguridad en el manejo de podas, pero por conflicto de interés de la persona contratada no se continuó con el proceso.",De la misma manera realizar material grafico o impreso con recomendaciones al respecto. ,Sí,Se han realizado capacitaciones para el uso de equipo. ,Se identificó como una oportunidad a fortalecer las medidas de protección en el uso de equipo como medidas de protección.,Sí,Durante las reuniones de acompañamiento y visitas por el FONCET se revisa si existe alguna consulta o tema con el grupo. ,Reforzar continuamente por parte de la OLLC. ,Sí,"-Se implementaron secadores solares para las y los cafeticultores
- se implementaron sistemas de bebederos con cisternas elevadas para las pesonas ganaderos. 
- El proyecto ha realizado diversas capacitaciones en manejo agroecológico- micorrizas para las plántulas de café, supermagro, caldo sulfocálcico y bacterias acidolácticas patra manejo de plagas/garrapatas, ","- incluir técnicas de manejo de residuos como biogas, composta de manejo avanzado por interés de las y los productores posterior a la visita en Jalisco. ",N/A,,,Sí,Se cuenta con un manual de manejo de técnicas agroecológicas. ,Fortalecer el reporte y material gráfico para las y los productores. ,Sí,"Se han dado capacitaciones de manejo agroecológico para control de plagas, fertilizantes. ",Aún queda fortalecer el aspecto de manejo de residuos a nivel general.,Sí,"Se realizaron compras y acciones para sistemas de bebederos con cisternas elevadas, mejorando la calidad edl agua del ganado. 

Se realizó un diagnóstico y taller sobre buenas prácticas de inocuidad y sanidad de manejo de ganado. 

Se realizaron mejoras a los corrales de manejo de las y los ganaderos. 

Se realiza manejo de plagas del café con bioinsumos.",Continuar con el acompañamiento al tema de inocuidad y sanidad en el ganado. ,N/A,na,na,N/A,"Dentro de 3 de mayo existen reglamentos para el manejo de quemas controladas, sin embargo no cuentan con brigada contra incendios. ",Colaborar con el grupo de Loma Bonita para recomendaciones al respecto ya que son ejidos vecinos. ,No,ND,ND,N/A,na,na,No,No hay casos de exclusión,Sin recomendaciones adicionales,N/A,No se identifican especies que necesiten permisos de manejo,Incluir en el anexo de reporte (ya se cuenta con este pero se presentó en el POA) el lsitado de especien en producción para 3 de mayo y Valdivia. ,Sí,FORO DS ha presentado monitoreso de agua y de biodiversidad en cada semestre. Muy buen avance,Sin recomendaciones adicionales ,Sí,"Se realizan acciones para restauración de riveras, preservación de áreas dentro de la ANP RB El Triunfo, disminución de uso de herbicidas,. ","Realizar capacitaciones para vincular instituciones y normativas a nivel nacional. 
",No,,,,,,,,,,,,,,,,No,,,,Sí,Los grupos reconocen CONECTA y su alcance así como las actividades a realizar. ,Sin comentarios adicionales,Sí,"La personas del grupo de cafeticultores y de ganadería han participado en conferencias nacionales (México por el clima, Expo-Café), eventos de capacitación (en Tapachula y en Las Cañadas) e intercambios de experiencia a nivel regional (Encuentro de mujeres ganaderas de Conecta) y nacional (Intercambio en Jalisco, MRR y conferencia nacional de sistemas silvopastoriles en Amecameca ) para el impulso de las actividades para transitar a sistemas sostenibles. ",Realizar eventos de difusión de actividades y resultados del proyecto en ambas comunidades. ,Sí,"Ambos grupos tienen reglamentos internos, se realizan entregas de materiales y se realizaron actividades de planeación junto con el grupo para la Fase III de Conecta. 
","Continuar con los mecanismos de transparencia e ir vinculando con grupos relacionados a los temas que manejan (grupos de mujeres ganaderas, monitoreo etc).",Sí,La planeación de actividades y toma de decisiones las realiza el grupo de productores e informa a la OLLC. ,Sin recomendaciones adicionales,Sí,"Se han realizado reuniones semestrales de mujeres lideradas por la directora de Foro DS, para identificar necesidades, preocupaciones y sentires dentro del proyecto. ",Continuar con las reuniones para identificar áreas para fortalecer desde las mujeres y el apoyo del proyecto. ,Sí,"El grupo de Valdivia aumentó considerablemente el número de mujeres participantes en el subproyecto, siendo una mayoría de mujeres. Esto debido a los liderazgos locales y el fortalecimiento de los vínculos institucionales hacia las actividades dentro de CONECTA. ","En el caso de 3 de mayo con los movimientos, se redujo el número de mujeres participantes,  por el contexto social, desde los FR y FMCN se puede fortalecer a los equipos técnicos para el acompañamiento ante contextos retadores que limitan la participación de más mujeres en ciertos grupos de trabajo. ",De 30% a 59%,Sí,"En ambos grupos se ha fortalecido la participación a través de los liderazgos de las mujeres ganaderas y cafeticultoras. En el caso de 3 de mayo, sin tenencia de la tierra se permite su participación y como unidad familiar. ",Continuar apoyando los liderazgos de mujeres en ambos grupos. ,Sí,"En Valdivia hay una distribución equitativa de las tareas. Sin embargo, e 3 de mayo, al realizar visitas se prepara comida para los asistentes (incluido el FR) y es una tarea exclusiva de las mujeres, se planeara con la OLLC para buscar alternativas y evitar cargas dobles de trabajo dentro del proyecto así como evitar que participen en las visitas de campo. El grupo realiza en su conjunto visitas a las parcelas en las visitas de acompañamiento. ",Mencionado en el comentario anterior. ,N/A,No se han difundido las herramientas. ,ND,No,No,No,Sí,,Reforzar el MAQyC en planeación con el FR,Oficial CONECTA Chiapas
,,,30/1/2026 16:20:25,,caguilar@fondoeltriunfo.org,,CONECTA,,AMS2207019,Carla Aguilar,Fondo Regional,3/12/2025,"Campo, Reporte, Otras",Sí,"- Se destinó presupuesto para elaboración de bioinsumos
- Se destinó tiempo y recursos adicionales de otros proyectos para creación de vivero para autobastecimiento de árboles forrajeros. 
Se destinó presupuesto para el fortalecimiento  de sistemas de bebederos con bombas solares y sistemas de agua más eficientes. 
Se destinó presupuesto para la mejora de medidas de sanidad e inocuidad
Se destinó presupuesto para medidas para manejo de residuos y contaminantes del agua. 
Se destinó presupuesto para más árboles forrajeros por productor. 
Se destinó presupuesto para el monitoreo de salud del suelo cualitativo a través de técnicas como la cromatografía. ","En 2025 FONCET y Pronatura Sur trabajamos con el grupo de productores para fortalecer el sistema de trazabilidad, monitoreo de acciones ya avances del grupo. ",Sí,"- Se han realizado acciones continuas sobre la importancia de manejo agroecológico, la salud del suelo, monitoreo de avances, manejo de residuos y contaminación de riberas y agua para el ganado. ","En 2025 FONCET y Pronatura Sur trabajamos con el grupo de productores para fortalecer el sistema de trazabilidad, monitoreo de acciones ya avances del grupo. ",Sí,"- La producción de bioinsumos se estandarizó y protocolizó de acuerdo con los requerimientos nutritivos. 
- Se ha trabajado continuamente en presentar los resultados al grupo del avance en manejo en las parcelas de los cercos eléctricos, rotación de potrero. 
- Se han realizado acciones continuas desde el inicio del proyecto en temas de manejo agroecológico, monitoreo de suelos por metodologías cualitativas y aplicación de bioinsumos. 
- Se fortaleció la gobernanza del grupo al realizar estructuras de trabajo que permiten agilizar las tareas colectivas en la producción de bioinsumos y vivero comunitario. En al reestructura se dividió el grupo en 4 equipos y liderados por mujeres se ha facilitado la forma de organización y seguimiento interno de la cooperativa. 
- Se continuó con la plantación de árboles forrajeros, ahora con un vivero (gestión de recursos adicionales sobre la base social de Conecta) para continuar con la actividad de plantar árboles forrajeros en los ranchos. ",Se le recomendó a la OLLC fortalecer las estructuras de monitoreo grupales en parcelas para compartir conocimientos y experiencias. ,Sí," Se fortaleció la reforestación, con la socialización de las actividades y producción de bioinsumos. ","En 2025 FONCET y Pronatura Sur trabajamos con el grupo de productores para fortalecer el sistema de trazabilidad, monitoreo de acciones ya avances del grupo. ",No,"En 2025 FONCET y Pronatura Sur trabajamos con el grupo de productores para fortalecer el sistema de trazabilidad, monitoreo de acciones ya avances del grupo con lo cual se mejoran los riesgos identificados y cumplimiento de los sistemas. ",Ya se realizó la mejora de la estrategia y se ha trabajado en implementar mejorar en los sistemas de monitoreo. ,Sí,"Se cumplieron todos los procedimientos de acuerdo con la revisión de los procesos administrativos, la curva de aprendizaje para la OLLC y FR hizo que muchos procesos de adquisiciones retrasaran las operaciones en campo el primer semestre de 2025, sin embargo, el subproyecto logró al 90% sus compras e instalación de equipos. ","Sin recomendaciones adicionales, se trabajó cercanamente con todos los subproyectos y FMCN para el cumplimiento. ",Sí,Conocen el MAQyC,Sin recomendaciones adicionales,No,NA,"No se detectaron personas que trabajen bajo las condiciones mencionadas durante las visitas, pero se recomienda mencionarlo en la reuniones por la región de trabajo (zona de migración). ",N/A,,,Sí,"Se tienen protocolos de atención en casos de acoso o violencia del género relacionado al trabajo de los grupos, se presentó al grupo en 2024. ","En la región ha sido complejo que se utilice equipo de seguridad para el trabajo con bioinusmos, los técnicos por lo mismo, han priorizado otras acciones de atención a riesgos. Se recomienda  poner material gráfico (postes) en la parte de la biofábrica con reglas de uso, manejo y atención a incidentes. ",N/A,Sin avance,Sin recomendaciones adicionales. ,Sí,"El grupo conoce los mecanismos de quejas y consultas, de acuerdo con las reglas internas del grupo, se han realizado reuniones entre la OLLC y el GP para revisar temas de mejora entre ambas partes. ",Se han realizado mejoras en el monitoreo y trazabilidad del proyecto derivado de recomendaciones y ajustes con el GP. ,Sí,"- Se implementaron bombas solares y cisternas para mejorar el sistema de bebedero
- Se tiene una fábrica de bioinusmos, enfocada en supermagro fortalecido en distintos niveles de minerales. Se han realizado capacitaciones en manejo de plagas, fertilizantes con técnicas como hongos entomopatógenos, bacterias acidolácticas, micorrizas, supermagro y caldo sulfocálcico para las garrapatas. ",Sin recomendaciones adicionales,N/A,"En la visita a las parcelas en el mes de abril, se identificaron buenas prácticas de manejo de residuos en los ranchos (bolsas para desecho de vacunas como ejemplo) esto derivado a distintas acciones de la OLLC en temas de sanidad, inocuidad de manejo del ganado. ","Al igual que se mencionó, crear material gráfico y sencillo que se mantenga en las oficinas del grupo de productores. ",Sí,Se realizó un manual de prácticas de manejo agroecológico para el grupo con las prácticas mencionadas anteriormente. ,"Tener materiales basados en el manual de fácil acceso (impresiones, etc) para las y lso productores. ",Sí,"En las visitas a campo, se identificaron buenos manejos de residuos, conocimiento del manejo y protección de riveras (restauración) y de buenas prácticas como mantener al ganado lejos de la ribera. ",Homologar las prácticas para que sean implementadas en todos los ranchos,Sí,"El grupo en 2024 junto con la OLLC realizaron un diagnóstico sobre temas de sanidad e inocuidad, recibiendo capacitaciones para la detección de enfermedades del ganado. 

En 2025 se trabajó en cisternas elevadas con bombeo solar para el sistema de bebederos 
"," Uno de los temas más relevantes es el gusano barrenador, se tienen medidas para su atención y prevención sin embargo, estas se remiten al uso de ivermectina y otros elementos que son nocivos para el suelo, aún se está trabajando en medidas como FONCET para mitigar los impactos en el trabajo realizado.  Los mismos productores reflejan su preocupación del trabajo realizado ante estas plagas, sin embargo, los efectos superan el alcance del proyecto. ",N/A,NA,NA,N/A,NA,NA,N/A,NA,NA,N/A,,,No,No se identifican acciones que restrinjan el uso de la tierra,Sin recomendaciones adicionales,N/A,En el vivero se manejan especies que no requieren permiso especial ni que están bajo la normatividad de maderables o especies protegidas. ,Realizar lista de especies para asegurar que no se requiere permiso.,Sí,"Se han realizado los monitoreos de biodiversidad, el de agua ha sido intermitente y se realiza monitoreo de suelo de manera semestral. ","Continuar con el monitoreo de agua, se revisó con la OLLC y se realizaría para 2026. ",Sí,"- Se realizan reforestaciones en als riveras y con árboles forajeros. 
- Se protegen las zonas de rivera. 
- Se tienen contenedores para residuos de la actividad productiva y señalética en los predios. 
",Sin recomendaciones adicionales,No,,,,,,,,,,,,,,,,No,,,,Sí,"- En julio de 2025, FONCET y los responsables de proantura Sur, revisamos el objetivo del proyecto y los objetivos de la cooperativa, las temporalidades y revisión del alcance de cada uno. ","Se estuvo en revisión de esto con la OLLC, no hay recomendaciones adicionales más que el seguimiento a las herramientas de monitoreo de actividades del proyecto. ",Sí," - las y los productores han participado en intercambios de experiencias a nivel nacional (Winn, conferencia nal. de sistemas silvopastoriles en Amecameca, intercambio en jalisco, evento MRR en chihuahua)
- Se presentó el proyecto por parte del equipo técnico en conferencias a nivel nacional. ",Fortalecer a nivel local la difusión de las acciones realizadas por la cooperativa como productores regenerativos. ,Sí,"La cooperativa tiene asambleas mensuales y tiene reglamentos para la organización interna, además de procesos transparentes en el presupuesto. ","Previo al cambio en adquisiciones, el grupo realizaba las cotizaciones sin embargo, estas cambiaron lo cual generó confusión en el grupo por  l a transparencia de recursos. En la visita con FONCET y Pronatura Sur, se explicó el cambio sin embargo, es importante generar materiales desde FMCN para los cambios de manera escrita para asegurar la transparecnia de las decisiones y claridad en los cambios. ",Sí,Mencionadas anteriormente,Sin recomendaciones adicionales,Sí,"En las posiciones de liderazgo del grupo, ahora son 2 hombres y 2 mujeres, permitiendo las acciones y balance en la toma de decisiones del grupo. ","No participaron en el encuentro de mujeres, FONCET y la OLLC darán seguimiento al respecto. ",Sí,NA,Integrar a todas las mujeres en eventos y toma de decisión. ,De 30% a 59%,Sí,En la directiva ahora participan más mujeres. ,"Se recomienda integrar métodos participativos en las reuniones y asambleas, para integrar la voz y opinión de todas y fortalecer este aspecto. ",Sí,Liderazgo en el grupo ahora integra a más mujeres. ,"Tomar acciones concretas para establecer en procesos que no incrementen el trabajo de las mujeres (por ejemplo, que sean las que hacen la comida en las reuniones y eventos). ",Sí,En 2024 se realizó  un protocolo de prevención del acoso. ,Tenerlo a la vista y/o impreso en las oficinas de la cooperativa. ,No,NA,NA,Sí,NA,Sin comentarios adicionales,Oficial de CONECTA en Chiapas
,,,30/1/2026 13:17:47,,carla.aguilarf@gmail.com,,CONECTA,,AMS2207018,Carla Aguilar,Fondo Regional,3/12/2025,"Campo, Reporte",Sí,"Se destinó presupuesto para la implementación de acciones de género, para realizar un intercambio de experiencias de mujeres en ganadería regenerativa, este evento se coordinó junto con FONCET, ambas organizaciones pusieron presupuesto para la actividad. 

Otro de los avances es en la gestión del agua con ecotecnias, en el que, con el recurso adicional del proyecto se pudieron construir 5 tanques de ferrocemento adicionales para la captación de agua y mejora del sistema de bebederos para el ganado. ","Por el presupuesto limitado, se recomienda encontrar otras formas de compartir las recomendaciones realizas sobre todo en temas de manejo de agua, riberas y ganado que sea de bajo costo (por ejemplo panfletos o trípticos, señalética).",Sí,"En las visitas realizadas en abril de 2025, las y los productores comentaron la importancia de los árboles y recolección de semillas para sombra, alimento del ganado (forrajeras) lo cual refleja que el conocimiento sobre árboles está adoptado en los ranchos. ","Fortalecer el aspecto de riberas y exclusión del ganado en estas áreas así como la importancia de la calidad del agua, aún no se identifica desde las y los productores  como una práctica a cambiar. ",Sí,"Se realizaron acciones de reforestación y manejo de plantas (regeneración natural) en los ranchos, se tienen ecotecnias  para mejorar el manejo de agua y evitar contaminación para el ganado y bombeo solar, se realizaron acciones como cercos vivos para división de potreros. En 2026 queda pendiente un taller para elaboración y manejo de bioinsumos en los predios, una recomendación realizada en 2024 para mejora del manejo agroecológico de los predios y reducción de herbicidas y otros componentes. Se presentó el avance del grupo en intercambios de experiencias y se fortaleció el intercambio de conocimientos de las mujeres ganaderas del grupo que están realizando técnicas de ganadería regenerativa. Además, se realizan las reuniones para socializar las actividades del semestre. Y una buena práctica para fortalecer el aspecto social y de monitoreo fueron las visitas grupales para monitoreo de avances de cada rancho (el grupo visito en 3 días los ranchos de todo el grupo), así el grupo realiza intercambios de conocimientos y mejoras así como buenas prácticas. ",Se implementaron todas las acciones del POA Fase III,Sí,"- En la visita a campo el grupo tiene claridad en las práticas de manejo regenerativo y experiencia en el mismo (ya han realizado diferentes acomodos de su división concerco eléctrico como ejemplo)
- La OLLC incluyó muy buenas prácticas de monitoreo del grupo con vistas grupales a los ranchos para incentivar el intercambio de buenas prácticas y de conocimientos. 
- La OLLC incluyó recomendaciones de la Fase II para fortalecer el uso de biosinusmos y disminuir insumos químicos en el predio. 
- La capacitación incluye al personal de cada rancho, los cuales ya manejan al 100% las técnicas aprendidas como la rotación de potreros. 
","El único aspecto de mejora es la gestión de contaminación enfocado al manejo de ganado en riberas y la contaminación al respecto. 
Fortalecer el aspecto de árboles en el potrero, ya conocen el tema pero existe una diversidad de experiencias en los ranchos y el uso de bioinsumos (ya planeado para 2026). 
",Sí,"Se consideraron actividades específicas en temas de género, aspectos sociales, manejo de sistemas regenerativos en ganadería y fortalecimiento del conocimiento de bioinsumos. ","Aún es necesario fortalecer el manejo de residuos y contaminación de agua, así como sanidad e inocuidad del ganado de manera general (hay diversidad de experiencias en el tema dependiendo del tamaño de los ranchos y cabezas de ganado). ",Sí,Se han cumplido en tiempo y forma los procesos administrativos incluyendo los temas de adquisiciones. ,Sin recomendaciones,Sí,Sólo hay técnico en campo y personal de seguimiento técnico y administrativo en oficinas. ,Sin recomendaciones ,No,NA,NA,N/A,NA,NA,Sí,"El grupo de trabajo conoce el MAQyC, ",No se considera que se necesite mayor equipo de protección sin embargo ahora con el taller de bioinsumos se recomienda presentar información de seguridad. En la zona en general es un reto el uso de equipo de protección por lo que los técnicos priorizan otros temas por la resistencia al tema de manera regional. ,Sí,"Se dará plática de manejo de podas para árboles plantados del proyecto, se incluirán recomendaciones de seguridad y protección. ",Se dará seguimiento a que se haya presentado la información correspondiente al grupo. ,Sí,"FONCET en la visita de seguimiento, presentó el MAQyC verbal y por escrito del proyecto. En cada visita de seguimiento se realiza visitas a parcelas y reunión con el grupo, el cual se platica sobre si hay alguna queja o consulta se pueden acercar directamente a FONCET. ",Sin recomendación,Sí,"- Se implementaron sistemas de bombas solares para sistema de bebederos del ganado. 
- Se instalaron ecotecnias como tanques de ferrocemento para mejor manejo de agua y sistemas de riego eficientes. 
- Se tiene planeado un taller de bioinsumos.
",Sin recomendaciones.,N/A,NA,NA,Sí,"- Se realizan rotación de potreros y ordenamiento parcelario para la diversificación de cultivos y acciones (acahuales, huertos y bosques comestibles, zona de ganadería, bancos forrajeros, bancos de proteina)","Se recomienda una sesión para el tema de garrapata, por dudas que han surgido. Sin embargo, la prioridad ha sido el gusano barrenador el cual es prioridad para las y los ganaderos, se sugiere también incluir recursos de manejo, se están identificando acciones de mitigación a nivel gobierno estatal con organizaciones como FONCET para vitar el retroceso. ",Sí,Si,- Fortalecer el manejo de residuos y la importancia de evitar la contaminación de los cuerpos de agua . ,Sí,- La construcción de tanques de ferrocemento y el enfoque de sistemas de agua limpios ha mejorado la calidad de suministro de agua limpia para el ganado. ,S recomienda fortalecer alianzas con instituciones como CFPP (fomento de protección pecuaria) e INIFAP que realizan capacitaciones en estos temas con el grupo. ,N/A,NA,NA,N/A,NA,"Si es un tema que se puede incluir en las reuniones, ya que muchos predios vecinos realizan aún quemas, sin embargo, no se identifican ya estas prácticas en los ranchos visitados. ",N/A,NA,Sin recomendaciones ,N/A,NA,NA,No,"- Cada rancho participa la unidad familiar, lo cual ha permitido que por ejemplo, las mujeres muchas veces dueñas de la parcela, sean las tomadoras de decisiones de los ranchos. Esto se mencionó en las entrevistas realizada por el equipo técnico de la OLLC y en el intercambio de experiencias. Por lo tanto, se han generado buenas prácticas en la participación de personas previamente excluidas. ",Sin recomendaciones,N/A,NA,NA,N/A,"Por falta de interés inicial y poca disposición de tiempo, el grupo no participó en las capacitaciones de monitoreo. 
Se identificó un productor interesado en tener cámaras trampa por la presencia de fauna (puma) sin embargo, ya por los tiempos y condiciones de inseguridad en 2025, no se realizó la capacitación. ",Sin recomendaciones ,Sí,"- Se han realizado plantaciones de árboles forrajeros, de árboles dentro del predio y de 
- Se ha reducido el uso de herbicidas con la rotación de potreros. 
","Se recomendó a la OLLC mejorar la cobertura arbórea en algunos ranchos, ya que utilizaban malla sombra en vez de árboles. Sobre todo con las nuevas personas integrantes del grupo. ",No,,,,,,,,,,,,,,,,No,,,,Sí,"- Se han realizado monitoreos grupales de loa avances
- Se tiene conocimiento de la ampliación de recursos
- Se tiene conocimiento del proyecto y sus objetivos",Se han realizado reuniones constantes y periódicas del grupo. Se recomendó a la OLLC en las reuniones de  seguimiento al cierre del proyecto presentar la recapitulación de los 4 años y el avance desde el inicio como forma de cierre. ,Sí,"FONCET y SYDEC realizaron en conjunto un foro de ganadería a finales de 2024 para presentar las experiencias de CONECTA (Reportó en enero 2025)
- SYDEC realizó un evento de difusión de buenas prácticas con ganaderos de la región en marzo de 2024.
- En 2025 realizó junto con FONCET el intercambio de experiencias para mujeres en ganadería regenerativa. ",Apoyarse de la vinculación de la Manocmún para un evento final de presentación de experiencias. ,Sí,"Se menciona anteriormente, el monitoreo grupal, reuniones periódicas, visitas técnicas de acuerdo con las necesidades y planeación con el grupo de actividades. ",Sin recomendaciones,Sí,Mencionado anteriormente.,Ninguna adicional,Sí,- Se realizó el intercambio de experiencias de mujeres en ganadería regenerativa junto con FONCET. ,Ninguna adicional,Sí,"Participación de las mujeres en la toma de decisiones de los ranchos, participación de nuevas integrantes. ",Ninguna adicional ,De 30% a 59%,Sí,Mencionado anteriormente,Ninguna adicional,Sí,Mencionado anteriormente,Sin comentarios adicionales,No,Se tienen acuerdos dentro del grupo y participación de las personas comprometidas con el proyecto. ,Sin recomendaciones adicionales,N/A,No se ha realizado ninguna acción al respecto,Sin recomendaciones adcionales,Sí,"Mencionado anteriormente, se presnetó al grupo en su conjunto. ",Sin recomendaciones adicionales,Oficial de Conecta
,,,22/1/2026 12:13:17,,priscila.mendoza@fmcn.org,,CONECTA,,AMS2405001,Priscila Mendoza Saldívar,FMCN,18/9/2025,"Campo, Reporte",Sí,,,Sí,,,Sí,"	
La OLLC presentó al grupo los resultados de la fase 2, y presentó el plan de trabajo de fase 3. Asimismo, realizaron una reunió para la distribución de infraestructura y obras. ",Revisar de manera periódica el Anexo 5 para tener presentes las medidas propuestas. ,Sí,La organización y los ejidatarios muestran conocimiento sobre las medidas y técnicas implementadas.,,Sí,Las curvas del keyline en El Faro muestran resultados evidentes en cobertura vegetal.,Continuar con el monitoreo participativo de resultados.,Sí,,,N/A,"La instalación de infraestructura la realizan los mismos productores, como recurso de contrapartida. ",,No,,,N/A,,,Sí,Equipo de protección personal ,,No,No se han realizado medidas que atiendan a esto.,Se recomienda brindar capacitación en temas de prevención de riesgos para la ejecución de las actividades del subproyecto.,Sí,Se ha proporcionado a los productores llaveros con los datos del MAQC.,Dar difusión al MAQC en las capacitaciones y reuniones.,Sí,Se aprovecha el agua de presón desazolvado y el terreno con curvas de nivel favorece el manejo del agua.,Continuar con prácticas de manejo sustentable.,No,No se identificó un plan documentado de gestión de residuos. Sin embargo las áreas de las obras se encuentran libres de residuos. ,"Se recomienda capacitar a lo productores sobre el adecuado manejo de los combustibles y sus recipientes, que alimentan las bombas de distribución de agua.",N/A,,,Sí,Se identifican conocimientos básicos por parte de los ejidatarios.,Reforzar con materiales didácticos y talleres.,N/A,No se detectan condiciones que expongan a la comunidad.,,No,"El subproyecto no realiza el manejo de sustancias peligrosas, no obstante, los productores si hacen manejo de combustibles para el bombeo de agua.","Se recomienda capacitar en el manejo, almacenamiento y disposición adecuada de contenedores de combustibles. ",No,No se identificó manejo del fuego en la visita.,Diseñar un protocolo de prevención y cintra incendios. ,Sí,Han capacitado sobre como atender y prevenir enfermedades en el ganado. Brindaron un botiquín ganadero a cada comunidad. ,,N/A,,,No,No se identifican restricciones por las actividades.,Mantener comunicación con beneficiarios.,N/A,No se identifican restricciones por las actividades.,Mantener comunicación con beneficiarios.,Sí,Realizaron muestreos para determinar la producción de pastos.,,Sí,Las actividades del subproyecto están encaminadas en conservar la biodiversidad.,,No,,,,,,,,,,,,,,,,No,,,,Sí,Las y los beneficiarios conocen los objetivos y avances.,,Sí,En asambleas ejidales y de colonia. ,,Sí,Se realizan reuniones para la toma de decisiones y la planeación de actividades. ,,Sí,Realizaron un intercambio de experiencias con productores de Mapimí. También integrantes del grupo asistieron al encuentro WINN en Veracruz y al intercambio de experiencias en Jalisco. ,,Sí,Número de acciones afirmativas de género implementadas.,,Sí,"  El grupo de mujeres de Ejido Bellavista participaron con el módulo de producción agroecológica. Recibieron capacitaciones,  cosecharon  girasoles y aprendieron a realizar abonos orgánicos. Obtuvieron algunos ingresos de la venta de los girasoles. 
Otro avance es que una mujer de El Faro fue beneficiada con un poco de infraestructura para su ganado. Además, Patricia Trejo recibió más infraestructura con la que podrá realizar un mejor manejo de su ganado y tener un mayor control de su U.P., asimismo, la hija ahora tiene una participación activa en las actividades del subproyecto","Se recomendaría hacer una evaluación del costo beneficio de la producción y venta de girasol para conocer si es este el cultivo que mejor les reditúa. 
",De 30% a 59%,Sí,"Realizan las capacitaciones en fin de semana, que son los días que la mayoría tiene disponibilidad. 
En las actividades participa por lo regular una mujer del equipo técnico con la finalidad de que las mujeres se sientan más en confianza. 
",,No,"Los hombres son quienes lideran la mayoría de las U.P., en algunos casos las mujeres participan pero no son las tomadoras de decisiones. Esto se ha tratado de equilibrar con la implementación del módulo de producción agroecológica. ","Para futuros proyectos se recomienda realizar un diagnóstico inicial de género y generar actividades específicas para ellas, acorde a los objetivos del proyecto en el que se esté trabajando. ",No,No se presentó evidencia de protocolos.,Implementar código de convivencia.,No,Las OLLC no han dado difusión a los servicios locales de acompañamiento y denuncia ante casos de violencia de género. Indican que no ubican donde se encuentra el catálogo. ,Reenviar a las OLLC (equipos técnicos y administrativos) el catálogo de servicios locales de acompañamiento y denuncia ante casos de violencia de género y recomendarles su revisión. ,Sí,El MAQyC ha sido socializado en lengua local.,Fortalecer acceso físico al documento.,Oficial proyecto CONECTA AMS
,,,22/1/2026 11:19:43,,priscila.mendoza@fmcn.org,,CONECTA,,AMS2207014,Priscila Mendoza Saldívar,FMCN,11/9/2025,"Campo, Reporte",Sí,,,Sí,,,No,En la visita se encontró residuos derivados de las actividades de instalación de cercos y presillas filtrantes de piedra acomodada.,Realizar recorridos de supervisión durante y después de la ejecución de las obras e infraestructura para verificar la disposición correcta de los residuos. ,Sí,,,Sí,,,Sí,,,N/A,"No se cuenta con esta información, los trabajadores son financiados con recursos de contrapartida del grupo de productores. ",,No,,,N/A,,,Sí,"Se proporcionó a los trabajadores del rancho, equipo de protección personal y una capacitación sobre el uso de éste. ",,Sí,"Se impartió a lo trabajadores del rancho una capacitación sobre el uso de equipo de protección personal. Asimismo, se generó un plan de atención a emergencias que fue proporcionado tanto a los productores como a los trabajadores. ",,Sí,En la visita se entregaron llaveros con la información del MAQC,,Sí,"El subproyecto promueve acciones para el manejo sostenible de los pastizales, la fauna y las áreas ribereñas.",,No,No se cuenta con un plan formal de gestión de residuos. No se manejan sustancias peligrosas. ,Elaborar un plan para la gestión de los residuos que se deriven del subproyecto. ,N/A,,,Sí,,,N/A,,,N/A,,,Sí,El manejo de áreas ribereñas que promueve el subproyecto tiene también la intensión de que estás áreas funjan como brechas cortafuego a través del pastoreo planificado del ganado. ,Se sugiere incluir en las capacitaciones temas de prevención de incendios y manejo.,Sí,Se generó un plan de atención a emergencias que fue proporcionado tanto a los productores como a los trabajadores.,,N/A,,,No,,,Sí,El rancho cuenta con autorización del Departamento de Vida Silvestre del Estado de Chihuahua para el aprovechamiento cinegético.,,Sí,"Además del monitoreo de biodiversidad y agua (biocomuni), también se realizan monitoreos de las especies de aprovechamiento cinegético, como guajolote y venado. ",,Sí,Han instalado rampas de escape para fauna que fueron colocadas en bebederos y piletas de agua; también están haciendo un pastoreo planificado para la preservación del pastizal y de las áreas ribereñas. ,,No,,,,,,,,,,,,,,,,No,,,,Sí,La OLLC presentó al grupo los resultados de fase 2 y el plan de trabajo de fase 3. ,,No,,,Sí,"La planeación de actividades de fase 3 se realizó en conjunto con el grupo. Asimismo, las decisiones de donde realizar las obras o instalar la infraestructura se hace en planeación con los productores. ",,Sí,Un representante del grupo participó en el intercambio de experiencias en Jalisco. ,,Sí,Número de actividades que promueven la participación de mujeres.  ,,Sí,La OLLC aplicó un cuestionario para identificar los intereses de capacitación de las mujeres ligadas a la UP. Sin embargo aún no dan inicio al programa de capacitación,Enviar a la brevedad posible los Términos de Referencia para contratar a la persona que impartirá las capacitaciones.  ,De 60% a 100%,Sí,"Se elaboró un cuestionario para identificar los intereses de las mujeres en términos de capacitación. 
Para facilitar la participación activa, la OLLC programa las actividades de acuerdo a la disponibilidad, no obstante, las mujeres por sus compromisos laborales y familiares se les ha dificultado mucho participar, por este motivo las capacitaciones serán virtuales.
",La planeación de las actividades con suficiente antelación para facilitar la asistencia. ,No,"Realmente la Unidad de Producción no tiene participación activa de mujeres, pues ellas viven a 4 horas del rancho y tienen sus trabajos. Solamente una de ellas tiene responsabilidades directas con la U.P. ",,No,,,No,La OLLC no ha dado difusión  los servicios locales de acompañamiento y denuncia ante casos de violencia de género. Indican que no ubican donde se encuentra el catálogo. ,Reenviar a las OLLC (equipos técnicos y administrativos) el catálogo de servicios locales de acompañamiento y denuncia ante casos de violencia de género y recomendarles su revisión. ,Sí,,,Oficial proyecto CONECTA AMS
,,,22/1/2026 11:05:15,,priscila.mendoza@fmcn.org,,CONECTA,,AMS2207016,Priscila Mendoza Saldívar,FMCN,11/9/2025,"Campo, Reporte",Sí,"Si bien se asignó presupuesto para acciones del subproyecto, se requiere contar para la exclusión de obras de restauración de suelos. ",Disminuir la superficie con obras de suelo para ese presupuesto reasignarlo a cercos de exclusión. ,Sí,Las actividades han sido socializadas con los beneficiarios.,Continuar con reuniones informativas por rubro.,Sí,"El equipo técnico dio acompañamiento a las brigadistas de monitoreo para capacitar a estudiantes de la UACH, en monitoreo de fauna. Han realizado visitas de seguimiento y acompañamiento a los productores. Proporcionaron EPP a las personas que dieron mantenimiento a las presillas filtrantes de piedra acomodada. Asimismo, en la asamblea del ejido se presentaron los resultados de fase 2 del subproyecto y se socializaron las actividades a realizarse en fase 3.",,Sí,,Continuar fortaleciendo sus habilidades.,No,"Si bien se han estado implementando medidas, se identifica la necesidad de asignar presupuesto para cercos de exclusión con las personas que recibe obras de restauración de suelos; acuerdos escritos de compromiso para la exclusión de las obras; reforzar en los productores los conocimientos sobre la ecología de los pastizales. ","Disminuir la superficie con obras de restauración de suelo para asignar presupuesto a cercos de exclusión. Explicar a los productores los beneficios de la exclusión de las obras, acordar periodo de exclusión y elaborar cartas compromiso. Brindar capacitación a los ganaderos(as) del proyecto sobre el tema específico de Ecología de los pastizales. ",Sí,,,Sí,,,No,,,N/A,,,Sí,Se proporcionó equipo de protección personal a las personas que hicieron la restauración de las presillas filtrantes de piedra acomodada. ,,Sí,"El equipo técnico brinda acompañamiento cercano en la ejecución de las actividades, como lo es con la brigada de monitoreo de fauna.",,Sí,Durante la visita de supervisión de proporcionaron llaveros con el MAQ&C a las personas visitadas del subproyecto.,,Sí,Los biodigestores instalados en Fase 1 continúan beneficiando a la comunidad mediante: la producción de biol que se utiliza en cultivos tanto de los propietarios del biodigestor como de vecinos; se aprovechan los residuos de los comedores de dos escuelas secundarias para producir biogás y biol; se aprovecha el biogás para cocinar. ,Continuar con el seguimiento a los biodigestores. ,No,No se identificó un plan formal de residuos.,Durante la instalación de la infraestructura es importante verificar que no se hayan dejado residuos en el sitio y que estos sean dispuestos de manera adecuada. ,N/A,,,Sí,,,N/A,No se identifican condiciones de riesgo.,,N/A,No se hace uso de materiales peligrosos. ,,N/A,No aplica. El riesgo de incendios en la región es bajo,,No,El equipo ha socializado medidas básicas ante contingencias.,Formalizar un Plan de Respuesta ante Emergencias.,N/A,,,No,Las actividades no han limitado el acceso ni uso de tierras.,Mantener acuerdos comunitarios documentados.,N/A,,,Sí,"Se realiza monitoreo de fauna con trampas fotográficas por mujeres del equipo. Asimismo, las mujeres impartieron una capacitación a estudiantes de la UACH sobre cómo realizar monitoreos de fauna.",,Sí,"Si, se promueve el uso de cercos para el manejo del ganado en potreros con la finalidad del aprovechamiento sostenible de los pastizales. Asimismo, los biodigestores contribuyen a la disminución de los residuos del hogar y de los comedores escolares a la vez que disminuyen el uso de agroquímicos. ",,No,,,,,,,,,,,,,,,,No,,,,Sí,Las actividades han sido socializadas en la asamblea ejidal.,Continuar divulgación de avances y resultados. Hacer sesiones específicas para la divulgación con el grupo de trabajo. ,Sí,"Si, en la asamblea ejidal.",Reforzar con materiales visuales.,Sí,"Sí, la planeación de actividades se realizó en conjunto con las personas beneficiarias, éstas de igual forma fueron socializadas en la asamblea para solicitar el visto bueno. ",,Sí,,,Sí,El POA incluye enfoque de género.,,Sí,"Se suman tres mujeres a la brigada de monitoreo de fauna. Asimismo, se benefició a dos U.P. lideradas por mujeres, con obras de suelo e infraestructura de cercos (estas mujeres son las que conformaron la nueva brigada de monitoreo). 

",Acompañar con procesos de formación continua.,De 0% a 29%,Sí,"La brigada de monitoreo de fauna ha sido la principal actividad con la que se promueve la participación de mujeres. 
En la visita de supervisión se encontró que las mujeres que conforman la nueva brigada de monitoreo son mujeres que habían participado con anterioridad en algunos intercambios de experiencias de ganadería, y que además, son las encargadas de las U.P., por este motivo se pidió al equipo técnico darles seguimiento en los aspectos de ganadería y se les recomendó darles apoyo con infraestructura
","La OLLC proporcionó a estas mujeres (distribuidas en dos U.P.) obras de suelo y cerco. Se ha recomendado a la OLLC capacitarlas para el uso adecuado del equipo, darles el seguimiento con visitas a sus U.P. y continuar incluyéndolas en capacitaciones e intercambios de experiencias.  ",Sí,,,No,No se identificaron protocolos.,Elaborar código de convivencia o guía básica.,No,La OLLC No ha dado difusión a los servicios locales de acompañamiento y denuncia ante casos de violencia de género. Indican que no ubican donde se encuentra el catálogo. ,Reenviar a las OLLC (equipos técnicos y administrativos) el catálogo de servicios locales de acompañamiento y denuncia ante casos de violencia de género y recomendarles su revisión. ,Sí,"A las mujeres de la brigada de monitoreo de fauna se les ha proporcionado un llavero con la información del MAQC, incluyendo a estas tres mujeres que han sido beneficiadas con infraestructura",,Oficial proyecto CONECTA AMS
,,,25/11/2025 18:28:08,,gabriela.guerrero@fonnor.org,,CONECTA,,AMS2207009,Gabriela Guerrero Pacheco,Fondo Regional,20/11/2025,Campo,Sí,,,Sí,"Se hace énfasis en aplicación buenas prácticas para evitar la contaminación y afectaciones al medio ambiente, como es el compostaje de residuos en el vivero y/o reuniones constantes en el espacio del vivero que sirve como un espacio de convivencia y participación social",,Sí,"La organización ha implementado las medidas necesarias.  Continúan con la participación activa de las y los beneficiarios, con énfasis en grupos de mujeres y jóvenes de la comunidad.","La recomendación de crear un Plan de Respuesta ante Emergencias sigue vigente, tanto para el vivero como para los potreros donde se han implementado actividades. Además de un plan para la gestión de residuos.",Sí,,,Sí,,,Sí,,,Sí,La OLLC fomenta el trabajo equitativo,En la medida de lo posible seguir difundiendo el MAQyC,No,,,N/A,,,Sí,"En el vivero tienen reglamento, con indicaciones claras. Están a punto de renovar el baño y mejorar las condiciones del área de trabajo del vivero, lo que permitirá mejorar el ambiente de trabajo. El vivero se mantiene ordenado y limpio.",,Sí,Se establecen indicaciones para la prevención de riesgos en el reglamento del vivero.,Se sugiere recordar la importancia de la prevención de accidentes en el trabajo.,Sí,,Hemos recomendado a las OLLC socializar el MAQyC y FONNOR te escucha,Sí,"Realizan varias actividades 
Dentro del vivero:
●	Uso eficiente de agua a través de mangueras, separación de agua residual del baño, compostaje de los residuos del vivero, separación de residuos como son las  bolsas de vivero
●	Talleres de bioinsumos 
En parcelas 
●	El cerco eléctrico funciona con energía solar.
●	Han promovido el uso de biol en plantaciones experimentales agroecológicas de sandía y maíz 
●	Se instalaron   banco de proteínas con árboles forrajeros
","Buscar aprovechar las pasturas que han crecido en la parcela de la “Guinea”, para que no se desperdicien cosecharlas y ensilarla por ejemplo. Manejo de los bancos de proteína que están en cercos para que se fortalezcan y sirvan al ganado.",N/A,"El subproyecto no genera residuos y sustancias peligrosas. Sin embargo, es importante resaltar que desde el año 2023 compostean residuos del vivero. Ya se tiene un documento sobre otras fuentes de residuos en actividades agropecuarias, hay que identificar aquellos específicos del subproyecto.",Una vez identificados los residuos del subproyecto buscar en conjunto con las autoridades mecanismos para su adecuada disposición final.,Sí,"El reglamento del vivero presenta indicaciones claras para la prevención del manejo de plagas, además solo se utilizan control biológico para plagas y plaguicidas orgánicos (jabón potásico, neem, etc)",,Sí,,,N/A,,,N/A,,,N/A,Este periodo hubo una quema accidental en un predio demostrativo. Se va a socializar y continuar con capacitaciones para evitar este tipo de prácticas.,Notificar a FONNOR cualquier incidente en las parcelas debido al fuego. Realizar en la medida de lo posible capacitaciones sobre quemas controladas.,No,Cuando se otorgó el material BIOCOMUNI a la OLLC se otorgó un botiquín de primeros auxilios para campo.,Se recomienda desarrollar un Plan de Respuesta ante Emergencias y difundirlo.,Sí,"La parcela demostrativa se quemo accidentalmente, por un mal manejo del dueño del predio se atendió en el momento apoyándose de los bomberos, se reportó a la OLLC , se repararon las afectaciones y actualmente la parcela se encuentra ya con el diseño de potreros y con pasto crecido. Posterior a esto fue robado el panel solar que sirve al cerco eléctrico, esta haciendo lo posible para establecerlo en este periodo para que puedan aprovechar el ganado la biomasa.","Desarrollar plan de respuesta ante emergencias, difundirlo, continuar socializando con la comunidad la importancia de realizar quemas controladas para evitar dañar otros predios.",No,,,No,,Es prioritario dar seguimiento a este tema. Presentar los avances que se tengan.,Sí,Se realiza monitoreo de biodiversidad en una parcela ganadera. En los predios del proyecto RIOS se hacen monitoreos de agua. ,,Sí,"En la primera y segunda fase se han implementado prácticas de restauración,  en la tercera fase continúan con bancos de proteína a modo de cercos vivos, instalación de un cerco eléctrico para rotación de pastos, separación de residuos y compostaje de orgánicos en el vivero etc.",,No,,,,,,,,,,,,,,,,No,,,,Sí,La OLLC presenta los avances del subproyecto a las organizaciones y comunidades con las que colabora,,Sí,Cuenta con varios espacios de difusión como redes sociales y cuando son invitados participan con la asamblea de la comunidad.,,Sí,"Han establecido relación con escuelas de nivel básico (kinder, primaria y secundaria), así como universitario. Existe trabajo paralelo con estudiantes del ITESO.  El espacio del vivero es un punto de encuentro que les ha permitido crear estas redes de colaboración",,Sí,"Los actores sociales mencionados están involucrados activamente en la planeación, diseño y ejecución de las actividades.",,Sí,,,Sí,El grupo consolidado de viveristas esta conformado por 7 mujeres pero han llegado a participar 15 mujeres.,,De 60% a 100%,Sí,"Las actividades y reuniones periódicas en el vivero se mantienen, las mujeres han decidido también incluir otras especies de plantas para huertos, además de las que ya comercializan, tuvieron un taller de modelo de negocio y ahora trabajan con el Laboratorio de Intervención y Formación en Economía Social del ITESO para identificar los pasos a seguir una vez que se acabe el proyecto y así dar continuidad a esta actividad.",,Sí,,,Sí,,,N/A,,,Sí,El MAQyC es conocido,Continuar dando difusión a los mecanismos de quejas en sus talleres ,Especialista en restauración y salvaguardas
,,,25/11/2025 12:18:34,,priscila.mendoza@fmcn.org,,CONECTA,,AMS2207015,Priscila Mendoza Saldívar,FMCN,15/11/2025,"Campo, Reporte",Sí,Destinaron presupuesto para la reposición de plantas de Chamizo.  Además desde la parte administrativa la OLLC etiqueta el presupuesto en una partida específica para la implementación de EAS.,,Sí,Las personas beneficiarias conocen los posibles riesgos y buenas prácticas asociadas a las actividades. Un ejemplo de ello es que al iniciar actividades en campo la OLLC proporciona el equipo de protección personal y comunican los riesgos que se están previendo. ,,Sí,Realizaron la reposición de plantas de chamizo en obras realizadas en fases 1 y 2. Cuentan con una estación de hidratación que instalan durante la ejecución de obras y monitoreos comunitarios de biodiversidad. Cuentan con un botiquín de primeros auxilios y tienen identificado el centro médico más cercano como parte de su plan de atención a emergencias. ,,Sí,La OLLC cuenta con un esquipo técnico especializado para la correcta implementación de las medidas de mitigación incluidas en el Anexo 5 y con ello prevenir y reducir posibles riesgos.,,Sí,,,Sí,"La OLLC desarrolla las actividades del subproyecto en apego al Manual de Operaciones y en concordancia con las políticas institucionales de FMCN, MGAS y EAS del proyecto.",,N/A,"No se cuenta con la información para determinar la igual remuneración de las personas que han participado en actividades del subproyecto, ya que no son contratadas directamente por la OLLC. ",,No,,,N/A,,,Sí,A los jornales se les proporciona equipo de protección personal (EPP) y reciben charlas de seguridad previas al desarrollo de las actividades en campo. Además de la instalación de una estación de hidratación y resguardo del sol.,,Sí,Los jornales reciben una charla de seguridad y uso del EPP antes de iniciar con los trabajos en campo.  ,,Sí,FMCN proporcionó a las personas productoras un llavero con la información de contacto del MAQyC.,,Sí,"El subproyecto promueve actividades ganaderas sostenibles, la restauración de los suelos y la infiltración del agua a través de obras con la técnica de keyline y bordos a curvas de nivel. ",,No,No se cuenta con un plan formal de gestión de residuos. No se manejan sustancias peligrosas. ,Recomendamos la elaboración de un plan para la gestión de los residuos que se deriven de las actividades financiadas por el subproyecto. ,N/A,,,Sí,,,N/A,Las actividades del proyecto no generan enfermedades,,N/A,,,N/A,,,Sí,La OLLC desarrolló de manera participativa un croquis con la ubicación del hospital más cercano al área de implementación de subproyecto.,"Se recomienda consolidar como un Plan de manejo ante emergencias, que incluya la información de emergencia de los integrantes del grupo (número de contacto ante una emergencia, tipo de sangre, entre otros que consideren pertinentes). ",N/A,,,No,,,N/A,No se hace aprovechamiento extractivo de especies de flora y fauna. ,,Sí,"A través de una brigada se realizan monitoreos de biodiversidad y también de humedad del suelo, producción de forraje de chamizo y de pasto, y de cobertura del suelo.  ",,Sí,Las obras de conservación de suelos promueven la producción de forraje que también funge como alimento para consumo de la fauna silvestre. En los bebederos de agua del rancho se han colocado rampas de escape para evitar el ahogamiento de fauna.  ,,No,,,,,,,,,,,,,,,,No,,,,Sí,La OLLC construyó el Plan de trabajo con los grupos de productores y presentó las actividades aprobadas. ,,Sí,Realizarán un intercambio de experiencias para mostrar los resultados del subproyecto. ,,Sí,"La planeación de actividades de fase 3 se realizó en conjunto con el grupo. Asimismo, las decisiones de donde realizar las obras o instalar la infraestructura se hace en coordinación con las personas productoras. ",,Sí,"Integrantes del grupo han participado en los intercambios de experiencias del proyecto tales como intercambios de ganadería, Reunión Anual de Manejo Regenerativo de Ranchos, Intercambios de mujeres en ganadería, evento WINN .  ",,Sí,Número de personas que adoptan mejores prácticas en tránsito a la sustentabilidad (mujeres).,,Sí,"Se ha dificultado la participación de las mujeres por temas de embarazo, sin embargo, este año están comenzando a retomar las actividades. ",,De 30% a 59%,Sí,Las actividades se programan conforme a la disponibilidad de las personas beneficiarias.,,Sí,,,Sí,,,No,La OLLC no ha dado difusión a los servicios locales de acompañamiento y denuncia ante casos de violencia de género. Indica que no ubica donde se encuentra el catálogo ,Reenviar a las OLLC (equipos técnicos y administrativos) el catálogo de servicios locales de acompañamiento y denuncia ante casos de violencia de género y recomendarles su revisión. ,Sí,,,Oficial del Proyecto CONECTA
,,,11/11/2025 0:01:21,,gabriela.guerrero@fonnor.org,,CONECTA,,AMS2207011,"Gabriela Guerrero Pacheco, Sabina Ascencio Ramírez, Jiangsu Olea Meneses ",Fondo Regional,5/11/2025,Campo,Sí,"Se mantienen cercas vivas en las parcelas, así como los bancos de proteína, el manejo rotacional utilizando cercos eléctricos,  mantienen exclusión del ganado a los cuerpos de agua, y también han comenzado  a realizar actividades de restauración de suelo con geocostales",,Sí,Las medidas de mitigación y buenas prácticas han sido socializadas por la OLLC ,,Sí,,Se recomienda considerar la instalación de señalética en los cercos eléctricos para evitar accidentes con personas o productores de la región.,Sí,La OLLC cuenta con las capacidades y conocimientos suficientes para acompañar a los productores y establecer modelos de restauración productiva,,Sí,,,Sí,,,Sí,,,No,,,N/A,,,Sí,,Recomendamos la elaboración de un plan sencillo y aplicable de emergencias ,Sí,,"Reforzar con los productores la importancia de prevenir accidentes,  promover el uso de equipos de seguridad para salvaguardar la integridad de los productores",Sí,,Continuar dando a conocer el MAQyC del proyecto CONECTA y FONNOR te Escucha,Sí,"Durante la visita confirmamos la implementación de sistemas de agua de lluvia (geocisternas), bancos de proteína, bordos, geocostales para la restauración de suelos, cercos vivos, rotación potreros, bioinsumos. ",,Sí,,"Socializar con los productores el plan de gestión de residuos de forma sencilla, para que vayan involucrando en su práctica la adecuada disposición de los mismos.",Sí,Han establecido la rotación de potreros lo que ha ayudado a terminar el ciclo de la garrapata y también han comenzando con la elaboración y aplicación de bioinsumos.,Recomendamos socializar el plan de manejo de plagas y vectores con los productores,Sí,A través de distintas organizaciones y escuelas de campo de la región se están fortaleciendo estas capacidades,,Sí,"Se realizan baños al ganado con biopreparados para control de garrapatas, tienen los calendarios y registros de vacunación, tienen tanques de almacenamiento de agua cerrados y tanques de biofertilizantes también cubiertos.",,N/A,,,Sí,"Se hacen actividades para prevención de fuego como guardarrayas, tienen equipo como una sopladora de aire .","Se recomienda difundir información para evitar incendios en épocas de estiaje en la localidad, convocar a los habitantes de la región para que participen en las estrategias para prevenir impactos del fuego",No,,"Diseñar un plan participativo para atender emergencias, que tenga poco pasos y fomentar el tener un botiquín de primeros auxilios con alguno de los productores.",N/A,,,No,,,N/A,,,Sí,"opera una brigada comunitaria para el monitoreo de agua, suelo, forraje, además se implementa monitoreo de biodiversidad (coleópteros, aves, huellas y fototrampeo).",,Sí,"Se tienen cercos vivos, manejo de potreros, usan madera muerta para postes,  utilización de bio insumos, retención de suelo y agua, lo que promueve la conservación de la biodiversidad",,No,,,,,,,,,,,,,,,,No,,,,Sí,"Durante la visita, los mismos productores nos explicaron las actividades, los beneficios ambientales que ellos observan, ellos están adoptando buenas prácticas desde el convencimiento de la utilidad de las mismas. Tienen interés de continuar con las actividades y están buscando otros apoyos para dar continuidad a las acciones, además han invertido de su propio dinero,  resultado de sus intercambios buscan no repetir errores, están interesados en que otros vecinos puedan participar si mantienen las buenas prácticas que ellos ya están haciendo .",,Sí,"Han participado en intercambios de experiencias, en escuela de campo , comparten sus conocimientos con otros personas de la localidad",,Sí,"reconocen un punto de encuentro donde socializan los avances, comparten experiencias y se toman decisiones en torno al subproyecto, además de estar vinculados a la escuela de campo y a la JISOC.",Socializar resultados o avances con la comunidad,Sí,"Ya han participado en intercambio de experiencias sobre ganadería regenerativa regional, nacional e internacional (Colombia). Además han estado involucrados en planeación de cada fase",,Sí,Se tiene un avance de acuerdo a la meta propuesta,continuar con los esfuerzos para visibilizar e involucra la participación de mujeres y jóvenes en las actividades con base en sus necesidades.,Sí,,,De 60% a 100%,Sí,,"Construir más espacios para la participación de mujeres, generar estrategias o mecanismos para la participación de mujeres.",Sí,,,N/A,,,N/A,,,Sí,,"dar difusión del mecanismo en los talleres, también de FONNOR te escucha",Especialista en Restauración y Salvaguardas
,,,7/11/2025 16:12:03,,gabriela.guerrero@fonnor.org,,CONECTA,,AMS2207029,"Gabriela Guerrero, Sabina Ascencio, Jiangsu Olea",Fondo Regional,6/11/2025,Campo,Sí,,,Sí,"El grupo de ganaderos identifica los posibles riesgos y están realizando medidas de mitigación como incrementar arbolado en sus potreros para incrementar biodiversidad, y la inclusión de mujeres en actividades complementarias como es la producción de bioinsumos",,Sí,"Los productores realizan buenas prácticas de ganadería regenerativa derivado de su participación en las Escuelas de Campo como son el manejo de cerco eléctrico para manejo de potreros, dejar árboles y otras hierbas para diversificar el forraje y sombra al ganado, como parte de sus actividades ya se tiene el documento de comodato del centro de acopio, ya está conformado legalmente el grupo de productores ,  se tiene un reglamento interno,  ya tienen descrito que características debe tener el ganado para que sea aceptado a su centro de acopio (proveniente manejo de practicas regenerativas). Se tiene además mecanismos para que el grupo pueda incluir nuevos actores.",,Sí,"Tiene conocimientos sobre aspectos técnicos, ambientales y sociales, se encuentra en constante diálogo con otros aliados, conocimiento de buenas prácticas de ganadería regenerativa ",,Sí,"Se ha promovido la participación de las mujeres para actividades complementarias como es la producción de bioinsumos, actualmente participan 14 mujeres. ",,Sí,,,N/A,NO se contratan jornales,,N/A,,,N/A,,,N/A,Aún no entra en funcionamiento el centro de acopio,"Mantener informado al grupo sobre la importancia de la prevención de accidentes en el centro de acopio, incorporar botiquín e implementar un plan de emergencias que sea sencillo y operacional.",No,,"Mantener informado al grupo sobre la importancia de la prevención de accidentes en el centro de acopio, incorporar botiquín e implementar un plan de emergencias que sea sencillo y operacional.",Sí,"Los ganaderos reconocen que hay una página donde pueden dejar sus comentarios, quejas.","Continuar dando a conocer el mecanismo FONNOR te escucha, además del MAQyC.",Sí,"Cuentan con una geomembrana  para riego  por gravedad del banco proteína del Centro de Acopio, C, comienzan con la elaboración de bioinsumos",Pensar en la construcción de un baño seco en el centro de acopio,Sí,"Identifican residuos veterinarios, el protocolo para manejo de residuos está en el manual de operaciones del centro de acopio",,No,con el manejo de potreros  y el uso de algunos bioinsumos ellos han observado el control de garrapatas en sus potreros con lo que no dependen de baños continuos del ganado.,Realizar un plan de manejo de plagas y vectores,Sí,,,N/A,No han comenzado actividades del centro de acopio,"Recomienda utilizar equipo de protección como guantes, gafas y cubrebocas cuando se hagan baños de ganado en el centro de acopio y disponer adecuadamente de ese equipo.",N/A,,Aplicar y socializar el plan de gestión de residuos que se encuentra en el manual de operaciones,No,,En el centro de acopio se recomienda tener extintores o disponibilidad de agua en caso de tener algún incendio en los terrenos contiguos que tienen banco de proteína. ,No,,"Se recomienda contar con un plan de respuesta ante emergencias sencillo y operable (que contenga información del centro de salud más cercano) , adquirir un botiquín de primeros auxilios.",N/A,,Notificar a más tardar dentro de las primeras 48 horas después del accidente a FONNOR TE ESCUCHA info@fonnor.org .,No,,,N/A,,,Sí,"Se realizó un monitoreo correspondiente a temporada de secas de veg, fauna y suelo.",,Sí,"Cada ganadero implementa buenas prácticas en sus potreros, como son plantación de cercos vivos con especies nativas, mantener arbolado y otros arbustos en los potreros para promover la diversidad de alimento y la sombra, rotación de potreros para controlar el ciclo de vida de la garrapata, exclusión de bordos para evitar contaminación de agua etc.",,No,,,,,,,,,,,,,,,,No,,,,Sí,"Se observa confianza entre el técnico de la OLLC y el grupo de productores, también el grupo esta comprometido a asistir a reuniones/capacitaciones dejando actividades propia",Apoyar al grupo de productores hasta lograr la venta de ganado.,Sí,"En su localidad ya hay otras personas que les preguntan como le han hecho, lo divulgan también en su escuela de campo y al vincularse con otros actores",,Sí,,,Sí,,,Sí,,,Sí,"Ya se tiene un grupo de mujeres que comienzan a hacer bioinsumos, 8 de ellas son esposas de los participantes en el grupo de trabajo pero hay 6 más que participan constantemente. ",,De 0% a 29%,Sí,"Se tiene el grupo de mujeres que participan desarrollando bioinsumos, además se piensa en hacer un taller de relevo generacional para incluir hombres y mujeres jovenes en un dialogo que permita conocer los intereses y como participar en el futuro en actividades ganaderas.",,Sí,,,Sí,,,Sí,,,Sí,,Difundir y recordar que existe FONNOR te Escucha,Especialista en restauración y salvaguardas
,,,17/3/2026 22:38:43,,isauro_cortes@fogomex.org,,CONECTA,,AMS2207048,Isauro Cortés,Fondo Regional,13/3/2026,"Campo, Reporte",Sí,"Se realizó señaletica con materiales duraderos pero biodegradables que no están generando residuos plásticos o contaminantes para las fincas, se implementaron prácticas que favorecen la producción de café (jardines polarizadores) y que reducen la contaminación por la maquila del café (filtros).",Se pudieron generar estas ecotecnologias desde la fase I ya que uno de los objetivos es que funjan como demostrativos. Tomar en cuenta todos los elementos que puedan suponer un riesgo ambiental y social de acuerdo a los contextos actuales y cambiantes y mas en el sector cafetalero tan volátil.,Sí,"Los beneficiarios de las ecotecnologíías fueron en su mayoría mujeres, asi como se integraron algunos consultores jovenes especialistas que dieron el acompañamiento, se continuo con la entrega de plantas y producción de árboles nativos para siguientes ciclos.",Documentar los acuerdos que se tengan con los beneficiarios asi como firmar cartas compromiso y de entrega.,Sí,Se implementaron acciones; sin embargo se documentan en menor medida.,"Documentar y sistematizar todo el seguimiento al anexo 5; asi como reportar las inquietudes y necesidades sentidas de los beneficiarios, esto para ir direccionando las acciones hacia intereses comunes de los beneficiarios.",Sí,"Sí bien la OLLC cuenta con mucha experiencia, tiene un área de oportunidad en fortalecer el seguimiento en EAS sobre todo lo social donde puedan generar un seguimiento mas cercano.","Fortalecer a la OLLC en temas de identificación de riesgos a través de generar un seguimiento mas detallado del seguimiento a los EAS, incluir sobre todo los contextos sociales y economicos por los que atraviesa el sector cafetalero.",Sí,"Se cumplió con las acciones mencionadas en el anexo 5; aunque existen oportunidades de incluir otras acciones que han ido surgiendo en el camino, por ejemplo garantizar que los módulos implementados tendrán una permanencia al menos para cumplir su objetivo de demostrativo.",Garantizar la permanencia de las inversiones en campo. Seguir acompañando a los beneficiarios que obtuvieron sus APCs.,Sí,"La OLLC ha cumplido con los lineamientos del manual; sin embargo han tenido retrasos y dificultades para alcanzar el 100% de los procesos, por ello FGM los ha acompañado para cumplir con lo establecido en la propuesta.",Comprometerse en asistir periódicamente a las capacitaciones y sesiones de seguimiento que realiza FGM para que la curva de aprendizaje sea mas corta y se pueda cumplir con los lineamientos dictados en el manual y requerimientos del financiador.,Sí,Los trabajadores contratados por el subproyecto reciben una renumeración de acuerdo al tiempo invertido en las actividades y no de acuerdo a su genero.,Seguir fomentando la equidad salarial y la inclusion de técnicos y consultores de acuerdo a capacidades.,No,El subproyecto no ha contratado migrantes o menores de edad.,"Informar si hay subcontratación de migrantes en las fincas, aunque no se ha reportado e incluso hay un deficit de mano de obra local para los labores de corte sobretodo.",N/A,No hay participación de menores de edad.,Continuar con esta práctica.,Sí,"La OLLC colabora con productores aliados y sensibilizados por lo que las visitas a los predios se realizan en mutuo acuerdo y cumpliendo a buenas practicas de seguridad en la institución como visitas en grupo, con los equipos adecuados para realizar los inventarios de las APCs.",Documentar estas buenas practicas y sistematizar las buenas practicas en seguridad que realiza la institución asi como los protocolos con los que se trabaja con los productores ,No,"No se reporto alguna capacitación en seguridad, varias de las capacitaciones están enfocadas en la parte de reducción de contaminación, diversificación y regularización de predios para tramitar la APC.",Incorporar capacidades en seguridad para eventos futuros con los productores. ,Sí,El Mecanismo es difundido en cada una de las sesiones del subproyecto.,Documentar la difusión y continuar con dicha difusión hasta el cierre del subproyecto.,Sí,"Para la fase III se implementaron ecotecnias que fortalecieron al subproyecto y el cual en su mayoría estuvo enfocada en producir y dotar de árboles nativos para incorporar a las fincas, se pudieron visitar dos jardines filtrantes.","Monitorear el funcionamiento y apropiación de las ecotecnologias implementadas,",Sí,"Aunque no se cuenta con un documento del manejo de residuos, pudimos constatar todo el manejo que realizan en el vivero de producción de planta donde todos los materiales se reciclan, se reutilizan y toda la planta se dona, vende o en menor de los casos se reúsa como composta",Generar documentos de guia sobre manejo de residuos derivados de las actividades del subproyecto.,No,"Si bien no se reporta algun plan de manejo de plagas, se ha mencionado en visitas previas al vivero que cuando hay alta incidencia de hervivoria se tienen que aplicar algunos insecticidas.",Generar un plan de manejo de plagas tanto preventivos como sistemicos en casos excepcionales.,Sí,Existen conocimientos locales para manejar algunas plagas; sin embargo no se reportan con detalle en los informes.,Incorporar prácticas y conocimientos a la implementación de acciones al menos en la narrativa.,Sí,Con la implementación de los jardines filtrantes  se reduce la contaminación de cuerpos de agua por el beneficio del café y se generan capacidades para tratar las aguas grises.,Monitorear que dicha ecotecnologia no genere vectores como mosquitos para ello se recomienda que los beneficiarios conozcan el como dar mantenimiento.,Sí,"Si bien el subproyecto no maneja residuos peligrosos, salvo lo empleado en vivero, si ha fomentado el buen manejo del agua y de residuos que se trabajan con productores que realizan el beneficio de café.","Documentar la disposición que realizan en todas las actividades del subproyecto, asi como mencionar que productos utilizan en sus viveros para control de plagas y nutrición.",No,El subproyecto no realiza prácticas de manejo del fuego,Estar atentos a la temporadas de secas por si se suscita algún percance de incendios en la región ,No,No se han mencionado algun evento que requiera un plan de contingencia y/o atencion a emergencias en los informes.,"Contar con protocolos mínimos ante una posible emergencia, y siempre tener a la mano botiquín para la atención de algún malestar de los técnicos y/o beneficiarios que asisten a las sesiones.",N/A,No se han reportado incidentes.,"Estar atentos y tener en cuenta la opinión y pulso de los pobladores ante posibles riesgos por temas climáticos, sociales o de seguridad en los territorios.",No,"El subproyecto desde su inicio ha fomentado el declarar fincas de cafetal biodiverso en Áreas Privadas de Conservación, enriquecerlas con árboles y en el caso de la comercialización acceder al sello de biodiversidad  y a pesar de que el estatus de protección fomenta la conservación no restringe el uso y el manejo que los productores realizan en la finca.",Tener acuerdos escritos de los compromisos de las partes interesadas para no generar conflictos mas adelante.,Sí,"Las especies utilizadas no se encuentran en alguna norma de protección pero la OLLC cuenta con permisos de colecta, asi como las APC cuentan con un plan de manejo simple aprobado por la Secretaria de Medio Ambiente del Estado de Veracruz.",Continuar con estas prácticas y para el caso de especies protegidas realizar la actualización en los permisos de colecta y en su caso tramitar la UMA.,No,El subproyecto no realiza el monitoreo de biodiversidad ni agua; sin embargo realiza un monitoreo interno de la OLLC.,Incorporar el monitoreo en proyectos futuros que logren demostrar la efectividad de las actividades implementadas.,Sí,"Con la producción de especies nativas y adaptadas, se han incorporadas a los cafetales sombra biodiversa para el café lo que genera servicios ambientales y conservación d ella biodiversidad.",Continuar con estas prácticas e implementar la diversificación productiva para un futuro como diversidad de árboles frutales y polinizadores,No,,,,,,,,,,,,,,,,No,,,,Sí,Las sesiones de trabajo se realizan en sesiones con productores para recibir la información referente al subproyecto asi como acuerdos y calendarización de visitas y entrega de plantas.,Documentar y seguir fomentando sesiones colectivas para dar la información referente a los resultados del subproyecto como son las cápsulas que se proyectarán para el cierre.,Sí,Se avanzo en la actualización de pagina web y se complemento con una consultoría para difundir los productos del sello de biodiversidad.,Aprovechar otros espacios como la comunidad de aprendizaje de CONECTA y RIOS asi como explorar otras plataformas como redes sociales.,No,No se han creado organizaciones que agrupen productores y generen cohesión social; sin embargo con el sello de biodiversidad se ha dado visibilidad a fincas que conservan la biodiversidad y que generan servicios ambientales.,"Con la red de aliados que tiene Pronatura, continuar fortaleciendo alianzas y colaboración continua sobre todo aprovechar organizaciones y colectivos ya creados.",Sí,"En esta última etapa se han generado alianzas con los subproyectos que trabaja con carpe asi como se ha donado planta a otros subproyectos, lo que han fortalecido la comunidad de aprendizaje.",Seguir compartiendo los resultados del subproyecto con la comunidad de aprendizaje ,Sí,Se han tenido avances con la contratación de una consultoría para grabar cápsulas con testimonios de mujeres cafetaleras.,Anticiparse a tener las contrataciones en tiempo para no generar retrasos o en su caso el no poder llevar a cabo las actividades.,Sí,"Se tienen dos cápsulas de video sobre mujeres cafetaleras, se tiene pendiente una última cápsula para el último trimestre.",Continuar con el seguimiento a este indicador y reportarlo en el informe final.,De 30% a 59%,Sí,La implementación de ecotecnias se enfoco en beneficiar principalmente a mujeres.,"Buscar el beneficiar a mas mujeres con la incorporación de acciones que busquen visibilizarlas y tomar en cuenta sus necesidades (herbolaria, huertos, abejas, etc).",Sí,"Aunque hay mayoría de participantes hombres, las mujeres reciben el mismo beneficio y responsabilidades como cualquier otro beneficiario.",Buscar que los beneficios abonen a la disminuir las brechas de genero en las comunidades.,No,No se reporta la difusión de protocolos para la prevención de violencia.,Estar atentos a incidentes con las personas beneficiarias y en su caso asesorarse con las instituciones correspondientes.,No,No se han reportado incidentes.,Estar atentos y acompañar a los beneficiarios al cierre del subproyecto ante cualquier suceso.,Sí,El mecanismo se sigue difundiendo en las sesiones de la fase III,Seguir difundiendo el MAQyC por lo que resta del proyecto CONECTA.,Oficial de programa
,,,2/4/2026 20:26:55,,isauro_cortes@fogomex.org,,CONECTA,,AMS2207037,Isauro Cortés,Fondo Regional,2/4/2026,"Campo, Reporte",Sí,"Las actividades del subproyecto contaron con presupuesto para las contrataciones de promotores y para la adquisición de insumos y plantas para trabajar el cafetal agroecologico, todo esto con el aval y socialización con los grupos de trabajo.","Se hizo encapie, que el subproyecto tiene muchas actividades, lo que requiere una planeación muy detallada y consensuada, aunados con el cumplimiento del manual en procesos de contratación y adquisiciones lo que demanda mucho orden en el personal de la OLLC, para futuros proyectos se recomienda enfocarse en actividades mas concretas que no dispersen el esfuerzo.",Sí,"Las actividades del subproyecto se planean con las y los productores para calendarizar y que parte de las acciones se alineen con los ciclos productivos de las comunidades, asi como cada linea de acción se socializa con los beneficiarios para tener una mayor impacto; por ejemplo la selección de variedades café, árboles frutales, temporadas de siembra de barreras vivas, entre otras.",Continuar y seguir con la inclusión de otros grupos que no se visibilizan como son las mujeres y juventudes. ,Sí,Se dio seguimiento a las acciones propuesta en el anexo 5; sin embargo hay oportunidad de mejora y dar una mayor descripción de otras medidas que se tomaron sobre la implementación ya que como se menciona en el tema del café se tienen muchas externalidades que requieren tomar desiciones sobre la marcha.,"Tratar en medida de lo posible sistematizar y recabar los datos que se propusieron en el anexo 5, para tener referencias en futuros proyectos y no generar información desde cero.",Sí,"La OLLC cuenta con un trabajo en las comunidades de Cosautlan con al menos 10 años continuos, se ha fortalecido un grupo de cafetaleros y cafetaleros quienes ya están comercializando su café en tostado y molidos, ademas de que han diversificados sus actividades, los técnicos y administradores han ido fortaleciendo sus capacidades en los procesos del manual de operaciones y en la planificación de actividades de manera multianual.","Se recomienda fortalecer la parte de sistematización en lo propuesto, aunque son muchas actividades, buscar tener los costos sobre todo en lo implementado en el cafetal y lo obtenido en ventas. ",Sí,"Se dio seguimiento a las medidas y se busco dar respuesta a las necesidades de todos lo participantes, se puede esperar que las medidas de mitigación se pueden actualizando sobre la ejecución, ya que a veces pudieran no ser suficientes.",Realizar la actualización permanente de los riesgos y construir las medidas de acuerdo a las necesidades de los productores y sistematizar los resultados.,Sí,El personal contratado y los consultores se contrataron siguiendo los procesos que dicta el manual de operaciones y con contratos verificados.,"Se realizaron varios servicios de consultorias , lo que requirió cumplir y seguir varios procesos a la par que genero que las contrataciones se fueran retrasando, por lo que se les recomienda fortalecer y mejorar los procesos que dicta el manual para no sufrir retrasos en las actividades. ",Sí,Se contrataron tres promotores los cuales recibieron el mismo monto por las mismas actividades que se propusieron en sus términos de referencia.,Continuar con estos esquemas de contratación de promotores comunitarios tanto hombres como mujeres.,No,En el subproyecto no se contrato a personas menores de edad,Continuar trabajando con personas adultas.,N/A,En el subproyecto no se contrato a personas menores de edad,Continuar trabajando con personas adultas.,Sí,"El subproyecto realiza prácticas consensuadas para tener una mayor seguridad como son las reuniones grupales por el día, en horarios adecuados para que asistan las mujeres, que se oferten actividades para infantes, que la comunicación se realice via los promotores comunitarios que apoyan en campo, aunado con los talleres de cuidados e inclusión de jovenes se puede tener un mejor ambiente de trabajo seguro.",Continuar con estas buenas prácticas y reforzar la comunicación en el territorio para conocer el estado de seguridad y eventos que se suscitan en la comunidad.,No,"No se tuvieron capacitaciones en prevención de riesgos, sin embargo las actividades siguieron con las medidas de seguridad necesarias para disminuir los riesgos.",Buscar tener protocolos de seguridad para disminuir riesgos o tener herramientas para responder ante alguna emergencia.,Sí,"Se difundió el Mecanismos en las sesiones informativas, talleres y reuniones del subproyecto.",Seguir difundiendo el mecanismos hasta el cierre del subproyecto.,Sí,"En esta última etapa del subproyecto no solo se consolido el manejo en los cafetales sino que se realizaron acciones en los hogares y traspatios de los beneficiarios como lo son las estufas ahorradoras, sistemas de captación de agua de lluvia, baños secos, producción de gallinas de traspatio, las abejas nativas, etc.","Si bien todas estás actividades complementan y dan respuesta a las peticiones locales, demandan mucho tiempo para la adquisición de insumos lo que les genera una alta carga de trabajo con proveedores, continuar con este enfoque y ser mas sistemáticos para cumplir con los requerimientos en los procesos de adqusiciones.",Sí,"Si bien no hay un plan escrito, parte de los residuos generados de las actividades no solo del café sino de los hogares, se van reutilizando e incorporando a compostas, alimento para animales, leña, etc por lo que nada se desperdicia.",Construir un plan de acuerdo a las experiencias generadas por el subproyecto.,Sí,Al vincularse con las escuelas de campo se han adoptados algunos bioles que se aplican al café y otros frutales de las fincas.,Continuar con la vinculación con las escuelas de campo.,Sí,"Las acciones se planean de acuerdo al ciclo productivo del café, por lo que se los conocimientos locales y técnicos se alienan para realizar las práctica culturales que van desde renovación de cafetos, siembra de barreras vivas, fertilización, etc. Esto para prevenir plagas y brotes de broca principalmente; aunque cabe hacer mencion que en este último ciclo hubo incidencia de roya.","Generar algún manual de buenas prácticas para compartir con otros productores, esto como parte de la sistematización de la experiencia.",Sí,"Las biofábricas se encuentran en sitios alejados a las viviendas, asi como los insumos con los cuáles se ha tenido una reducción en la aplicación de agroquímicos.","Generar un plan o protocolo de seguridad, ya que el manejo del cafetal se realiza todo el año y los productores y productoras están expuestos a insumos de otras parcelas sobre todo en épocas de fertilización y en contextos de roya.",N/A,El subproyecto no maneja residuos ni materiales peligrosos.,Tomar en cuenta y estar atento por si hay aplicaciones de fungicidas para atacar la roya en predios cercanos.,No,No se realizan prácticas de manejo del fuego ,Estar atento en la temporada de sequia que recien comienza por si se suscitan incendios en las áreas forestales del muncipio y logran afectaciones a las comunidades.,Sí,"Si bien no hay protocolos escritos para atender emergencias, se cuenta con una red de apoyo con la SADER (escuelas de campo), ayuntamiento de Cosautlan y OLLCs con las que hay una comunicación permanente sobre cualquier situación en la zona cafetalera de región, ademas de contar con buenas prácticas para el desarrollo de sus actividades.",Empezar a diseñar protocolos o decalogos de buenas prácticas para responder a alguna situación de emergencia que se pudiera suscitar.,N/A,No se han suscitado alguna emergencia en este último periodo.,Estar atentos a esta temporada de secas por los eventos de incendios que podrían afectar la región.,No,El subproyecto no fomenta ni implementan medidas restrictivas sobre el uso y acceso a los recursos naturales.,Continuar fortaleciendo el trabajo con los cafetaleros para fomentar la apropiación y el sentido de pertenencia al territorio.,N/A,El subproyecto no maneja ni reproduce especies que estén en alguna categoría de riesgo o normada.,"En caso de introducir o reproducir alguna especie normada, buscar la asesoría necesaria para realizar y contar con los permisos necesarios.",Sí,"Sobre todo se realizan estudios del suelo, esto para conocer los impactos de las actividades del subproyecto, donde se complementan con las acciones de las escuelas campo.",Buscar sistematizar las experiencias y resultados del monitoreo.,Sí,"Si bien el subproyecto fomenta el manejo y diversificación del cafetal de sombra agroecológico, tambien se implementan buenas prácticas como son las barreras vivas para conservación de suelos, las biofábricas para reducir el uso de agroquímicos lo cual tienen un impacto en la conservación de la biodiverisidad.",Seguir fomentando estas prácticas en los cafetales.,No,,,,,,,,,,,,,,,,No,,,,Sí,"Las propuestas y actividades se planean año con año y se socializan cada una para las adquisiciones, logisticas de entrega de insumos, etc.",Seguir planificando las actividades en conjunto con los beneficiarios.,Sí,"Se participa en la red del proyecto CONECTA, asi como en eventos de la OLLCs ERA, la alianza con las escuela de campo de SADER y otras OLLCs.",Seguir divulgando los resultados del subproyecto y participando en las redes que se han ido generando.,Sí,Existen dos comités en cada comunidad y desde ahi se planea y se van tomando las decisiones para la ejecución de las actividades.,Seguir fortaleciendo estas plataformas de participación y buscar hacerlas mas operativas para avanzar en tiempo y forma en las acciones.,Sí,Se participa en las comunidades y redes de intercambios de experiencias entre técnicos y productores y se van compartiendo los resultados y experiencias del subproyecto.,Seguir fomentando la participación de los productores en estos espacios.,Sí,"Se ha tenido un involucramiento de las mujeres en muchas de las actividades y componentes del subproyecto, sobre todo en temas de comercialización y acopio de café, entre otras actividades de logistica.",Seguir involucrando a las mujeres y documentar su participación.,Sí,Se tiene mas del 50% de participación de mujeres.,Mantener dicha participación y generar narrativas testimoniales.,De 30% a 59%,Sí,"Desde la implementación de estufas ahorradoras, gallinas, abejas, entre otras actividades se han venido involucrando las mujeres y en esta última etapa tambien en la comercialización.",Mantener y fortalecer dicha participación.,Sí,Existen las mismas responsabilidades y beneficios entre hombre y mujeres; aunque para ir reduciendo las brechas existentes se ha dado prioridad a la atención de las familias cafetaleras con la inclusión de acciones que beneficien a las mujeres.,Seguir visibilizando estos beneficios.,No,No se han tenido acciones de prevención de la violencia de genero; sin embargo si se han tenido talleres de empoderamiento de las mujeres donde se ha hecho hincapié de sus labores en el sector cafetalero.,Seguir fomentando y desarrollando este tipo de talleres e ir generando otras formas de visibilizar el trabajo de las mujeres.,No,No se han reportado situaciones de denuncia por violencia de género.,Estar atentos por cualquier situación y acercarse a las instituciones correspondientes.,Sí,EL mecanismo se ha venido difundiendo en cada taller y reunión.,Seguir difundiendo el mecanismo hasta el cierre del subproyecto.,Oficial de programa
,,,5/4/2026 1:18:18,,isauro_cortes@fogomex.org,,CONECTA,,AMS2207030,Isauro Cortés,Fondo Regional,4/4/2026,"Campo, Reporte",Sí,"Se destinaron recursos para la realización de las acciones propuestas en el anexo 5, con el seguimiento a las parcelas escuela, los talleres de catación y barismo dirigido a cafetaleros de preferencia, asi como dos cursos de prevención de incendios.",Continuar con estas prácticas de dar seguimiento a las acciones para mitigar los riesgos identificados.,Sí,Las acciones propuestas obedecen a las necesidades de los productores y vienen de un seguimiento desde el año1.,Seguir tomando en cuenta las necesidades del teritorio y de los beneficiarios,Sí,Se actualizaron las medidas de mitigación en esta última fase y se llevaron acabo.,Continuar actualizando las medidas para futuros proyectos.,Sí,"La OLLCs cuenta con una amplia experiencia en temas de café, barismo y pruebas; ademas se ha apoyado con consultores expertos en las temáticas abordadas.",,Sí,Con las acciones implementadas se logro reducir los impactos y se completan las acciones propuestas.,Explorar en futuros proyectos revisar y actualizar otras medidas de mitigación de acuerdo al contexto regional.,Sí,"Se han seguido los procesos que dicta el manual de operaciones en adquisiciones y consultorias, la OLLC ha recibido una acompañamiento permanente y las operaciones se han llevado a cabo.",Seguir tomando en cuenta las buenas prácticas del manual para que OLLC pueda incorporar los procesos administrativos para futuros proyectos.,Sí,Los técnicos y consultores recibieron una remuneración en base a resultados y se siguieron los procesos de contratación del manual.,Seguir fomentando estas buenas prácticas.,No,En el subproyecto no se contrataron menores de edad.,Seguir con la practica de contratar solo a personas mayores de edad.,N/A,En el subproyecto no se contrataron menores de edad.,Seguir con la practica de contratar solo a personas mayores de edad.,Sí,"La organización realiza buenas prácticas en la implementación de sus activiades, donde el 100% de su personal son mujeres, por lo que realizan las visitas ",Generar protocolos de seguridad que permitan tomar medidas mas sistematicas para futuros proyectos.,Sí,Desde el año pasado se detecto un riesgo en incidencias por incendios por lo que se gestionó ante CONAFOR y la CONANP cursos de prevención y manejo de incendios.,Seguir acercandose a instancias que les permitan capacitarse como OLLC y a los productores.,Sí,El mecanismo se difundio en cada sesión y reunión con los beneficiarios,Continuar divulgando el mecanismo hasta el cierre del subproyecto.,Sí,"Ademas de continuar con compras consolidadas colectivas de insumos para dar nutrición a los cafetales, se adquirieron secadores solares para transformar el café cereza a pergamino.",Seguir con estas buenas prácticas y buscar la implementación de ecotecnias alternativas al manejo de los cafetales.,Sí,"Si bien no se tiene un plan de maneo de residuos, si se realizan buenas prácticas con los productores donde los residuos del beneficio del café son aprovechados dentro del mismo cafetal y no son enviadas a cuerpos de agua u otros sitios que generen un vector para la población.",Generar un plan sencillo de manejo de residuos que permitan a los productores un mejor manejo de sus residuos.,Sí,"Justamente mediante los estudios de suelos se ha podido reconocer las necesidades de los cafetos, se ha enfocado a la fertilización requerida de elementos (Nitrógeno, fósforo, potasio, etc.) y se ha disminuido el uso de agroquímicos sin un diagnóstico previo.",Continuar con estas prácticas y seguir con el monitoreo para detectar plgas y deficiencias en el cafetal.,Sí,"La OLLC cuenta con la experiencia para dar el seguimiento, realizar el monitoreo y dar recomendaciones técnicas personalizadas.",Continuar con este seguimiento a los productores.,Sí,La aplicación de insumos no peligrosos se realizan siguiendo las recomendaciones técnicas.,Generar un plan de buenas prácticas para la fertilización de cafetos que pueda ser difundida entre los productores.,N/A,El subproyecto no maneja sustancias peligrosas.,"Tener un plaanen caso de tener algun contacto con alguna sustancia, aunque no se use para las actividades.",Sí,El subproyecto gestiona dos cursos basicos de prevención de incendios con la CONANP los cuales se llevaron acabo en las cuencas de La Antigua y Jamapa.,Dar seguimiento a estos talleres y buscar que se repliquen en otras regiones donde se amerite.,Sí,Con la implementación de los dos cursos en prevención de incendios se tienen conocimientos sobre como actuar ante una emergencia por algún incendio,Estar atentos y complementar estas medidas con otras capacitaciones (primeros auxilios por ejemplo).,N/A,No se reportaron incidentes en los últimos 6 meses,Estar atebtos ante cualquier situación o emergencia.,No,El subproyecto se realiza en su mayoría en propiedades privadas en fincas cafetaleras de medianos y pequeños productores de café.,Ninguna,N/A,"En el subproyecto no se realiza aprovechamiento de la biodiversidad sea maderable o no maderable, las fincas son principalmente aprovechadas para el autoconsumo de algunos productos y la cosecha y venta de café.",Explorar la normatividad en caso de que se quieran aprovechar otros productos como son árboles o epifitas.,Sí,Se continuo con el monitoreo Biocomuni en esta epoca de secas.,Continuar con el cierre del monitoreo de los sitios propuestos.,Sí,Se dieron dos cursos de prevencion de incendios,Estar atentos en esta época de estiaje ante posibles incendios.,No,,,,,,,,,,,,,,,,No,,,,Sí,Las acciones y actividades de esta fase III fueron socializadas por los beneficiarios.,Seguir construyendo estas propuestas en conjunto de cara al objetivo de una siguiente etapa en comercialización con trazabilidad.,Sí,S esta dando divulgación desde redes sociales y a través de la venta de productos del café de 69 quintales se vincula un código QR para conocer las características de cada finca de donde se esta ofertando el producto de café tostado.,Continuar divulgando los resultados del subproyecto.,Sí,Con la marca de 69 quintales y el colectivo de café cooperativo se tiene uan aprticipación mas activa de los productores.,Seguir fortaleciendo la red de café cooperativo y seguir sumando a más productores,Sí,Se tiene una participación constante de la OLLC y de los productores en las diferentes comunidades de aprendizaje y de intercambio de experiencias.,Seguir participando en estos espacios aún cuando finalice el proyecto.,Sí,"Se cumple con el indicador al involucrar a productoras en la red de comercialización y los diferentes procesos de la cadena, ademas de involucrar a muchas productoras",Incorporar estos indicadores en futuros proyectos y sistematizar estas experiencias.,Sí,Se cumplio la meta de incorporar a tres productoras,Buscar tener indicadores de género en futuros proyectos,De 30% a 59%,Sí,La mayoría de los productores son mujeres ademas de que esl staff de la OLLC tambien son en su mayoría mujeres (100%),Seguir fomentando la participación de mujeres y otros grupos vulnerables.,Sí,Los técnicos reciben la misma renumeración independientemente de su género.,Seguir con estas buenas prácticas.,No,No se cuenta con un protocolo para la prevención de violencia de género.,Buscar generar un protocolo en casa de tener alguna situación de violencia.,No,No se han reportado algún incidente de violencia de género,Estar atentos ante algun evento de violencia.,Sí,El mecanismo fue divulgado en cada sesión de trabajo.,Seguir difundiendo el mecanismo hasta el cierre del subproyecto.,Oficial de programa
,,,6/4/2026 1:13:12,,isauro_cortes@fogomex.org,,CONECTA,,AMS2207047,Isauro Cortés,Fondo Regional,5/4/2026,"Campo, Reporte",Sí,"Gran parte del recurso invertido que no fue la infraestructura de los biodigestores o los huertos fue para dar seguimiento, monitorear y generar la apropiación de las ecotecnologias disminuyendo los riesgos por falta de mantenimiento, abandono o desuso de los mismos.",Acompañar a los beneficiarios durante la transición del cierre del proyecto.,Sí,"Desde el inicio del subproyecto donde se presentaron las ventajas y requerimientos de los biodigestores, se han difundido toda la información de posibles riesgo y características para ser viable a ser beneficiario.",Seguir divulgando los resultados de los módulos para que funcionen como demostrativos involucrando a las y los productores.,Sí,"Se siguió cada una de las acciones que fueron desde los foros de presentación del subproyecto, los diagnósticos para la selección de los mejores sitios donde se implementaron los biodigestores y todo el seguimiento en campo para su correcta operación y aprovechamiento del gas y de los bioles.",Seguir con esta metodología y buscar incorporar estas medidas para futuros proyectos.,Sí,La OLLC cuenta con la experiencia técnica y ha incorporado buenas prácticas en los procesos de adquisiciones y capacidades administrativas; ademas de que estuvo abierto a innovar en temas como la ganadería regenerativa y el enfoque de género.,Seguir fortaleciendo las capacidades internas de la OLLC y seguir con la sistematización de los resultados.,Sí,"La medidas se cumplieron y se fueron actualizando en cada fase, ademas de que se fueron incorporando nuevos enfoques y se observo ese compromiso de seguimiento.",Seguir con estas buenas prácticas para futuros proyectos y estar atentos a los contextos locales.,Sí,La OLLC ha incorporado los lineamientos que dicta el manual lo que les ha dado como resultados que las metas no solo se hayan alcanzado sino que se superaron y se logro que el subproyecto tuvieran recursos extras.,Seguir con estas prácticas para futuros u otros proyectos que permitan tener una mejor operación en procesos.,Sí,"Los técnicos contratados reciben un salario por las actividades que desempeñan, asi como a las personas que realizan el monitoreo reciben un pago sin distinción de género",Seguir con estas prácticas y fomentar la inclusión al contratar técnicos y administradores.,No,En el subproyecto no se contrato a menores de edad,Continuar con esta práctica.,N/A,En el subproyecto no se contrato a menores de edad,Continuar con esta práctica.,Sí,"Para el manejo de los biodigestores, los huertos y la aplicación de los bioles, se emplearon medidas de seguridad basicas como son el uso de guantes, herramientas de trabajo, mochilas aspersoras y en el caso del uso de drone para aplicaciones se contrató a un consultor para su manejo.",Fortalecer las medidas de seguridad con un mejor equipamiento para los beneficiarios.,Sí,"Se dio capacitación constate sobre el montaje, operación, funcionamiento y mantenimiento de los biodigestores asi como su correcto uso y aprovechamiento.",Buscar capacitaciones futuras en medidas de seguridad y uso de equpos especializados para futuros proyectos,Sí,El mecanismo se difundió en cada una de las sesiones informativas y se puso a disposición de los beneficiarios.,Continuar con la difusión del mecanismo hasta el cierre del subproyecto.,Sí,"Se implementaros tres principales actividades que se complementaron: la instalación de los biodigestores( que produjeron gas y biol), los huertos ( que se fertilizaron con el biol) y el excedente de biol, el cual se comercializo a nivel local.",Apoyar y dar seguimiento a las ecotecnias y fortalecer la parte de comercialización de los productos de los huertos y del biol.,Sí,El uso de bioles se realiza con las debidas restricciones y el subproyecto no maneja residuos peligrosos.,Generar un plan de manejo adecuado del gas y de los bioles para tener un uso mas eficiente.,Sí,"Con la aplicación de los bioles y vinculado con tesistas para monitorear los resultados, se ha tenido buena incidencia ya que algunos productores han disminuido el uso de agroquímicos por los buenos resultados que se tuvieron en cultivos como el limón y el chayote.",Seguir documentando los resultados de la aplicación de los bioles y de la disminución de plagas.,Sí,La experiencia de los técnicos y el conocimiento local permitieron que la apropiación de las ecotecnias y huertos hayan tenido una rápida aceptación y se vio reflejado en el manejo de los cultivos que se realizan en la región.,Continuar con la construcción de los modelos que mejor funcionen en cada zona y cultivo.,Sí,"Si bien no hay un protocolo escrito, se adoptaron las prácticas para la operación de biodigestores que se complementaron con las prácticas ganaderas de los sistemas semiestabulados donde no se usan quimicos que puedan afectar a los bioles.",Generar y complementar un plan de disminución de riesgos para la comunidad.,Sí,El almacenamiento de gas y de biol requiere que se tenga un uso intensivo por lo que las medidas para su aprovechamiento precisamente disminuyen los riesgos de algún accidente o exposición del estiércol fermentado.,Continuar con las buenas prácticas para el uso del biodigestor y los subproductos.,No,El subproyecto no realiza acciones de manejo del fuego.,Ninguna,Sí,"Se dio capacitación sobre el uso de los biodigestores para evitar que pueda explotra por no usar el gas, aunque no se dieron otras capacitaciones para atender alguna emergencia.",Generar un plan sencillo para atender alguna emergencia que pueda surgir mas adelante.,N/A,No se han registrado emergencias en el último periodo.,Estar atentos ante alguna emergencia que se pudiera suscitar.,No,El subproyecto se realiza dentro de las propiedades de los productores; en su mayoria son ganaderos y ganaderas y este no genero restricciones.,Ninguna.,N/A,El subproyecto no realiza el aprovechamiento de especies ni ejemplares que esten normados.,Ninguno,Sí,Se realiza el monitoreo de calidad del agua en su última etapa.,Continuar con el monitoreo en esta última etapa y devolver los resultados a los beneficiarios.,Sí,El subproyecto se enfoco en áreas productivas y se genero un sistema silvopastoril como modelos replicable.,Explorar otras acciones complementarias como la restauración o cercos vivos.,No,,,,,,,,,,,,,,,,No,,,,Sí,El subproyecto cuenta con la socialización de los beneficiarios y con el apoyo de los ayuntamientos de las actuales y anteriores administraciones. Cada año se fueron validando las propuestas.,Continuar en esta última etapa con la difusión de los sistemas como modulos demostrativos y vincularse con actores locales para replicar o concetar a clientes de los productores de los bioinsumos.,Sí,"Se han participado en intercambios primero entre productores de los muncipios de Carrillo Puerto, Coscomatepec y Cotaxtla y se participa en las comunidades de aprendizaje a nivel estado y en la del proyecto a nivel nacional.",Seguir aprovechando y extendiendo las colaboraciones con estas redes y vincular a productores con otras iniciativas.,Sí,Desde un inicio se vincularon con los enlaces agropecuarios de los municipios y se realizaron reuniones donde se dieron detalles del subproyecto y se han tenido talleres y reuniones de seguimiento asi como intercambios de experiencia.,Aprovechar estos espacios generados y difundir los resultados del subproyecto.,Sí,Los intercambios de experiencias se han realizado desde el año 1 y se han podido fortalecer y consolidar como una experiencia que esta siendo visitada y esta generando un gran interes de parte de la población.,Devolver los resultados de las investigaciones en los rendimientos de los biodigestores y de la aplicación de bioinsumos en los cultivos.,Sí,Se alcanzo la meta al concluir los huertos demostrativos.,Dar seguimiento al cierre del subproyecto y apoyar en la comercialización de los excedentes ,Sí,Se pudo alcanzar la meta sin contratiempos.,Apoyar en la coemrcialización y acompañar a los grupos de mujeres.,De 30% a 59%,Sí,Con la implementación de los huertos y con el acompañamiento de Raquel Zepeda se están explorando otras inquietudes de las mujeres.,Dar seguimiento y fortalecer el grupo de mujeres al cierre del subprouyecto.,Sí,"SI bien los biodigestores se estuvieron enfocando con productores ganaderos, los beneficios del gas y los bioles son a nivel hogar y las mujeres han desarrollado otras capacidades y están generando un grupo de trabajo.",Dar seguimiento a las actividades hasta el cierre del subproyecto.,No,No se ha trabajado el tema de violencia de género.,Estar atentos y buscar la asesoría de las instituciones correspondientes,No,No se han reportado incidentes de violencia de género,Estar atentos ante cualquier evento de violencia ,Sí,El mecanismo se difundió en cada reunión que se tuvo con las mujeres,Continuar con la difusión del mecanismo hasta el cierre del subproyecto.,Oficial de programa
,,,4/5/2026 12:17:23,,priscila.mendoza@fmcn.org,,CONECTA,,AMS2207015,Priscila Mendoza Saldívar,FMCN,4/5/2026,"Campo, Reporte, Otras",Sí,"En el subproyecto se consideró presupuesto para reposición de planta de chamizo y para la adquisición de equipo de protección personal y de insumos para evitar golpes de calor o deshidratación, en todas las actividades de campo tuvieron una estación de hidratación con sombra y sillas, además del botiquín de primeros auxilios. ",,Sí,"En las actividades en campo solicitaban el uso de equipo de protección personal y explicaban los riesgos. En las actividades de obras de suelos, la firma consultora impartió charlas de seguridad a los jornaleros. ",,Sí,El uso de equipo de protección personal; estación de hidratación; para el diseño de las obras de suelo se contrato a empresas especializadas en el tema para la correcta ejecución de las obras; la planeación de las actividades se realizó junto con el grupo de productores; el plan de manejo ganadero también se realizó con la participación del grupo de productores; se promovió el uso de especies nativas. ,,Sí,El equipo de la OLLC contó con un equipo técnico con conocimientos en la restauración de suelos. ,Tener como parte del equipo a una persona experta en ganadería sustentable. ,Sí,Cuentan con las suficientes medidas ambientales y sociales para el correcto desempeño del subproyecto,,Sí,"La OLLC ha destacado por su desempeño en el seguimiento de los lineamientos del proyecto, incluyendo los procesos de contratación",,Sí,"No se puede tener certeza de la remuneración equitativa de los jornales ya que fueron subcontratados por la firma consultora contratada por Eyé Kawí, sin embargo, respecto al personal contratado directamente por Eyé Kawí si se cumplió este lineamiento. El MAQ fue difundido por medio de llaveros proporcionados por FMCN en las visitas y eventos",,No,Todas las personas que participaron en actividades del proyecto son mayores de edad,,N/A,,,Sí,"Proporcionaron equipo de protección personal para las actividades en campo, también contaron con una estación de hidratación con sombra y sillas para prevenir golpes de calor, y elaboraron un croquis de ubicación del centro de salud u hospital más cercano. No contaron con un protocolo para la atención de casos de violencia de género",Para proyectos futuros se recomienda considerar un protocolo parala atención de casos de violencia de género. ,Sí,"En las actividades de obras de suelo que requirieron jornales se dieron charlas de seguridad, impartidas por la firma consultora encargada de las obras. ",,Sí,El MAQ ha sido difundido a todos los grupos de productores en las visitas de supervisión y eventos. No se tienen registros de difusión directa por parte de la OLLC. ,,Sí,Se implemetaron obras para la restauración de suelos (keyline y bordos a curva de nivel) y se proporcionó infraestructura para realizar un pastoreo de alta densidad que promueva la recuperación de las áreas degradadas. Las obras de suelos han incrementado la infiltración del agua y la producción de pastos nativos. También realizaron un Plan de Manejo Ganadero que considera recomendaciones para la recomendación de la biodiversidad. ,,N/A,El subproyecto no consideró sustancias peligrosas,,No,No se contó con dicho programa. Se espera que con el manejo del ganado en altas densidades contribuya a disminuir la plaga de hierbaloca. ,Para proyectos futuros identificar las plagas que afectan a la unidad de producción y considerar un Plan de atención. ,Sí,Para la gestión de residuos si se cuenta con los conocimientos. ,,N/A,El subproyecto no tiene riesgos para la comunidad. ,,N/A,No se generan materiales peligrosos en el subproyecto. ,,N/A,No aplica. El riesgo de incendios en la región es muy bajo.,"En proyectos futuros de manejo de pastizales, se sugiere integrar capacitaciones para el manejo del fuego, ya sea para prevención y manejo de incendios, y/o del fuego para restauración de los pastizales, principalmente la renovación de tobosales. ",Sí,Elaboraron un croquis de ubicación del hospital más cercano. En todas las actividades de campo contaron con un botiquín de primeros auxilios. ,Contar con un Plan de Respuesta ante Emergencias. ,N/A,No hubo accidentes o incidentes,,N/A,El subproyecto no genera restricciones del uso de la tierra,,N/A,No se realiza aprovechamiento de especies silvestres. ,,Sí,"Adicional al monitoreo de biodiversidad y suelos (Biocomuni), Eyé Kawí realizó también monitoreo en las obras de suelos realizadas en Fase 1, de producción de forraje, de humedad del suelo y de cobertura del suelo. ",,Sí,Restauración del ecosistema mediante obras de restauración de suelos y el manejo ganadero. ,,No,,,,,,,,,,,,,,,,No,,,,Sí,"El grupo de productores participó en todas las actividades del subproyecto, incluyendo la planeación de actividades. ",,Sí,"Si, realizaron un Intercambio de experiencias como actividad de cierre, donde invitaron a productores, organizaciones aliadas, entre otros actores clave, para compartirles los resultados del subproyecto. ",,Sí,"El grupo de productores está conformado por una familia, ya que el subproyecto fue en un rancho privado. La OLLC estuvo en comunicación constante con el grupo, el principal medio de comunicación fue WhatssApp donde se encontraban todos los integrantes del grupo, asimismo, en algunas visitas a la Unidad de Producción hicieron presentaciones de avances y metas. ",,Sí,"Si, en el Intercambio de Experiencias de cierre el grupo de productores participó compartiendo los resultados del subproyecto y su experiencia en él.",,Sí,R3.2 Número de personas que adoptan mejores prácticas en tránsito a la sustentabilidad (mujeres). Su meta era que las 3 mujeres de la familia se involucraran en las actividades del subproyecto y adoptaran las prácticas promovidas. La meta fue alcanzada. ,,Sí,"Se alcanzó la meta de 3 mujeres que adoptan mejores prácticas. Además, en el Intercambio de experiencias de cierre tuvieron una asistencia igualitaria de 50% hombres y 50% mujeres. ",,De 30% a 59%,Sí,"Los horarios y fechas para las actividades fueron siempre programadas con el grupo de productores, buscando en medida lo posible la participación de todos los integrantes. En los intercambios de experiencia dentro del rancho se proporcionó transporte y se programaron en fin de semana para facilitar la asistencia de las mujeres.",,Sí,Toda la familia participó en las actividades del subproyecto y los beneficios son para todos. ,,No,"En las actividades con la familia no fue necesario contar con ello, pues se han desenvuelto en un ambiente de respeto. Para el caso de actividades con personas externas no se cuenta con información al respecto. ",,No,,,Sí,,,Oficial del proyecto CONECTA
,,,4/5/2026 13:13:54,,priscila.mendoza@fmcn.org,,CONECTA,,AMS2405001,Priscila Mendoza Saldívar,FMCN,4/5/2026,"Campo, Reporte, Otras",Sí,La mayoría de las medidas de mitigación no requerían presupuesto. ,,Sí,"En las capacitaciones las personas adquirieron conocimientos sobre la conservación de los recursos naturales de su comunidad, especialmente del suelo y pasto. ",,Sí,Las obras de suelo y desazolve de presones se realizaron por personas con amplia experiencia. Las capacitaciones se programaron conforme a la disponibilidad de las personas. La planeación de las actividades se realizó con la participación de las personas. ,,Sí,,,Sí,,,Sí,"Las acciones se realizaron siguiendo los procedimientos del MOP, incluyendo los procesos de adquisiciones y contrataciones",,Sí,,,No,,,N/A,,,No,No se cuenta con evidencia del uso de Equipo de Protección Personal y/o de botiquín de primeros auxilios en la implementación de acciones en campo. ,,No,No han impartido capacitaciones orientadas a la prevención de riesgos de trabajo. ,,Sí,FMCN proporcionó al grupo de productores llaveros con el MAQ en las visitas. También dio difusión de éste en eventos. ,,Sí,La mayoría de las capacitaciones estuvo orientada al uso eficiente de los recursos naturales. ,,No,No se cuenta con un Pan como tal. ,"Disminuir la generación de residuos en las capacitaciones. Difundir medidas para la gestión adecuada de residuos, contra con un Plan. ",Sí,"En la comunidad se tienen hierbas tóxicas para el ganado, sin embargo no se contó con un Plan para ello. Sin embargo, destaca que en el Encuentro Ganadero del Desierto Chihuahuense tuvieron la participación de una persona de la SENASICA para presentar las medidas para prevenir o atender la plaga de gusano barrenador. ",,Sí,,,N/A,El proyecto no genera impactos negativos en las personas,,Sí,"Gracias a la instalación de dos bombas solares para la distribución de agua en agostaderos de Colonia Nuevas Delicias y Ejido Bellavista, se disminuyó el uso y manejo de hidrocarburos para dicha actividad.",Atender con los productores el adecuado manejo de combustibles y desecho,Sí,En el Encuentro Ganadero del Desierto Chihuahuense de 2025 tuvieron la participación del Ing. Bezanilla con una exposición de manejo del fuego ,,No,,,N/A,No se registraron emergencias o accidentes. ,,N/A,"Las actividades a realizar se definieron con las y los integrantes de los grupos de productores, éstas no generan restricciones de acceso y/o uso de la tierra o de los recursos naturales.",,N/A,No se realizaron actividades que requieran autorización de SEMARNAT. ,,Sí,Realizaron dos muestreos para monitorear la producción de forraje en las cuatro comunidades. ,,Sí,"Si, todas las actividades del subproyecto van enfocadas a la conservación de la biodiversidad: restauración de suelos, eliminación de ivermectinas, pastoreo sostenible del ganado, disminuir la carga animal de los potreros. ",,No,,,,,,,,,,,,,,,,No,,,,Sí,"Al inicio del proyecto Pronatura se reunión con los productores para presentar el POA trabajado en conjunto con el grupo, también hubo reuniones de reporte de resultados",,No,"En 2024 hubo una visita a ejido El Faro como parte de las actividades del Encuentro Ganadero del Desierto Chihuahuense, no obstante no se volvió a tener la divulgación del subproyecto. ",En los intercambios de experiencias generar espacios para la divulgación de las acciones que están siendo realizadas. ,Sí,"El subproyecto ha fortalecido mucho la gobernanza, sobre todo en Ejido El Faro y con el grupo de mujeres de Bellavista. También ha generado redes de apoyo entre las tres comunidades. ",,No,No se cuenta con información de que se haya tenido participación de las partes interesadas en el diseño de las actividades de comunidad de aprendizaje del subproyecto. ,,Sí,R3.3 Número de acciones afirmativas de género implementadas. Meta 10 acciones. ,,Sí,"La meta fue alcanzada, las acciones implementadas son: curso de redes comunitarias y género; provisión de alimentos en eventos de larga duración; instalación de módulo de producción agroecológica",,De 30% a 59%,Sí,El módulo de producción agroecológica. La contratación de la consultora con experiencia en género para la implementación del módulo. La programación de actividades en días que facilitaran su participación. Proveer de transporte para asistir a intercambios de experiencias. ,,Sí,"En la parte de ganadería participaron mayoritariamente hombres, pero esto fue compensado con el módulo de producción agroecológica donde las beneficiarias son todas mujeres. ",,No,"Se hizo la recomendación a la OLLC de implementar acuerdos de convivencia, no obstante no se cuenta con evidencia de que se haya hecho. ",,No,,,Sí,El MAQ fue difundido por FMCN a las personas beneficiadas en las visitas de supervisión y en los eventos. ,,Oficial del proyecto CONECTA
,,,5/5/2026 10:39:49,,priscila.mendoza@fmcn.org,,CONECTA,,AMS2207014,Priscila Mendoza Saldívar,FMCN,5/5/2026,"Campo, Reporte, Otras",Sí,Consideraron presupuesto para comprar equipo de protección personal y complementar el botiquín de primeros auxilios. ,,Sí,"Si, en las visitas y actividades que realizan han dado a conocer los riesgos e impactos. Incluso impartieron una capacitación sobre el uso de equipo de protección personal y una capacitación sobre las cacería responsable en la que se incluyó el uso seguro de las armas, ya que el rancho es una UMA de aprovechamiento extractivo. ",,Sí,"Los aprovechamientos de la UMA se han hecho conforme a la legislación, parte de ello es que anualmente realizaron los monitoreos de las especies para obtener la tasa de aprovechamiento. Otras medidas han sido la colecta de los residuos derivados de la instalación de infraestructura y el uso de equipo de protección personal durante estas actividades. ",,Sí,,,Sí,,,Sí,"Los informes han sido aprobados en los tiempos establecidos. También los procedimientos han sido realizados conforme al manual de operaciones, incluyendo los procesos de adquisiciones y contrataciones. ",,Sí,"El equipo técnico recibe igual remuneración por igual trabajo. En cuanto a la instalación de infraestructura, ésta ha sido realizada por los trabajadores del rancho por lo que no se tiene información respecto a remuneración. ",,No,,,N/A,,,Sí,La OLLC proporcionó equipo de protección personal para las actividades de instalación de infraestructura y de construcción de presillas filtrantes de piedra acomodada. ,,Sí,"Si, se proporcionó una capacitación en uso de equipo de protección personal y en cacería responsable. ",,Sí,"Si, las personas integrantes del grupo de productores conocen el MAQ. FMCN dio difusión del mismo a todos los integrantes del grupo mediante un llavero, también mediante banners en eventos. ",,Sí,"Si, las acciones del subproyecto van enfocadas en el uso sustentable del pastizal. ",,Sí,Como tal no se cuenta con un plan sin embargo si se ha hecho la colecta de los residuos que se generan de la instalación de infraestructura. ,,No,"En el rancho se tiene una invasión de cardenche (planta cactácea nativa). Se proporcionó información a la OLLC sobre tratamientos para el control de dicha especie sin embargo no se realizaron acciones al respecto, pues se priorizaron los esfuerzos hacia el manejo del pastizal. ",,Sí,,,N/A,Las actividades del subproyecto no generan riesgo de enfermedades. ,,N/A,No se generan materiales peligrosos,,Sí,"La planificación del pastoreo y distribución de potreros, por si mismo el sistema previene la dispersión de fuego en caso de incendios. ",,Sí,"Si, se elaboró un Plan de Respuesta a Emergencias que fue proporcionado a todos los integrantes del grupo que se encuentran en el rancho, incluyendo los vaqueros. ",,N/A,,,N/A,,,Sí,"Si, se cuenta con la autorización de la Dirección de Vida Silvestre para el aprovechamiento de la UMA. ",,Sí,"Si, además del monitoreo de agua y de la biodiversidad del proyecto CONECTA, realizan también monitoreo de las especies sujetas a aprovechamiento de la UMA. ",,Sí,"Si, las actividades del subproyecto promueven el uso sustentable de los pastizales y la conservación de la fauna silvestre mediante el pastoreo planificado considerando el ciclo de los animales, como por ejemplo, evitar pastorear las áreas ribereñas en las épocas de anidación de Guajolote y codorniz. ",,No,,,,,,,,,,,,,,,,No,,,,Sí,,,Sí,"Si, realizaron un Intercambio de experiencias en el rancho donde invitaron a personas de la región y a organizaciones locales. ",,Sí,El equipo técnico ha realizado reuniones con el grupo de productores para la toma de decisiones sobre las actividades del proyecto. ,,Sí,,,Sí,Número de actividades que promueven la participación de mujeres.  Meta 7 actividades. ,,Sí,"Aún no se recibe el informe final del subproyecto, sin embargo al segundo semestre de fase 3 el avance era de 4 actividades, teniendo aún pendiente realizar unas capacitaciones para mujeres. ",,De 0% a 29%,Sí,"Si, realizaron un diagnóstico de necesidades de capacitación para las mujeres. Para programar las actividades toman en consideración la disponibilidad de fechas y horarios de los integrantes del grupo, en el caso de las actividades en las que se busca la participación de las mujeres elegían días y horarios en las que ellas pudieran asistir. ",,Sí,"Si en medida de lo posible. Las mujeres de los subproyectos se encuentran en Ciudad Juárez por lo que su involucramiento en la Unidad de Producción es bajo, por este motivo los beneficios han sido más para los hombres, sin embargo, también se ha buscado generar beneficios para las mujeres, por ejemplo, con capacitaciones específicas para ellas. ",,No,"No se ha realizado, sin embargo todas las actividades se han realizado en un ambiente de respeto. ",,No,,,Sí,FMCN proporcionó llaveros con la información del MAQ a todas las personas integrantes del grupo,,Oficial del Proyecto CONECTA
,,,5/5/2026 12:33:35,,priscila.mendoza@fmcn.org,,CONECTA,,AMS2207016,Priscila Mendoza Saldívar,FMCN,5/5/2026,"Campo, Reporte, Otras",Sí,Incluyeron presupuesto para la adquisición de 4 rampas de escape para aves,,Sí,,,Sí,"Si, algunas de ellas fueron implementadas, como la instalación de rampas de escape, protocolo de emergencias para la brigada de monitoreo de fauna, uso de equipo de protección personal durante las actividades de monitoreo",,Sí,,,Sí,,,Sí,,,Sí,"Si, las personas que fueron contratadas a través del subproyecto si reciben igual remuneración por igual trabajo. ",,N/A,,,N/A,,,Sí,"Si, se proporcionó EPP a la brigada de monitoreo de fauna y se cuenta con un Plan de Atención a Emergencias. ",,Sí,Hace varios semestres se realizó una capacitación sobre riesgos y atención a emergencias para la brigada de monitoreo de fauna. ,,Sí,FMCN proporcionó llaveros con el MAQ a las personas beneficiadas del proyecto. ,,Sí,Se promovió el uso de biodigestores con los que se elabora biol. También se ha promovido la implementación de tecnología para realizar prácticas ganaderas más sustentables. ,,No,No se cuenta con un Plan para la Gestión de Residuos,,N/A,No se tienen plagas y vectores en la región del subproyecto. ,,Sí,,,N/A,El subproyecto no genera riesgos a la salud de las personas. ,,N/A,En el subproyecto no se generan residuos peligrosos,,No,,,Sí,"Si, se elaboró uno para la brigada de monitoreo de fauna",,N/A,,,N/A,,,N/A,,,Sí,Se realizaron actividades de monitoreo de la biodiversidad y agua (biocomuni) y también monitoreos de fauna. ,,Sí,"Si, las actividades del subproyecto están enfocadas en el manejo sustentable del pastizal para la conservación de la biodiversidad. ",,No,,,,,,,,,,,,,,,,No,,,,Sí,"La OLLC realiza sesiones de devolución de resultados, asimismo realizó para la planeación de las actividades. ",,Sí,"Si, han realizado intercambios de experiencias ",,Sí,Sesiones de trabajo para la planeación de actividades y para la integración de la ADVC. ,,No,No se tiene información de que las partes interesadas hayan participado en el diseño de las actividades de intercamios de experiencias. ,,Sí,R4.1 Número de mujeres implementando actividades alternativas a la ganadería de manera sustentable (Mujeres desarrollando actividades económicas sustentables alternativas a la ganadería). Meta 15 mujeres. ,,Sí,"Si, en la revisión del último informe se tenía un avance de 13 mujeres. ",,De 0% a 29%,Sí,La programación de actividades en días y horarios que las personas están más disponibles ,,Sí,En esta fase 3 dos unidades de producción lideradas por mujeres fueron beneficiadas con infraestructura para un mejor manejo del ganado. ,,No,,,No,,,Sí,FMCN proporcionó llaveros con el contacto del MAQ,,Oficial del proyecto CONECTA
,,,21/5/2026 14:25:03,,isauro_cortes@fogomex.org,,CONECTA,,AMS2207036,Isauro Cortés y Beatriz Castillo,Fondo Regional,26/3/2026,"Campo, Reporte",Sí,Los recursos invertidos no solo impulsan las buenas prácticas sino que responden a necesidades sentidas de los productores y van acorde mitigar los riesgo identificados previamente.,Adoptar la práctica de realizar diagnósticos y evaluaciones de riesgos ambientales y sociales previos a la implementación de actividades,Sí,Cada resultado y linea de trabajo fue socializada y avalada por los grupos de trabajo,Continuar y reforzar estas practicas para futuros proyectos.,Sí,"Se aplicaron las medidas de mitigación como fueron la implementación de viveros escolares para tener planta para reforestar en este último año, ademas de capacitaciones a productores en catación.",Seguir aplicando las medidas dentro de la institución para futuros proyectos,Sí,"Al contar con un equipo multidisciplinario se pueden atender desde diferentes ópticas para mitigar los aspectos de gestión de residuos, dialogo y conocimientos tradicionales, etc. ",Continuar con estos enfoques y seguir apoyando a los productores para mitigar impactos.,Sí,Para este cierre se consideran suficientes con las últimas actividades que consolidan a los grupo. ,Continuar con estas prácticas y para futuros  anexos 5 se pueden mejorar y adaptar a las nuevas necesidades.,Sí,La OLLC ha aprendido y cumplido con los procesos que dicta el Manual de operaciones ,"Para futuros proyectos, podrían asumir varias tareas que se las han delegado a consultores, esto para disminuir la carga de trabajo para cumplir con los procesos de contratación.",Sí,Los técnicos y administradores reciben un salario acorde a sus actividades y sin distinción de género.,Continuar con estas buenas practicas ,No,En el subproyecto no trabajan menores de edad,Continuar con estas buenas prácticas,N/A,En el subproyecto no trabajan menores de edad,Continuar con estas buenas prácticas,Sí,"Se cuentan con equipo, señaléticas y se trabaja en círculos de mujeres para dialogar y visibilizar su trabajo en la actividad cafetalera.",Continuar con estas buenas prácticas e ir involucrando a los hombres en temas de género.,Sí,Se consolidaron los modulos demostrativos con las biofabricas las cuales contaron con las medidas de prevención de riesgos y uso adecuado de equipo de seguridad.,Continuar con estas buenas prácticas y buscar nuevas capacitaciones en gestión de riesgos.,Sí,El mecanismo se difundió durante los 4 años,Seguir difundiendo el mecanismo hasta el cierre del subproyecto.,Sí,Las últimas actividades se enfocaron en realizar un uso adecuado de los espacios en las fincas para la diversificación productiva y para el uso eficiente de los recursos como fueron las ollas de agua y viveros para renovar las fincas.,Seguir fomentando las buenas prácticas y uso eficientes de los recursos disponibles en la región (reciclaje),Sí,A través de las biofábrica se logro realizar una buena gestión de residuos de muchos de los desperdicios de la industria del beneficiado de café,Seguir fomentando las buenas prácticas y uso eficientes de los recursos disponibles en la región (reciclaje),Sí,"A través de la nutrición de plantas, desde el vivero y con el uso de preventivos para responder a la roya y otros vectores que van apareciendo.",Seguir fortaleciendo y escalando las biofabricas para tener mayor cobertura de cafetales de sombra.,Sí,Muchas de las recetas y preventivos vienen desde el conocimiento tradicional y capacitaciones previas; asi como los productos de herbolaria rescatan todos esos saberes locales principalmente de mujeres.,Seguir fortaleciendo la gobernanza local y continuar con el rescate de saberes,Sí,"El subproyecto fomento el uso de equipo de protección para la operación de las biofabricas, principalmente ",Seguir fortaleciendo este rubro para futuros proyectos.,Sí,"El subproyecto no maneja residuos peligrosos, sin embargo se cuentan con la medidas para disminuir la exposición a otras sustancias en las biofábricas.",Continuar con estas buenas prácticas,No,El subproyecto no fomenta entre sus actividades el manejo del fuego.,Estar pendientes de capacitaciones de prevención de incendios si hubiera el interés,No,La OLLC no cuenta con un protocolo de atención a emergencias; sin embargo hay interes y tener la capacidades mínimas para atender algun evento como son los primeros auxilios.,Buscar capacitaciones en primeros auxilios,N/A,No se han registrado incidentes o emergencias,Estar atentos ante algún incidente durante la finalización del subproyecto,No,"Si bien el subproyecto fomento las APCs, estas no fueron restrictivas en el uso de los recursos naturales.",Seguir fomentando estos esquemas de protección junto con los productores y dueños de los predios.,N/A,El subproyecto no realiza el aprovechamiento de especies en alguna categoria de protección.,Indagar el estatus de futuras especies que fueran del interés para su aprovechamiento.,Sí,El subproyecto realizó monitoreo de la calidad del agua en esta última etapa,Que la información generada puede ser socializada y utilizada por la OLLC para difundir resultados.,Sí,"Se diversificaron algunas fincas cafetaleras, se fomento el uso de insumos organicos y se fomento las áreas privadas de conservación",Continuar con estas prácticas y escalarla a otras zonas,No,,,,,,,,,,,,,,,,No,,,,Sí,Los grupos de trabajo han estado involucrados desde el inicio del subproyecto y han participado en diferentes plataformas de intercambios,Socializar y regresar la información de los resultados a los beneficiarios.,Sí,A través de la pagina de Conecta Tierra y sus redes sociales han difundido algunos testimonios y resultados.,Seguir difundiendo los impactos del subproyecto,Sí,"Se impulso la plataforma de WINN, asi como otros espacios como CEDECO y consultorias en conjunto con otras OLLC",Seguir colaborando en redes,Sí,La OLLC participó en distintas plataformas de la comunidad de aprendizaje,Seguir colaborando en redes,Sí,El subproyeto tuvo un gran componente en genero e impulso la participación de mujeres,"Seguir fortaleciendo este enfoque, ahora involucrar a los hombres a estas perspectivas.",Sí,"Han cumplido con sus indicadores de genero mas haya de la participación se han fortalecidos procesos comunitarios de herbolaria, viverismo y jardines polinizadores",Continuar con esta perspectiva mas haya del cierre del subproyecto.,De 30% a 59%,Sí,"Varias mujeres se han involucrado en diferente redes y plataformas de participación desde el café, intercambios de experiencias y la parte comercial tambien.",Seguir involucrando y visibilizando el trabajo de las mujeres en el sector.,Sí,Existio una participación muy plural y equitativa.,Continuar con estas buenas prácticas de inclusión y distribución de tareas en el cafetal y el hogar.,No,"No se reportan avances en este rubro, aunque si se han abordado estos temas en fases anteriores",Estar atentos ante algun evento de violencia y acercarse a las instancias correspondientes.,No,No se ha reportado,Buscar la asesoria en caso de que algún beneficiario o beneficiaria sufra de violencia de género.,Sí,El mecanismo se difundió durante toda la duración del subproyecto,Seguir difundiendo el mecanismo,Oficial de Desarrollo Sostenible
,,,3/6/2026 14:28:49,,isauro_cortes@fogomex.org,,CONECTA,,AMS2207032,Isauro Cortés,Fondo Regional,3/6/2026,"Campo, Reporte",Sí,"Las lineas de acción del subproyecto fueron enfocadas hacia la agroecología, por lo que la prioridad fue crear insumos con los recursos existentes en el rancho y reincorporarlos a los cultivos.",Continuar con estas prácticas para depender cada vez menos de la adquisición de insumos o elementos externos que incrementan los costos de inversión.,Sí,Para el caso de la recién servidumbre ecológica (primera en México) se construyeron acuerdos vecinales con regla claras y con incidencia legal y de convivencia a largo plazo.,Difundir esta experiencia para fomentar este tipo de figuras de convivencia y conservación en otras zonas del estado.,Sí,Con la instalación de un biodigestor se aprovecharon las excretas del área de ordeña donde parte del estiércol que no se incorpora en el potrero son aprovechadas para los mismo procesos en la transformación de la leche.,"Seguir realizando medidas de mitigación para futuras acciones, seguiendo las mismas directrices que la cooperativa tiene bien interiorizada.",Sí,"Las cooperativa cuenta con mas de 20 años de experiencia en organización, transición hacia la sustentabilidad, restauración ecológica lo que ha generado capacidades técnicas y humanas para la gestión y el manejo de los recursos naturales con una visión y estrategia de mediano y largo plazo.",Seguir consolidando a la experiencia de las Cañadas como un referente regional y nacional y buscar replicar estos modelos en la cuenca media y alta de Jamapa.,Sí,Con las medidas implementadas no solo se disminuyeron los riesgos sino que se eficientizaron las acciones ya actividades potencializando los impactos.,Incorporar este esquema de riesgos ambientales y sociales para futuros proyectos y minimizar impactos negativos.,Sí,"La OLLC tuvo una apropiación de los procesos administrativos y siguieron al pie de la letra el manual, teniendo pocas observaciones en cada informe y proceso de consultoría.","Incorporar estas buenas prácticas para los procesos internos de la cooperativa, siempre y cuando le sean prácticos y fortalezcan el obtener un mejor producto o una consultoría adoc a las necesidades.",Sí,De acuerdo a las actividades encargadas los trabajadores reciben un sueldo sin importar su género.,Continuar con estas buenas prácticas,No,En el subproyecto no trabajan menores de edad,Seguir con esta práctica de no contratar a menores de edad.,N/A,En el subproyecto no trabajan menores de edad,Seguir con esta práctica de no contratar a menores de edad.,Sí,"La cooperativa opera de acuerdo a un plan maestro o general, por lo que se tiene conocimiento de cada acción que se desarrolla en el día a día, se tienen protocolos de seguridad, botiquin y remedios para atender accidentes simples y se cuenta con dos entradas y salidas en caso de alguna emergencia.",Hacer explicito si cuentan con protocolo escrito en caso de alguna emergencia o accidente de trabajo.,Sí,La OLLC mostró interés en capacitarse en manejo y prevención de incendios forestales debido a dos años de sequía nunca antes vista. Por lo demás han estado fortaleciendo las medidas internas de seguridad en el rancho.,"Contar con un protocolo de seguridad escrito y socializado, ahora que han decretado la servidumbre ecológica podría fortalecerla aun mas.",Sí,El mecanismo se divulgo durante toda la implementación del subproyecto.,Seguir divulgando el mecanismo hasta el cierre del subproyecto.,Sí,"La implementación de ecotecnias ha sido fundamental en el subproyecto sobre todo el tema de captación de agua de lluvia, instalación de un biodigestor los cuáles vienen a consolidar los sistemas ya instalados y que han sido referentes en la región como ecotecnias demostrativas.",Monitorear el uso y rendimientos que se tengan tanto en los sistemas de captación con las nuevas adecuaciones y expansiones asi como en el biodigestor para compartir con otros productores.,Sí,"Uno de los pilares de la cooperativa esta el manejo de residuos y el reciclaje de los nutrientes, ya que prácticamente todo se aprovecha desde la cascara de la nuez de macadamia, la pulpa de café para alimentar la lombrices etc. En cuanto materiales o sustancias peligrosas el subproyecto no aplico y manejo nigun producto de esta naturaleza.",Seguir dando el ejemplo con este tipo de experiencias de manejo.,Sí,Sobretodo con la implementación del cafetal se cuenta con un plan de fertilización y enmiendas producidas en las biofábricas para nutrir a las plantas. Tambien la cooperativa cuenta con un banco de semillas y viveros para la producción de plantas para venta y el autoconsumo.,Seguir y continuar fortaleciendo esta linea de trabajo de la cuál el rancho de Las Cañadas es referente.,Sí,"Mas de 20 años respaldan este trabajo, lo que ha generado una escuela en manejo de recursos en conservación, restauración, sistemas agroforestales, ganaderia y agricultura, esto a través de un plan de manejo integral del rancho.",Seguir consolidando la experiencia y compartirla a través de sus cursos.,Sí,El sistema de ganadería silvopastoril se vio fortalecido con el subproyecto y este junto con la ordeña se encuentra en la parte alta del rancho donde existe la mejor aptitud para establecer y mantener al ganado con acceso a agua. Se cuenta con la infraestructura para mantener el ganado en buenas condiciones y con un manejo optimo.,Documentar y sistematizar en un documento algún protocolo de manejo integral de buenas prácticas para el ganado.,Sí,"El subproyecto realizó un uso eficiente de los residuos derivados de las actividades pecuarias, en cuanto a el uso de sustancias peligrosas en el rancho no se utilizaron para ninguna de sus actividades.",Seguir con esa lógica de reciclaje de residuos y con la consolidación del manejo agroecológico del rancho.,No,"SI bien hubo interés en abordar el tema de prevención de incendios por dos años previos de alta sequía, no se pudo aterrizar el que se capacitarán con la ampliación de recursos.","Estar atentos a capacitaciones que puedan realizar en este caso las CONANP (Pico de Orizaba, Tlachinoltepec), CONAFOR o SEDEMA para sus cooperativistas.",Sí,"La cooperativa cuenta con sus acuerdos y medidas de seguridad y atención a emergencias, si bien en le subproyecto no ocurrieron emergencias es viable el dar a conocer estos acuerdos.",Compartir un protocolo escrito para socializar y retroalimentar.,N/A,No se reporto ningún accidente o emergencia en los últimos 6 meses.,Estar atentos a cualquier emergencia que se pueda suscitar en lo que resta del año.,No,"Se declaro la primera servidumbre ecológica en México y se realizó un documento notarial robusto con acuerdos y consensos entre los vecinos, la cuál tiene sus reglas sobre el uso de los recursos colectivos.",Difundir este tipo de figuras y compartir la experiencia de la Servidumbre ecológica.,N/A,En el subproyecto no se realizó algun aprovechamiento de especies normadas,Para futuros usos y aprovechamientos revisar y cumplir con la normatividad federal en caso de que aplique.,Sí,"Se realizaron los últimos monitoreos de la época de secas tanto de biodiversidad como del agua, donde se obtuvieron resultados tangibles como fue la aparición de fauna mediana, en cuanto al agua se detecta buena calidad del agua que el rancho sirve cuenca abajo.",Buscar mantener un monitoreo permanente para medir los impactos del subproyecto.,Sí,Se instaló un cafetal de sombra dejando árboles nativos; asi como se incorporaron árboles a un potrero que se rehabilitó,Seguir manteniendo y consolidando las acciones de conservación de la biodiversidad.,No,,,,,,,,,,,,,,,,No,,,,Sí,Todas las acciones son socializadas por los socios,Seguir fortaleciendo la gobernanza al interior de la cooperativa,Sí,La cooperativa se ha vinculado con varias iniciativas y subproyectos para fortalecer sus acciones en ganaderia y en procesos de beneficiado de café,Seguir vinculados a estas iniciativas para fortalecer sus procesos internos en cada sector donde se estan desarrollando,Sí,Se fortalece el trabajo en redes de colaboración,Continuar colaborando en red.,Sí,"El subproyecto se ha vinculado y ha participado en las diferentes redes y plataformas de CONECTA, en esta última etapa se han enfocado en montar un laboratorio de café y explorar  la comercialización.",Seguir vinculado a estas redes.,Sí,"Si bien la participación en general se enfoca mas en las actividades desarrolladas en el rancho, se pudieron incoporar a mujeres para la elaboración de productos del huertos y herbolaria, se invitó a las socias y esposas de socios.",Seguir fortaleciendo la inclusión de mujeres a estas activdades,Sí,Se avanzo desde la fase II para incorporar y visibilizar el trabajo que desempeñan dentro de la cooperativa,Cotinuar y buscar fortalecer las áreas de interés de las mujeres,De 30% a 59%,Sí,Los talleres de subproductos han facilitado la incorporación de mujeres a las actividades propuestas en el subproyecto.,Seguir fomentando estas acciones afirmativas en futuros proyectos,Sí,Las responsables técnicas ya dministrativas eran mujeres y se observo que las responsabilidades y beneficios estaban bien equilibradas y distribuidos.,Seguir incluyendo a mujeres en puestos estrategicos que permitan un operación equitativa.,No,No se reporta algún protocolo de prevención de violencia de género,Estar atentos y buscar asesoría en caso de algún suceso de violencia,No,No ha habido algun reporte de violencia de género.,Estar pendientes por si se suscitase algún evento violento entre cooperativistas o trabajdores,Sí,"El mecanismo se difundió en cada evento, como en los talleres para mujeres.",Seguir difundiendo el mecanismo durante el cierre del subproyecto.,Oficial de Programa
,,,10/6/2026 1:40:19,,isauro_cortes@fogomex.org,,CONECTA,,AMS2207047,"Isauro Cortés, Eva Cano, Beoneth Vega",Fondo Regional,9/6/2026,"Campo, Reporte",Sí,"El subproyecto se enfoco en implementar biodigestores con los ganaderos, una medida que fue medular para el proyecto fue impulsar huertos de traspatio con mujeres.",Buscar implementar medidas desde un inicio del subproyecto.,Sí,"Las actividades propuestas fueron consensuadas con los beneficiarios; desde la instalación de los biodigestores, la variedad de hortalizas a cultivas y el uso del biol.",Seguir apoyando las iniciativas que surjan a nivel local con miras en direccionar el subproyecto de acuerdo a los intereses de las y los productores.,Sí,"Se siguieron las recomendaciones de los proveedores para dar mantenimiento a los biodigestores, asi como la operación del drone para las demostraciones fue través de un experto.","Se cumplieron con las acciones propeustas para mitigar riesgos ambientales y sociales, poner mayor enfasis en el menjo de excretas con equipos de protección.",Sí,Los técnicos cuentan con la capacidad y la sensibilidad para acordar con las y los productores la adopción de buenas prácticas y obtener los mejores resultados.,Seguir capacitando en medidas de mitigación sobre todo en equipos especializados para no depender de consultores.,Sí,Se lograron atender los tres resultados con las medidas propuestas,Se puede mejorar en el seguimiento con capacitaciones del equipo técnico para el seguimiento de los biodigestores y del uso del biol.,Sí,La OLLC ha podido adoptar y seguir los procedimientos que dicta el manual de operaciones y pudo solventar la mayoria de las adquisiciones y consultorias planeadas,Quedo pendiente una consultoría para elaborar un video ya que les gano el tiempo por priorizar otras actividades.,Sí,Los técnicos y administradores reciben una renumeración de acuerdo a sus responsabildiades sin distinsión de género.,Mantener esta práctica.,No,En el subproyecto no contrato a menores de edad,Continuar con esta buena práctica.,N/A,En el subproyecto no contrato a menores de edad,Continuar con esta buena práctica.,Sí,Se desarrollaron capacitaciones para el buen uso del biodigestor sobre todo en el uso e instalación de la gas para uso domestico.,Contar con protocolos de emergencias en caso de alguna fuga o accidente domestico.,Sí,Desde la instalación de los primeros biodigestores hasta los últimos de la etapa III se han seguido las recomendaciones y se ha capacitado a los núcleos familiares sobre uso y medidas de seguridad.,Monitorear los módulos demostrativos durante el cierre del subproyecto.,Sí,El mecanismo se difundió durante toda la implementación de la fase III .,Seguir difundiendo el mecanismo hasta el cierre del subproyecto.,Sí,"Con la implementación de los biodigestores se logra realizar un aprovechamiento sustentable de las excretas generando varios beneficios a los ranchos que van desde disminuir la acumulación de estiércol, el aprovechamiento del biogas y del biol para su uso en los cultivos.",Difundir el funcionamiento y el aprovechamiento integral de los recursos de la ganadería de baja escala para su escalamiento y replica,Sí,"El subproyecto no maneja sustancias peligrosas, pero se realiza el aprovechamiento del biol con las medidas de seguridad necesarias para realizar un uso eficiente y que no se perjudicial para las personas y los cultivos.",Generar información grafica para difución sobre el uso del biol de acuerdo a la información generada por tesistas.,Sí,"Con el uso del biol se ha observado que muchas plagas se han visto reducidas o impactan en menor medida, ademas de que hay un ahorro por la compra de insumos quimicos.",Seguir promoviendo el aprovechamiento y uso del biol en cultivos de traspatio y comerciales.,Sí,"La OLLC ha mostrado un gran conocimiento en la parte de nutrición vegetal, lo que permitido que por iniciativa han podido evaluar las propiedades del biol y con datos han podido corroborar su uso eficiente en cultivos.",Dar seguimiento a los módulos demostrativos asi como el desempeño de los cultivos y huertos.,Sí,El uso de biodigestores esta a cargo principalmente del jefe de familia y se localiza en lugares donde se tiene estabulado el ganado por lo que su usos es muy práctico minimizando riesgos,Generar manuales o trípticos con la información sobre el uso de los biodiogestores.,Sí,"El subproyecto no maneja residuos peligrosos, pero realiza un buen uso del biol que produce el biodigestor.",Continuar probando el biol y documentar resultados y ver si hay alguna reaccion que afecte a los aplicadores.,No,El subproyecto no realiza acciones de manejo de fuego,Estar atentos en la zonas altas ante cualquier incidnete sobre todo en quemas agricolas.,Sí,La OLLC realiza buenas practicas de seguridad cuando realiza sus trabajo en campo y lleva consigo un botiquin ademas de coordinarse con autoridades locales,Continuar con estas buenas prácticas,N/A,No se han reportado emergencias en los últimos 6 meses,Estar atentos hasta el cierre del subproyecto por si se sucita alguna emergencia.,No,El subproyecto no fomento la adqusición o el uso restrictivo de tierras o propiedades,Generar acuerdos o cartas responsibas con las familais que operan los módulos demostrativos.,Sí,A través de la implementación un modulo silvopastorial se integraron especies locales para instalar cercos vivos.,Dar seguimiento a la implementación del modulo silvopastoril sobre todo si hay mortandad de árboles.,Sí,La OLLC realizo el monitoreo de suelos y agua en la temporada de secas,Continuar con el monitoreo hasta el cierre del subproyecto.,Sí,Se instalaron cercos vivos en los modulos silvopastoriles,Dar seguimiento a la sobrevivencia de árboles.,No,,,,,,,,,,,,,,,,No,,,,Sí,Los beneficiarios y beneficiarias fueron consultados y avalaron cada fase que se desarrollo.,Seguir tomando en cuenta las inquietudes e ideas de los productores,Sí,Se han desarrollo foros en Coscomatepec y la OLLC ha presentado resultados en diferentes espacios durante esta última fase.,Seguir difundiendo los resultados del subproyecto.,Sí,Sobretodo se logro fortalecer un grupo de mujeres quienes están explorando la comercialización del biol.,Dar acompañamiento a el grupo de mujeres e integrar a jovenes que tengan el interés en participar.,Sí,Se ha participado en diferentes eventos de la comunidad de aprendizaje tanto regional como nacional.,Seguir vinculado a esta comunidad y compartir resultados.,Sí,Se alcanzo la meta de establecer los módulos de huertos con la participación de mujeres.,Incorporar este tipo de indicadores en futuros proyectos,Sí,Se cumplio la meta,Incrementar las metas para futuros proyectos.,De 30% a 59%,Sí,Con la implementación de huertos se pudo incluir a las mujeres mas haya del aprovechamiento del gas y aplicación del biol.,Visibilizar y continuar fortaleciendo la participación de mujeres,Sí,La participación se distribuyo de manera que participan tanto hombres como mujeres.,Seguir fortaleciendo el enfoque de género el cual les dio buenos resultados desde la fase II.,No,No se abordo el tema de violencia de género pero se trabajo con la consultoria de Raquel y se dio acompañamiento a este grupo.,Esta atentos y buscar asesoria en este tema.,No,No se abrodo el tema,Estar atentos antes cualquier caso de violencia de género.,Sí,Se divulgo el mecanismo en cada sesión de esta última fase.,Seguir difundiendo el mecanismo hasta el cierre del subproyecto.,Oficial de Programa
,,,10/6/2026 14:22:17,,isauro_cortes@fogomex.org,,CONECTA,,AMS2405005,"Isauro, Cortes, Eva Cano, Ingrid Toiber",Fondo Regional,10/6/2026,"Campo, Reporte",Sí,"La OLLC dio seguimiento a a cada una de las acciones tomando medidas de mitigación como fue el realizar reuniones en horarios para que las mujeres pudieran participar, se destino recursos para realizar estufas ahorradoras.",Seguir fomentando medidas de mitigación para futuros proyectos y actualizar de acuerdo a los contextos.,Sí,"La OLLC se vinculo desde el inicio del subproyecto con las autoridades locales, en este caso los miembros del comisariado ejidal para socializar las actividades e invitar los ejidatarios a participar, tambien se abrieron espacios alternos para trabajar con mujeres.",Continuar con este enfoque de inclusión y explorar la posibilidad de ir incorporando a jovenes en las actividades posteriores.,Sí,Se cumplieron las acciones propuestas para mitigar los riesgos.,Incorporar el análisis de riesgos y sus medidas de mitigación a futuras propuestas buscando siempre adecuar ya actualizar las acciones a proponer.,Sí,"El personal de la OLLC cuenta con la experiencia para implementar las medidas, al ser actores de la región y tener mucha experiencia en trabajar con las comunidades genera que las acciones se desarrollen sin contratiempos.",Continuar con estas buenas prácticas que han generado confianza por parte de las y los productores.,Sí,Con las medidas implementadas se considera suficiente para mitigar los impactos,Continuar implementando estas acciones para futuros proyectos y actualizar matrices.,Sí,"Se tuvo un buen desempeño en adoptar los procesos administrativos para adquisiciones y consultorías, las OLLC cumplio con dichos requerimientos",Adoptar estas buenas prácticas en la institución para seguir fortaleciendo las capacidades administrativas.,Sí,Los técnicos de campo reciben la misma renumeración por su trabajo independientemente de su género y obedeciendo mas a sus actividades asignadas.,Continuar con estas buenas prácticas.,No,El subproyecto no contrato a menores de edad,Continuar con esta práctica,N/A,El subproyecto no contrato a menores de edad,Continuar con esta práctica,Sí,La OLLC se coordina con sus enlaces locales y realiza buenas prácticas para el trabajo de campo como son el trabajar en grupos o brigadas para mayor seguridad y no trabajar tan tarde para disminuir riesgos.,Seguir con estas buenas prácticas y rebustecer las medidas de acuerdo a los contextos de cada comunidad.,Sí,Los técnicos cuentan con protocolos no escritos para salidas de campo y a su vez han capacitado a los productores sobre el uso de equipo e insumos que se estuvieron aplicando en los predios.,Generar un plan de capacitación para fortalecer capacidades de seguridad del equipo.,Sí,El mecanismo se divulgo en cada sesión que se llevo a cabo en las diferentes comunidades.,Seguir divulgando el mecanismo hasta el cierre del subproyecto.,Sí,Se implementaron celdas fotovoltaicas para complementar a los sistemas de cercos eléctricos; asi como las estufas ahorradoras asociadas a los bancos de leña para disminuir la presión para la extracción de leña de las áreas forestales.,Difundir el funcionamiento de las ecotecnias para que otros productores las conozcan y adopten.,Sí,"El subproyecto no maneja sustancias peligrosas, sin embargo se fomento el reciclaje de recursos disponibles para complementar acciones .",Generar planes simples de gestión de residuos,Sí,"Si bien no se desarrollo un plan de control de plagas, el subproyecto ha fomentado las buenas prácticas en las parcelas y los técnicos se ha capacitado en temas de ganadería regenerativa para transmitir a los productores lo aprendido en los cursos.",Contar con plan de manejo de plagas desde un enfoque regenerativo para compartir con los productores.,Sí,"Se cuentan con los conocimientos locales para el manejo ganadero, la restauración y diversificación en los predios.",Continuar con el fortalecimiento de las buenas prácticas locales para el manejo ganadero especificamente en manejo de plagas.,Sí,Se incorporaron bebederos en las parcelas para excluir al ganado de las áreas riparias o fuentes de abastecimiento de agua locales y disminuir su contaminación.,"Buscar coordinarse con el sector pecuario para el manejo de los hatos ganaderos como son campañas de vacunación, prevención contra el gusano barrenador y demás amenazas que se tengan para tener un mayor impacto y conocer los riesgos en el ganado donde se implementan las actividades.",Sí,"El subproyecto no emplea materiales peligrosos, pero si fomenta la reducción paulatina de insumos químicos con la diversificación de praderas para no depender de herbicidas para su renovación.",Continuar con estas buenas prácticas y complementarlas con la instalación de biofábricas.,No,El subproyecto no fomento prácticas de manejo del fuego,Estar atentos y coordinarse con los encargados de la reserva de Otontepec en caso de suscitarse algún incendio.,Sí,La OLLC fomento las buenas practicas para salidas de campo y cuenta con botiquín; ademas de llevar sueros y bebidas hidratantes debido a las altas temperaturas que hay en la región.,Contar con un protocolo simple para responder a alguna emergencia.,N/A,No se han reportado incidentes en este último periodo.,Estar atentos por cualquier evento que se pueda suscitar.,No,"Las actividades se realizan en la parcelas que colindan con zona del Área Natural Protegida Sierra de Otontepec, cuenta con la anuencia de la SEDEMA y son compatibles con el decreto.",Estar coordinados con la SEDEMA y los encargados de la reserva para futuras colaboraciones.,N/A,Las actividades propuestas no involucra a especies dentro de la norma ni fomenta el aprovechamiento de especies silvestres.,En caso de manejar alguna especie en futuros proyectos informar a la autoridad.,Sí,"Se realizó el monitoreo de agua y de biodiversidad en la temporada de secas, obteniendo buenos resultados en ambos.",Difundir los resultados obtenidos en los monitoreos para que la comunidad los conozca yt revalore.,Sí,Se trabajó con las áreas de conservación con el monitoreo y los recorridos de vigilancia para mantener la cobertura y disminuir la casa.,Seguir consolidando los acuerdos para coordinarse en torno a la conservación de la reserva de la sierra de Otontepec.,Sí,Sí,Con el involucramiento de las autoridades se fomento la gobernanza local de los ejidos y se involucro a las mujeres para el rescate de textiles y bailes populares.,Continuar con este enfoque de rescate de la cultura de la Huasteca incorporando sus saberes en las actividades del subproyecto.,Sí,"Si bien en los municipios se tiene cada vez menos hablantes, las personas mayores todavia hablan el nahuatl.",Documentar a las personas bilingues y seguir fomentando el uso de las lenguas nativas.,Sí,La propuesta fue avalada por las autoridades ejidales y tambien se generaron acuerdos individuales con cada beneficiario y beneficiaria.,Seguir con estas buenas prácticas de generar acuerdos escritos con los beneficiarios para generar claridad y transparencia sobre los compromisos adquiridos.,Sí,"Todas las actividades se adecuan a las ya existentes (Ganadería, agricultura,) y se busca un mejor aprovechamiento de los espacios y se fortalece el manejo en el territorio.",Seguir incorporando los saberes a las propuestas que se vayan a desarrollar.,Sí,El mecanismo se difundió durante todo el periodo del subproyecto.,Seguir difundiendo el mecanismo hasta el cierre del subproyecto.,No,,,,Sí,,,Sí,"Se contó con la participación de las autoridades ejidales locales no solo para certeza a las acciones sino como vigilantes en el cumplimiento de las mismas, ademas de fomentar la participación poner sobre la mesa las problemáticas ambientales en las asambleas.",Seguir vinculados a las estructuras de gobernanza local para tener mejores impactos y fomentar la rendición de cuentas entre los beneficiarios.,Sí,"Paralelamente se crearon espacios para otros actores como avecindados y mujeres para socializar y participar en otras acciones como el monitoreo, las ecotecnias y artesanias.",Seguir fomentando estos espacios alternos para incluir a la población que no es ejidataría.,Sí,Cada fase propuesta fue avalada y respaldada por las autoridades y beneficiarios.,Devolver los resultados obtenidos durante las tres fases y fortalecer las estructuras para futuras participaciones.,Sí,Se incorporaron estufas ahorradoras para incluir a beneficiarios; ademas de la menos una ganadera por comunidad.,Seguir fomentando la inclusión con estas actividades que incorporan a mujeres.,Sí,Se cumplió con la meta del indicador y se pudo observar los avances en campo.,Seguir con esta buena práctica e incorporar indicadores de género para futuros proyectos.,De 30% a 59%,Sí,Con la implementación de ecotecnias y el fomento de artesanías se incorporaron a más mujeres.,Continuar con estas practicas para incluir y visibilizar la participación de mas mujeres.,Sí,Si bien la mayoría de los beneficiarios directos son ganaderos hombres se incluyo al menos una ganadera en cada comunidad.,Buscar tener impacto para ir disminuyendo las brechas de género con este tipo de acciones.,No,No se reportan algun protocolo o acciones para prevenir la violencia de género,Explorar la posibilidad de ir construyendo algún protocolo para estar prevenido ante algún incidente de violencia de género.,No,No se han suscitado casos de violencia de género ,Estar atentos por cualquier incidente que se pueda suscitar.,Sí,El mecanismo fue difundido en los espacios de socialización con mujeres.,Continuar difundiendo el mecanismo durante el cierre de actividades del subproyecto.,Oficial de programa
,,,21/6/2026 2:21:01,,isauro_cortes@fogomex.org,,CONECTA,,AMS2207041,"Isauro Cortés, Eva Cano, Ingrid Toiber",Fondo Regional,20/6/2026,"Campo, Reporte",Sí,"Las actividades desarrolladas durante el ultimo periodo fueron implementadas para reducir los riesgos ambientales por la alta sequía que ha azotado la región, las siembras se han planeado con mucha anticipación por las escasas lluvias y se han realizado acciones para involucrar a mujeres.",Actualizar las acciones e incorporar este tipo de prácticas para futuros proyectos,Sí,"Las actividades se planean con los beneficiarios y se van adecuando de acuerdo externalidades que se han suscitado como sequías y atraso en los reportes, para ello CESADESH toma desiciones con todos los beneficiarios.",Seguir realizando propuestas en conjunto con las comunidades y devolver los resultados de la implementación del subproyecto.,Sí,"Se llevaron a cabo las medidas, con la posibilidad de mejora y de adecuación de acuerdo a los nuevos contextos que se tengan en la región.",Buscar de acuerdo a las posibilidades presupuestarias generar alternativas para eficientizar por ejemplo el uso de agua como la captación en los ranchos que fue un problemática común en el subproyecto.,Sí,La OLLC cuenta con las experiencia y la sensibilidad de trabajar en la región y ser parte de las comunidades lo que facilita la implementación y el seguimiento a las buenas prácticas.,Seguir fortaleciendo la parte de analizar riesgos y proponer nuevas acciones de mitigación.,Sí,"Se consideran suficientes, pero se pueden complementar con otras buenas prácticas a documentar.",Continuar realizando este análisis y fomentar medidas para futuros proyectos,Sí,La OLLC ha seguido los lineamientos del manual de operaciones con algunas dificultades por lo que ha recibido un acompañamiento por parte de FGM.,Fortalecer los procesos y apoyarse en el área administrativas para que dichos procesos sean incorporados a la OLLC.,Sí,Los responsables técnicos y administrativos reciben un sueldo proporcional a sus actividades.,Continuar con estas buenas prácticas,No,En el subproyecto no se contratan a personas menores de edad.,Continuar con esta práctica.,N/A,En el subproyecto no se contratan a personas menores de edad.,Continuar con esta práctica.,Sí,La OLLC realiza medidas para disminuir riesgos de trabajo en las comunidades y cuenta con botiquín en caso de algún percance,Fortalecer dichas medidas con algunos protocolos sencillos en caso de alguna contingencia o accidente de trabajo.,Sí,Se le dio énfasis a la correcta instalación y buen uso del cerco eléctrico para no sufrir alguna avería o accidente.,Fomentar cursos de atención a accidentes con talleres de primeros auxilios.,Sí,El mecanismo se difundió en las diferentes reuniones y talleres que se realizaron en el periodo.,Seguir difundiendo el mecanismo hasta el cierre del subproyecto,Sí,Se implementaron 15 estufas ahorradoras para beneficiar a mujeres de las comunidades y disminuir la presión sobre los recursos forestales maderables.,Acompañar estas ecotecnias con otras que se vean necesarias en la comunidad con el objetivo de que sean demostrativas.,Sí,"Si bien en el subproyecto no se manejan sustancias peligrosas, se ha recomendado a los ganaderos que realicen un disposición de los residuos sólidos veterinarios que se tienen en los ranchos.",Generar un plan de manejo de residuos veterinarios escrito y socializarlo con los beneficiarios.,Sí,"SI bien no se cuenta con plan de manejo de plagas, existen prácticas en los productores para reducirlas, los cultivos emplean pocos agrotóxicos y se fomenta el uso de compostas.",Generar un plan de manejo de plagas y socializarlo con los beneficiarios.,Sí,"La OLLC cuenta con las capacidades para realizar las actividades y medidas de mitigación ya que cuenta con una gran experiencia en el manejo ganadero, de pasturas y de restauración y conocer ademas las formas de organización y toma de desiciones a nivel local ya que forman parte de las comunidades donde se desarrolla el subproyecto.",Seguir fortaleciendo las capacidades para la gestión de residuos y plagas mediante la elaboración de manuales.,Sí,"Se realizan buenas prácticas en el manejo nutricional del ganado, lo que disminuye incidencias por plagas comunes; ademas de realizar la disposición de los residuos veterinarios.",Documentar las prácticas y generar planes de manejo de vectores del ganado,N/A,El subproyecto no maneja residuos o sustancias peligrosas.,Disponer de los residuos en caso de que algún productor aplique algún agroquímico,No,El subproyecto no realiza manejo de fuego,Estar atentos por si se realizan quemas agricolas en predios colindantes en donde se desarrollaron las actividades,Sí,La OLLC cuenta con botiquín de emergencia; no se reportó alguna emergencia.,Contar y visualizar cursos de primeros auxilios.,Sí,"Las localidades resultaron aisladas algunos días posteriores a las inundaciones de finales del 2025, afortunadamente no se registraron accidentes en las mismas.",Estar atentos por si se presenta alguna emergencia.,No,Las actividades no generan restricciones a los beneficiarios.,Generar acuerdos con los beneficiarios para el cumplimiento de las mismas.,N/A,El subproyecto no realiza actividades de aprovechamiento de la biodiversidad de especies en alguna categoría de protección ,Buscar certificar las semillas de leucanea si ven una oportunidad de comercialización para otros productores.,No,La OLLC no realiza monitoreo comunitario.,Explorar el realizar el monitoreo comunitario para evaluar el estado de los ecosistemas de la región.,Sí,"Con la incorporación de cercos vivos se fomenta la conectividad, la captura de carbono y servir como forraje para el ganado.",Incluir áreas forestales o con fines de restauración para futuros proyectos que integren lo productivo con la conservación y restauración.,Sí,Sí,"La OLLC socializa y se vincula a las comunidades a través de las autoridades ejidales, la comunicación es en nahuatl",Seguir apoyándose en las estructuras comunitarias para colaborar en futuros proyectos,Sí,"La participación de las mujeres se ha incrementado, aunque todavia es menor del 20% con la incorporación de estufas ahorradoras.",Seguir avanzando en la perspectiva de género y sumar a mas mujeres.,Sí,"La OLLC y los beneficiarios son en un 100 % población indígena del grupo Nahua y todas las capacitaciones se realizan en nahua, los reportes se realizan en español y en las visitas se corroboro que son bilingües.",Seguir fortaleciendo la inclusión de mas mujeres y documentar sus necesidades e impactos de las estufas.,Sí,"La actividades van muy de acuerdo con los conocimientos locales como son las temporadas de siembra de cercos vivos, bancos de forrajes y pasturas.",Seguir incorporando los saberes locales para mejorar la toma de desiciones a la hora de planear las actividades.,Sí,"El mecanismo fue socializado en nahuatl durante toda la vida del subproyecto.,",Seguir difundiendo el mecanismo.,No,,,,Sí,"Todas las actividades cuentan con el conocimiento y el visto bueno de los participantes, los cuales se socializan en reuniones periodicas.",Seguir fomentando la transparencia y rendicion de cuentas a los beneficiarios.,Sí,"Las reuniones grupales fungen como plataformas para capacitarse, recibir materiales y divulgar resultados",Fortalecer estas plataformas y difundir los resultados e impactos en otras comunidades o en la cabecera municipal.,Sí,Se empodera a las autoridades locales como convocantes y vigilantes de que las actividades se lleven a cabo,Seguir incluyendo a las autoridades locales,Sí,Se ha participado en varias giras de intercambio asi como a cursos de capacitación tanto a técnicos como beneficiarios.,Seguir participando en la comunidad de aprendizaje en lo que resta del proyecto.,Sí,Se cumplío con la construcción de 15 estufas ahorradoras de leña y con la incorporación de mas beneficiarias la subproyecto,Mantener este u otros indicadores para futuros proyectos.,Sí,Se cumplio con el 100%,Dar seguimiento al funcionamiento y apropiación de las ecotecnias.,De 0% a 29%,Sí,"Se logro un gran avance con respecto a las fases previas, se logro que la OLLC incorporara la perspectiva de género",Seguir fortaleciendo y capacitaáen temas de inclusión y género,No,"La mayoría de los trabajos fueron dirigidos a ganaderos hombres, sin embargo se fueron sumando mujeres en cada fase.",Buscar equilibrar los beneficios para ir reduciendo las brechas de género.,No,No se han reportado estas acciones para prevenir la violencia de género,Estar atentos y vincularse con las insituciones que brinden asesoría en temas de violencia de género.,No,No se han reportando algún incidente de violencia de género,Estar pendientes por si se suscitará algún incidente.,Sí,El mecanismo se difundió durante este último periodo.,Seguir difundiendo el mecanismo lo que resta del subproyecto.,Oficial de Programa
,,,21/6/2026 22:19:41,,isauro_cortes@fogomex.org,,CONECTA,,AMS2207026,"Isauro Cortés, Eva Cano, Ingrid Toiber",Fondo Regional,21/6/2026,"Campo, Reporte",Sí,Parte del resultado 1 estuvo dirigido a equipar a una brigada contraincendios con el equipo básico para realizar algunos trabajos como apertura y mantenimiento de brechas cortafuego y podas forestales en áreas de bosques jovenes para disminuir cargas combustibles.,Reforzar las medidas de seguridad con cursos o talles para el uso y mantenimiento de motosierras.,Sí,"Las actividades fueron socializadas con las autoridades ejidales y se validaron a través del COTEMAPS, y las medidas tambien fueron validadas con los beneficiarios.",Difundir los resultados del subproyecto a los beneficiarios y realizar intercambios entre comunidades.,Sí,Se implementaron todas las medidas propuestas en el anexo 5,Actualizar las medidas de acuerdo a los nuevos contextos que se susciten en la región. ,Sí,"La OLLC cuenta con una amplia experiencia en manejo forestal, en restauración, ecotecnias y agroecología, ademas de tener mucha facilidad para vincularse con las y los productores.","Seguir fortaleciendo las capacidades de la OLLC en medidas de mitigación como seguridad, salud y manejo de residuos.",Sí,Las medidas fueron suficientes para garantizar que las actividades se llevaran a cabo sin contratiempos.,Incorporar estas prácticas a futuros proyectos y realizar los análisis de riesgos con los contextos actualizados.,Sí,"La OLLC logro incorporar los procesos administrativos a la operación del subproyecto con pocas dificultades, lo que demostró un aprendizaje eficaz y eficiente.",Incoporar estos procesos a la organización lo cuáles les serán de mucha utilidad para mejorar los procesos de contrataciones y adquisiciones principalmente.,Sí,El subproyecto contrato apoyo en campo y cada jornalero recibió una remuneración por sus trabajo realizado sin distinción de género. ,Mantener estas buenas prácticas.,No,En el subproyecto no se contrato a personas menores de edad.,Continuar con estas prácticas de no contratar a menores de edad.,N/A,En el subproyecto no se contrato a personas menores de edad.,Continuar con estas prácticas de no contratar a menores de edad.,Sí,Se realizó la adquisición de equipos de protección para las brigadas contraincendios.,Generar un plan de contingencia en caso de ocurrir algún siniestro.,Sí,En esta fase se tuvieron talleres de primeros auxilios lo cuál fortalece a los grupos de productores y a las brigadas.,Seguir fortaleciendo a los grupos y realizar otros talleres de cara la cierre del subproyecto.,Sí,El mecanismo fue socializado durante las reuniones y talleres en las diferentes comunidades.,Seguir divulgando el mecanismo durante el cierre del subproyecto.,Sí,El subproyecto enfoco parte de los esfuerzos en realizar biofábricas con dos objetivos: fertilizar la planta en el vivero que se uso para reforestaciones y sistemas MIAF y para usar en cultivos de maíz y de traspatio.,Dar seguimiento a las biofabricas y los impactos que se tienen en los cultivos y en los árboles producidos.,Sí,"Si bien no hay un plan de manejo de residuos, parte de los módulos utilizan residuos de la industria forestal y de los bancos de construcción los cuales se aprovechan para ser reincorporados al suelo.",Contar con plan de gestión de residuos para tenerlo en los diferentes módulos.,Sí,Parte de la nutrición de plantas ayuda a que el ataque de plagas y enfermedades en las plantas sea menor y con la aplicación de los bioinsumos se va disminuyendo la aplicación de agrotóxicos.,Documentar los impactos de los bioinsumos y desarrollar un plan de manejo de plagas.,Sí,La OLLC cuenta con las capacidades para realizar las recomendaciones para el control y manejo de plagas.,Seguir fortaleciendo las capacidades de la OLLC y desarrollar dichos planeas incorporando lo saberes locales.,Sí,Las medidas implementadas estuvieron enfocadas en tener la protección de los brigadistas que atienden los incendios forestales y que realizan labores en las áreas forestales,Documentar dichas medidas y difundirlas en las comunidades.,Sí,"En el subproyecto no se manejan sustancias peligrosas, pero se si manejan diferentes insumos los cuales se manejan con protección como tambien se usa en el modulo de cultivo de hongos.",Seguir con estas buenas prácticas y seguir fomentando la seguridad de los trabajadores que laboran en las biofabricas.,Sí,El subproyecto realizó brechas cortafuego en áreas forestales contando con los permisos de las autoridades ejidales.,Generar reglamentos sobre el uso de herramientas y equipos para no sufrir extravios y que el equipo pueda ser utilizado mas adelante.,Sí,La OLLC cuenta con buenas prácticas y cuenta con botiquines para atender cualquier emergencia que pueda surgir en campo.,Generar un plan de respuesta a emergencias para que los brigadistas cuenten con herramientas para responder con mayor seguridad en futuros incendios.,Sí,"Se reportaron intensas lluvias a finales del 2025, la cual tuvo impactos en comunidades de la sierra de Huayacocotla, donde hubo deslizamientos y se estuvo incomunicado con las cabecera municipal, la cuál se restauró hasta inicios de 2026.",Estar atentos ante futuros siniestros y coordinarse con las instituciones correspondientes. ,No,En el subproyecto no se restringe el uso de los recursos naturales.,Coordinarse con los ejidos que cuentan con plan de manejo para armonizar y alinear los trabajo que realiza el subproyecto.,Sí,"Si bien el subproyecto no realiza aprovechamientos, hay una coordinación con los ejidos para realizar los trabajos de brechas cortafuego y podas forestale.",Continuar vinculados a los ejidos para futuros proyectos.,Sí,Se realizó el monitoreo comunitario del agua en la zona alta de la cuenca  en la temporada de secas.,Finalizar el monitoreo previo al inicio del la temporada de lluvias antes de finalizar el subproyecto.,Sí,"Se realizaron trabajos integrales que van desde la restauración de predios sin cobertura arborea, la incorporación de árboles a cultivos, la apertura y mantenimiento de brechas cortafuego y podas forestales.",Seguir con este enfoque integral de manejo del territorio.,No,,,,,,,,,,,,,,,,No,,,,Sí,Todas las actividades fueron validas por las autoridades locales y por los beneficiarios y beneficiarias.,Devolver los resultados después de cuatro años de implementación para dar seguimiento a las actividades.,Sí,"La OLLC se vincula a la radio comunitaria de radio Huayacocota la voz campesina para difundir y fomentar buenas prácticas en el municipio, ademas de las redes sociales donde difunden sus proyectos.",Seguir difundiendo los impactos de la OLLC en el territorio.,Sí,Se favorece la participación de los ejidos y se fortalece con acciones que favorecen a que los bosques y las áreas agrícolas tengan mejores condiciones,Seguir fortaleciendo a las estructuras de la gobernanza local.,Sí,Todas las actividades son conocidas y validadas por las partes interesadas.,Mantener estas buenas prácticas.,Sí,Se alcanzo el indicador a través de un grupo de mujeres viveristas.,Buscar mantener al grupo y buscar la diversificación y comercialización para que siga operando el grupo.,Sí,Se logró incorporar a mujeres en las actividades de cada resultado sobresaliendo el grupo de viveristas.,Continuar fortaleciendo el enfoque de género para incorporarlo en futuros proyectos.,De 30% a 59%,Sí,"Se han incorporado mujeres desde la fase I y se ha buscado que estas acciones no interfieran con sus actividades diarias, cabe hacer mención que se tuvo el apoyo de la consultora Raquel Zepeda para rescatar narrativas e intereses de las mujeres.",Acompañar a Raquel Zepeda para realizar las últimas sesiones con el grupo de mujeres.,Sí,"Se distribuyeron de manera equitativa las tareas y beneficios, aunque en su mayoría los beneficiarios fueron hombres.",Seguir fortaleciendo la incorporación de mas mujeres y buscar beneficios mas equitativos.,No,No se reportan protocolos de atención a violencia de género.,Buscar asesoría para abordar estos temas,No,No se han reportado algún incidente de violencia de género.,Estar atentos ante cualquier evento de violencia de género y recurrir a las autoridades correspondientes.,Sí,El mecanismos se divulgo en las reuniones que se tuvieron con el grupo de mujeres y con la población en general.,Seguir difundiendo el mecanismo para el cierre del subproyecto.,Oficial de Programa
,,,30/6/2026 16:24:34,,gabriela.guerrero@fonnor.org,,CONECTA,,AMS2207011,Gabriela Guerrero Pacheco,Fondo Regional,30/6/2026,"Campo, Reporte",Sí,"Se mantienen cercas vivas en las parcelas, así como los bancos de proteína, el manejo rotacional utilizando cercos eléctricos, mantienen exclusión del ganado a los cuerpos de agua, y se realizaron actividades de restauración de suelo con geocostales.",,Sí,Las medidas de mitigación y buenas prácticas han sido socializadas por la OLLC ,,Sí,,,Sí,La OLLC cuenta con las capacidades y conocimientos suficientes para acompañar a los productores y establecer modelos de restauración productiva,,Sí,"El proyecto ha utilizado plantas nativas para las cercas vivas.
El personal técnico se ha capacitado en perspectiva de género en proyectos de manejo sostenible y adaptación al cambio climático
Han realizado intercambios de experiencias para motivar el llenado de registros económicos con los productores para demostrar que las buenas prácticas ganaderas son rentables",Encontrar formas para motivar el llenado de registros económicos con los productores,Sí,,,Sí,,,No,,,N/A,,,Sí,Desarrollaron un plan de emergencias,,N/A,"Se consideran actividades de bajo riesgo,  se recuerda la importancia para prevenir accidentes en los ambientes de trabajo",,Sí,,Continuar dando a conocer el MAQyC del proyecto CONECTA y FONNOR Te escucha,Sí,"Se implementaron geocisternas, una de ellas con un sistema de captación de agua de lluvia.  Adquisición de  bebederos móviles para las parcelas de restauración productiva y la exclusión del  ganado de los cuerpos de agua.

Uso de cerco eléctrico para reproducción natural de forraje por medio de la rotación de suelos y disminuir la cantidad de plagas y vectores en el ganado bovino.

Establecimiento de cercas vivas de árboles forrajeros y frutales, asi como de bancos de proteína en las parcelas.",,Sí,Las actividades del subproyecto generan muy pocos residuos.  Pero se tiene un plan de gestión de residuos.,,Sí,"Cuentan con un plan de manejo de  plagas y vectores, dentro del cual  tienen un apartado de manejo seguro de agroquímicos.",,Sí,,,Sí,"Se realizan baños al ganado con biopreparados para control de garrapatas, tienen los calendarios y registros de vacunación, tienen tanques de almacenamiento de agua cerrados y tanques de biofertilizantes también cubiertos.",,N/A,,,Sí,"La organización en conjunto con los productores realizó una estrategia de atención en caso de incendios.
Se hacen actividades para prevención de fuego como guardarrayas, tienen equipo como una sopladora de aire .",,No,"se ha discutido entre el grupo de participantes que hacer en caso de emergencias.
Falto diseñar un plan participativo para atender emergencias",,N/A,"Saben que pueden notificar a FONNOR, o utilizar el mecanismo ""FONNOR te escucha""",,No,,,N/A,,,Sí,"Operó una brigada comunitaria para el monitoreo de agua, suelo, forraje, además se implementa monitoreo de biodiversidad (coleópteros, aves, huellas y fototrampeo).",,Sí,"Se tienen cercos vivos, manejo de potreros, usan madera muerta para postes, utilización de bio insumos, retención de suelo y agua, lo que promueve la conservación de la biodiversidad",,No,,,,,,,,,,,,,,,,No,,,,Sí,"Durante la presentación de resultados los productores nos compartieron algunos de los  beneficios ambientales que ellos observaron, ellos tienen interés de continuar con las actividades y están buscando otros apoyos para dar continuidad a las acciones, además han invertido de su propio dinero, resultado de sus intercambios buscan no repetir errores, están interesados en que otros vecinos puedan participar si mantienen las buenas prácticas que ellos ya están haciendo.",,Sí,"Han participado en intercambios de experiencias, en escuela de campo , comparten sus conocimientos con otros personas de la localidad",,Sí,"Durante la vida del subproyecto reconocieron un punto de encuentro donde socializan los avances, comparten experiencias y se toman decisiones en torno al subproyecto (bodega de uno de los participantes) además de estar vinculados a la escuela de campo y a la JISOC.",,Sí,"Ya han participado en intercambio de experiencias sobre ganadería regenerativa regional, nacional e internacional (Colombia). Además han estado involucrado en planeación de cada fase. ",,Sí,El avance es de acuerdo a la meta,,Sí,"Al final de la fase 3, hubo mayor interés de participar sobre todo en el llenado de registros",,De 60% a 100%,Sí,Se realizan actividades de capacitación generalmente en fines de semana,"Construir más espacios para la participación de mujeres, generar estrategias o mecanismos para la participación de mujeres.",Sí,,,N/A,Se conocen las instancias responsables de atender casos de violencia de género en Jalisco. ,,N/A,,,Sí,Conocen el MAQyC y se difunde el mecanismo FONNOR te escucha,,Especialista en restauración y salvaguardas
,,,30/6/2026 17:48:54,,gabriela.guerrero@fonnor.org,,CONECTA,,AMS2207012,Gabriela Guerrero Pacheco,Fondo Regional,30/6/2026,Reporte,Sí,,,Sí,Cuentan un manual de usuario de los biodigestores y un plan de emergencia y retiro de los biodigestores,,Sí,"Hubo acompañamiento técnico continúo, adaptaron a las necesidades de los productores, mantuvo un monitoreo periódico del funcionamiento de los biodigestores al menos una vez cada dos meses.",,Sí,,,Sí,,,Sí,Se entregaron en tiempo y forma informes y reportes administrativos y técnicos.,,Sí,,,No,,,N/A,,,Sí,"Se utiliza ropa y calzado adecuado para la implementación de actividades, Los sitios donde esta el biodigestor se encuentran cercados para prevenir accidentes.",,Sí,"Se dio acompañamiento continúo para el uso adecuado del biodigestor, biol y biogás con el fin de prevenir riesgos derivados de esta actividad",,Sí,Se dió a conocer el mecanismo y la gente conoce también el mecanismo FONNOR te escucha.,,Sí,"La implementación de biodigestores, para aprovechar el estiércol del ganado permite reducir las emisiones de GEI en granjas y proveen de energía y biofertilizante rico en nutrientes.",Asegurar que los productores cuente con suministro de agua todo el año es vital para el funcionamiento continuo del biodigestor.,Sí,Se tiene un plan de retiro de las geomembranas para cuando el biodigestor cumpla su vida útil.,,N/A,,,Sí,,,Sí,Se capacitó para la correcta aplicación del biol. Se diseñaron etiquetas que tienen indicaciones de uso y manejo del biol,,Sí,"Se desarrollaron indicaciones para la correcta aplicación del biol, con recomendaciones para el almacenamiento y transporte adecuado",,N/A,,,Sí,Tienen un manual de uso y plan de emergencias.,,N/A,,,No,,,N/A,,,Sí,La organización realiza monitoreo comunitario de agua y biodiversidad,,Sí,"Cuenca Sana está realiza colaboraciones con estudiantes de la carrera de innovación agrícola sustentable del Tecnológico Superior de Mascota, para evaluar si con la aplicación de biol se incrementa la biodiversidad de microorganismos del suelo",,No,,,,,,,,,,,,,,,,No,,,,Sí,La organización realizó actividades de difusión y visitas previas a la instalación de los biodigestores. Una vez que estos son instalados realiza acompañamiento continuo y fomenta talleres de difusión sobre el uso y beneficio de los biodigestores con personas interesadas. ,,Sí,"Cuenca sana, desarrolló dos videos de divulgación sobre  testimonios de los beneficiarios, además durante talleres regionales e intercambios de experiencias socializó sus resultados.",,Sí,"fomentó puntos de encuentro locales, ya que varios productores se interesaron por el uso del biol en sus cultivos.",,Sí,"Colaboración continua entre productores y posibles interesados del uso de biol, ",,Sí,Número de mujeres capacitadas en el manejo de traspatio ,,Sí,"se tenían 2 huertos demostrativos y se instalaron otros 2 durante la última fase, ",,De 30% a 59%,Sí,se participo en un intercambio con viveristas,,Sí,Se conformo un grupo mayoritariamente integrado por mujeres para lograr la comercialización del biol.  ,,N/A,No se identificaron este tipo de acciones con los beneficiarios. ,,N/A,"CUENCA Sana cuenta con el directorio de organizaciones que atienden el tema, pero no se han realizado denuncias de este tipos",,Sí,Durante la vida del subproyecto se dio a conocer el MAQyC.,Mantener el mecanismo FONNOR te escucha vigente aún después de terminado el subproyecto,Especialista en restauración y salvaguardas
,,,30/6/2026 18:59:46,,sabina.ascencio@fonnor.org,,CONECTA,,AMS2207013,"Sabina Ascencio Ramírez, Gabriela Guerrero Pacheco",Fondo Regional,11/5/2026,Campo,Sí,,,Sí,"
El responsable técnico del subproyecto da seguimiento al plan de actividades, derechos y obligaciones de las personas beneficiarias  de acuerdo al cronograma del subproyecto.",,Sí,"Se han diseñado tres nuevos planes o diseños para el manejo de ranchos de tres nuevos beneficiarios de acuerdo con sus necesidades y contextos locales (los planes incluyen definición del área a poner las cercas vivas con árboles nativas, lugar para instalar bebederos y saladeros, capacitación en el uso y manejo del cerco eléctrico, etc.). Por otra parte, se siguen trabajando los planes de trabajo ya diseñados con los otros 13 beneficiarios del subproyecto.",,Sí,El personal contratado por la OLLC  cuenta con los conocimientos  técnicos y administrativos suficientes para dar seguimiento a las actividades del subproyecto. ,,Sí,"Sí, con las medidas propuestas e implementadas se han minimizado los riesgos.",,Sí,,,N/A,La organización no ha contratado jornales y el personal contratado realiza distintas actividades por lo que su sueldo es diferenciado.,,No,,,N/A,,,Sí,"La OLLC cuenta con equipo adecuado de protección, áreas de trabajo ordenadas y limpias, botiquín, cuentan con acceso al MAQyC y conocen los protocolos para la atención de casos de violencia de género. A su vez monitorean el uso y manejo del cerco eléctrico en campo al menos una vez al mes y brindan recomendaciones. Se ha dotado de un voltímetro a los productores para que ellos puedan monitorearlo a diario.",,Sí,El técnico de la organización se reúne presencialmente por lo menos 1 vez al mes con las personas beneficiarias del subproyecto para dar seguimiento técnico.,,Sí,El técnico de la organización se reúne presencialmente por lo menos 1 vez al mes con las personas beneficiarias del subproyecto para dar seguimiento técnico. En el periodo no se recibieron quejas ni reclamos en el MACyQ referente al subproyecto.,"Seguir difundiendo FONNOR Te escucha, aún una vez finalizado el subproyecto.",Sí,"Reproducción natural de los forrajes gracias a la rotación de potreros, aprovechamiento de energía solar para bombeo de agua y funcionamiento de cerco eléctrico, elaboración de bioinsumos.",,No,"Las actividades del subproyecto generan muy pocos residuos como pilas de cerco eléctrico, costales de sales y del alimento suplementario y bolsas de plástico de los árboles sembrados como cercas vivas en los predios, mismos que en su mayoría son reutilizados por los beneficiarios. ",Realizar la gestión de las pilas de litio una vez finalizada su vida útil (de 3 a 5 años).,N/A,"Para las actividades de ganadería, no se han identificado plagas. Además, la rotación de potreros ayuda a la disminución de plagas y vectores como la garrapatas.",,Sí,,,N/A,Las actividades del subproyecto no involucran la exposición de la comunidad a enfermedades,,N/A,Las actividades del subproyecto no involucran el uso de materiales peligrosos,,Sí,"Los impactos negativos de los incendios se minimizan en las parcelas donde interviene el subproyecto gracias a la aplicación de prácticas de rotación de potreros. Estas prácticas evitan que el zacate se seque, manteniéndolo siempre verde y, por lo tanto, impidiendo que el fuego alcance los predios. A su vez JISOC cuenta con una brigada de prevención y combate de incendios con la que se encuentra en constante comunicación en caso de emergencias.",,Sí,"La OLLC cuenta con botiquín y conocimiento de los sitios para atención médica inmediata en la zona, así como con nociones básicas de primeros auxilios",,N/A,No se reportaron emergencias o incidentes en los últimos 6 meses,,No,,,N/A,Los árboles sembrados en los predios del subproyecto se adquirieron de un vivero regional ya establecido con propagación de especies nativas.,,Sí,Se realiza monitoreo comunitario de biodiversidad y monitoreo comunitario del agua. Se cuenta con una pequeña brigada que acompaña estas actividades junto con la OLLC.,,Sí,"Las actividades del subproyecto buscan la regeneración del suelo, promueven el uso de bioinsumos como biol, y promueven el establecimiento de árboles nativos, lo que beneficia la biodiversidad. Además, con el uso del cerco eléctrico se limita el paso al ganado a los cuerpos de agua superficiales. ",,No,,,,,,,,,,,,,,,,No,,,,Sí,"Los productores involucrados conocen la naturaleza del subproyecto, así como los objetivos y avances que tiene su implementación. A su vez los responsables técnicos del subproyecto tienen reuniones de seguimiento puntual de las actividades al menos una vez al mes presencialmente con cada productor y se lleva también un seguimiento a través de un grupo de whatsapp para dudas o preguntas del día a día.",,Sí,"En las Escuelas de campo y talleres SIPSSOC que sesionan al menos una vez al mes en el caso de las ECAS, y cada bimestre en el caso de los SIPSSOC. También participaron en varios intercambios de experiencias donde pudieron compartir los alcances del proyecto. Además, en las sesiones del consejo de administración de la JISOC con los municipios que componen la región sierra occidental se presentan avances del subproyecto. Y a tráves de las redes sociales de la JISOC se comparten avances del subproyecto.",,Sí,"La JISOC tiene buena relación con los municipios que componen su consejo de administración, a quienes presentan los resultados del subproyecto y quienes vigilan la aplicación y ejercicio de los recursos que ejerce.",,Sí,"Sí, a través de espacios como las Escuelas de Campo, las sesiones de capacitación, SIPSOCC y los intercambios de experiencias entre beneficiarios y productores de la región,  la JISOC promueve también el intercambio de conocimiento y recibe propuesta para el diseño y ejecución de las actividades que realiza el subproyecto.",,Sí,Número de capacitaciones a mujeres viveristas ,,Sí,"Se cumplió con las capacitaciones proyectadas al grupo de mujeres viveristas del 
vivero La Esperanza, consolidando al grupo como el principal proveedor de planta en la región, gracias a una red local de comercio que la OLLC impulsó entre productores, instituciones y el grupo de mujeres viveristas.",,De 30% a 59%,Sí,"Las invitaciones a las sesiones de capacitación SIPSSOC son en familia. Además, se realizan los sábados por la mañana con el fin de tener mayor participación de hombres y mujeres. 

Las visitas de acompañamiento en campo se realizan con base en la disponibilidad de las personas.

Se han desarrollado temas incentivando la participación de las mujeres buscando el eslabón en la cadena productiva donde ellas pueden participar.",,Sí,"Sí, en la medida de lo posible. Ahora las mujeres están más involucradas en las actividades y han adoptado responsabilidades en medida de sus alcances. La asistencia y participación de las mujeres en las capacitaciones se ha visto incrementada, con lo que aumentan también sus conocimientos y pueden aplicarlos en su vida cotidiana. A su vez la participación de las mujeres ha jugado un papel clave en el seguimiento de los registros productivos, aportando a las unidades productivas familiares información actualizada que fortalece la toma de decisiones y la gestión del sistema productivo.",,Sí,"En las sesiones de capacitación tanto de SIPSSOC como de mujeres viveristas, se difunden acuerdos para la convivencia respetuosa entre hombres y mujeres. A su vez la OLLC cuenta con conocimiento de los protocolos generales para atención a casos de violencia de género.",,N/A,"La OLLC cuenta con la información pertinente de las instancias responsables de atender casos de violencia de género en Jalisco, sin embargo no recibió casos de denuncia de violencia de género en los que se hayan tenido que derivar a personas beneficiarias a esos servicios.",,Sí,"Se difunde en las ECA, SIPSOCC y durante las sesiones de acompañamiento técnico",,"Especialista en Conservación y Biodiversidad, Especialista en Restauración y Salvaguardas"
,,,30/6/2026 22:47:54,,isauro_cortes@fogomex.org,,CONECTA,,AMS2412002,Isauro Cortes,Fondo Regional,30/6/2026,Reporte,Sí,"Las actividades han sido complementadas con buenas prácticas en el seguimiento de las acciones con el equipamiento de la biofábrica con todas sus medidas de seguridad y monitoreo de los módulos de vainilla, pimienta y áreas reforestadas.","Incorporar estas buenas prácticas en futuros proyectos, realizando el analisis de riesgos y medidas de mitigación.",Sí,"Se fueron incorporando riesgos y acciones de mitigación en esta tercera fase, como fueron los talleres de enfoque de género",Seguir actualizando las medidas de acuerdo a los contextos y necesidades actuales.,Sí,Se implementaron las medidas y se reportaron los avances en cada resultados,Incorporar este análisis de riesgos y medidas de mitigación para futuros proyectos.,Sí,"La OLLC cuenta con las capacidades técnicas, administrativas y de planeación, asi como se han venido capacitando en otros rubros como género, monitoreo y temas administrativos.",Seguir fortaleciendo las capacidades de los colaboradores de la organización.,Sí,La medidas propuestas son suficientes,Estar atentos y realizar un cierre con los beneficiarios con la devolución de los resultados del subproyecto.,Sí,La OLLC cumplió con los lineamientos y procesos del manual de operaciones y tuvo una rápida apropiación de los mismos.,Incorporar estos procesos y buenas prácticas a la OLLC.,Sí,"Los trabajadores reciben un salario por las actividades que desarrollan, sin importar su género.",Continuar con esas prácticas de renumeración a las y los trabajadores.,No,En el subproyecto no se contratan personas menores de edad,Continuar con esta práctica,N/A,En el subproyecto no se contratan personas menores de edad,Continuar con esta práctica,Sí,En la biofabrica y en los viveros se cuenta con medidas de seguridad como equipo apropiados para el manejo de los insumos asi como con un botiquín ante algún accidente. ,Seguir fortaleciendo las medidas de seguridad en los espacios ,Sí,"Se hizo mucho énfasis en la operación de la biofábrica, desde el manejo de los insumos, su almacenaje, mezclas y tiempos de aplicación.",Seguir fortaleciendo las capacidades en prevención de riesgos.,Sí,El mecanismo se difundió en las sesiones y reuniones que se desarrollaron en esta última etapa.,Seguir difundiendo el mecanismo durante el cierre del subproyecto.,Sí,"Se implementaron biofábricas aprovechando los recursos que se tienen en la región como estiércol de ganado, residuos de agroindustria (café, caña, coco, etc), hojarasca, ceniza, entre otros insumos disponibles.",Seguir con las prácticas de reciclaje de materiales de la comunidad y el aprovechamiento de los recursos. ,Sí,"La OLLC realiza un adecuado manejo de los residuos que generan las actividades, fomentando el reciclaje y el uso eficiente de los recursos con los que se cuenta. Algunos insumos son adquiridos en menor medida como el azufre, nitrógeno y otras elementos para complementar los bioinsumos.",Generar un plan de manejo de residuos y sustancias como base para la operación de la biofábrica.,Sí,Se realiza el control de plagas con bioinsumos y preventivos como la cal y liquidos a base de chile y ajo como control biológico.,Contar con un plan de manejo de plagas que sirva como insumo para la operación del vivero y de los módulos.,Sí,"Hay una fuerte participación de los beneficiarios donde se operativízan desiciones para la planeación de las actividades, contando con amplia experiencia del territorio y de las prácticas mas adecuadas.",Continuar con ese diálogo entre técnicos y beneficiarios para el seguimiento de los módulos demostrativos de los sistemas agroforestales.,Sí,Se cuenta con los equipos mínimos para operar con seguridad y responder ante alguna contingencia.,Construir un plan o protocolo para responder a enfermedades o vectores en la comunidad.,Sí,Se cuenta con una correcta disposición de los insumos y equipos que se ocupan en la biofábrica y viveros y se dispone de las sustancias que se requieren en envases sellados y en resguardo seguro.,Contar con un plan de manejo de sustancias e insumos para incoporarlo en los acervos del subproyecto.,No,No se fomentan prácticas de manejo del fuego en el subproyecto.,Estar atento por algún conato de incendio por prácticas agricolas.,Sí,La OLLC cuenta con prácticas y protocolos internos para una operación oportuna y con el menor riesgo posible.,Contar con un plan de respuesta a emergencias.,N/A,No se han reportado emergencias en el último periodo.,Estar atentos ante cualquier emergencia que se pueda suscitar.,No,En el subproyecto no se generan restricciones sobre el uso de la tierra,Contar con los comodatos actualizados una vez que termine el subproyecto y si se pretende continuar con la producción en vivero.,N/A,"El subproyecto no aprovecha especies en alguna categoria de protección, sino que utiliza especies comerciales y locales comunes.",Contar con acuerdos renovados para el seguimiento en campo una vez finalizado el subproyecto.,Sí,Se monitoreo la biodiversidad y el agua durante la última temporada de secas y se cerro al incio de las lluvias.,Mantener y fortalecer las capacidades aprendidas durante el monitoreo.,Sí,Se restauraron espacios alternos a los módulos demostrativos con especies nativas.,Continuar con estas prácticas y vincular a otros actores locales.,No,,,,,,,,,,,,,,,,No,,,,Sí,"Se tuvieron sesiones grupales para planear cada actividad y realizar faenas en las parcelas demostrativas, se han tenido días de puertas abiertas para difundir los resultados en la comunidad y con el público en general.",Seguir difundiendo los resultados del subproyecto una vez finalizado el subproyecto.,Sí,Se ha participado en diferentes foros regionales como los que tienen que ver con el cuidado de la cuenca de La Antigua y otros colectivos que forman parte de la comunidad de aprendizaje.,Seguir vinculado a estas redes y difundir la expericiencia adquirida en CONECTA.,Sí,Se fortalece el grupo de defensa del territorio del rio La Antigua y se fortalecen las redes de colaboración y el grupo de productores de Jalcomulco.,Mantener activa la participación en estos espacios.,Sí,"Se ha participado en las diferentes comunidades de aprendizaje en monitoreo comunitario del agua, biodiversidad y en negocios sustentables.",Seguir participando en la comunidad de aprendizaje.,Sí,Se alcanzo la meta de realizar un taller de género,Mantener estas acciones y contabilizar en acciones positivas la participación de mujeres,Sí,Se cumplío con la meta con la realización de un taller de género,Reforzar con mas talleres en el futuro.,De 0% a 29%,Sí,"Se cuenta con la participación de mujeres en labores de monitoreo, vivero y biofabrica.",Seguir visibilizando la participación,Sí,Se tiene distribuidas las tareas entre hombres y mujeres de manera equitativa.,Mantener esta buena práctica,No,No se reporta algún reglamento o código de prevención de violencia de género,Comenzar a trabajar sobre algun protocolo o documento de prevención de violencia de género.,No,No se han reportado incidentes de violencia de género,Estar atento por su hubiera algún evento de violencia de género.,Sí,El mecanismo se difundió durante las últimas capacitaciones y reuniones,Seguir difundiendo el mecanismo hasta el cierre del subproyecto.,Oficial de Programa
,,,30/6/2026 23:49:16,,gabriela.guerrero@fonnor.org,,CONECTA,,AMS2207009,Gabriela Guerrero Pacheco,Fondo Regional,30/6/2026,"Reporte, Otras",Sí,,,Sí,"La OLLC identifica riesgos, pero dentro de sus talleres y capacitaciones se identifican medidas de mitigación para evitar dañar la vegetación, acuerdos para no generar cargas de trabajo a las mujeres, concientizar sobre seguridad laboral, garantizar espacios seguros como es el vivero ",,Sí,Continuaron con la participación de las y los beneficiarios en el caso del vivero hubo un re-cambio del personal pero sigue siendo un espacio que fomenta confianza y se ha seguido trabajando con mas mujeres interesadas,,Sí,"La OLLC cuenta con conocimientos sobre buenas prácticas de ganadería regenerativa, manejo de residuos, aspectos técnicos ambientales y sociales lo que ha permitido que se cumplan las medidas de mitigación",,Sí,Por la naturaleza del subproyecto no se identifican riesgos adicionales a los que se encuentran en el anexo 5.   ,,Sí,"El cumplimiento de los procesos administrativos y técnicos se cumplieron en tiempo y forma, en el caso de consultorías se procedió con los procedimientos establecidos",,Sí,La OLLC fomenta el trabajo equitativo en la medida de lo posible,,No,,,N/A,,,Sí,"Existe un reglamento con indicaciones claras en el vivero,  el vivero tiene establecidas áreas de trabajo.  ",,Sí,"Se establecen indicaciones para la prevención de riesgos en el reglamento del vivero. Durante la vida del subproyecto se concientizó a  las personas para que se encuentren atentas para evitar accidentes, ",,Sí,"Se difundió el MAQC, y el mecanismo FONNOR te escucha, no se reportaron quejas en la fase 3.",,Sí,"Se realizaron varias actividades
Dentro del vivero:
●	Uso eficiente de agua a través de mangueras, separación de agua residual del baño, compostaje de los residuos del vivero, separación de residuos como son las  bolsas de vivero
●	Talleres de bioinsumos , manejo de plagas 
En parcelas 
●	El cerco eléctrico funciona con energía solar.
●	Han promovido el uso de biol en plantaciones experimentales agroecológicas de sandía y maíz 
●	Se instalaron   banco de proteínas con árboles forrajeros actividades:
",,Sí,"El subproyecto no genera residuos y sustancias peligrosas, pero en la región en la que incide el cultivo de Sandía genera una gran cantidad de residuos por lo que la OLLC realizó un documento donde se cuantifican e identifican los tipos de plásticos utilizados  y se dan recomendaciones para su regulación, este documento se sociabilizó con las autoridades de San Juan de Abajo ",,Sí,"En el reglamento del vivero se contaba con indicaciones para la prevención del manejo de plagas, pero debido a la presencia de hongos se  trabaja en colaboración con el Vivero Forestal de Zapopan para la identificación de la plagas y generar un plan de prevención, tratamientos y mantenimiento de la buena salud de los árboles viveros",,Sí,La OLLC cuenta con los conocimientos técnicos y se apoya de otros colaboradores para desarrollar estrategias y documentos ,,Sí,"Por el tipo de actividades del subproyecto no se considera que haya riesgos, sin embargo en el vivero se tienen tanque de agua cubiertos para evitar contaminación y proliferación de moscos, y en las parcelas con manejo los productores ganaderos tiene vacunación y manejo de ectoparásitos (moscas) utilizando trementina (como repelente) y sobre todo revisión constante del ganado",,Sí,"la disposición de residuos se da sobre todo en el vivero y se tiene implementado un compostero (para los residuos orgánicos) , los residuos derivados de plástico de las bolsas en el vivero se disponen en contenedores para su recolección de acuerdo al servicio municipal. NO tienen materiales peligrosos y se promovió siempre el uso de materiales reciclables o reutilizables
",,Sí,Pláticas para evitar prácticas de quema de pastizales cuando las condiciones del viento favorecen dispersión de chispas.  ,,Sí,"Se cuenta con un botiquín de primeros auxilios, ",,N/A,durante el ultimo cuatrimestre de la fase 3 no se reportó ningún accidente,,No,,,No,"La producción de planta en el vivero las Amapas es mixta, pero algunas especies son nativas con fines de reforestación, en la última fase se ha pensado en convertir el vivero en ornamental para lograr una mejor comercialización.",Se seguirá recomendando tener la autorización por parte de la SEMARNAT para que continué con fines forestales y restauración,Sí,"Se tiene monitoreo de biodiversidad en una parcela ganadera, pero también existe monitoreo de agua y aves.",,Sí,"En la tercer fase, acciones de restauración , como instalación de cercos vivos utilizando especies de la región.",,No,,,,,,,,,,,,,,,,No,,,,Sí,si la OLLC mantuvo informados a los grupos de productores con los que trabajo sobre los objetivos y actividades,,Sí,"Si han participado en intercambios de experiencias, difunden sus avances en plataformas y han también desarrollado artículos con los resultados, también han compartido documentos con las autoridades de la localidad",,Sí,"Un espacio de participación importante es el Vivero las Amapas, vinculación con la secundaria, y con el centro de rehabilitación, ha sido importante pues involucra a jóvenes. Por otro lado existe un vinculo con estudiantes y profesores del ITESO que participan de acuerdo a las necesidades identificadas en la localidad.",,Sí,"Ya que se mantienen informados de los avances y actividades pueden tomar decisiones, como ha sido continuar con el vivero y con otras actividades de monitoreo de interes de algunos beneficiados .",,Sí,Número de mujeres vinculadas al subproyecto.,,Sí,"Las mujeres que participan en el vivero, en el último cuatrimestre de la fase 3, varias mujeres decidieron no continuar pero se incorporó un nuevo equipo que tiene intereses en que el vivero se convierta en un punto de encuentro y un punto de venta de planta forestal y ornamental",,De 60% a 100%,Sí,"Actividades diversas en el vivero, por ejemplo talleres para fortalecer las capacidades del equipo que quiere continuar con la iniciativa del vivero so7 mujeres y 4 hombres, otras actividades de acuerdo a los intereses del grupo como fue elaborar ladrillos de barro para bioconstrucción. ",,Sí,,,Sí,Se buscan tiempos u horarios apropiados para no aumentar cargas de trabajo de mujeres.,,N/A,"no se tienen registrados casos de violencia de género, sin embargo la OLLC tiene contactos e información de líneas de apoyo en caso de necesitar asesorías, denuncias o demandas. ",,Sí,se conoce el MAQyC y FONNOR te Escucha,,Especialista en restauración y salvaguardas
,,,1/7/2026 16:27:23,,gabriela.guerrero@fonnor.org,,CONECTA,,AMS2207029,Gabriela Guerrero Pacheco,Fondo Regional,8/5/2026,"Campo, Reporte",Sí,"El reglamento de los socios tiene  apartado para el manejo de residuos, además de que solo se comercializará ganado con productores de la región que cumplen o aplican buenas prácticas (o son parte de las ECA). Se han promovido durante la fase 3 la participación de las mujeres.",,Sí,"Todos los socios realizan buenas prácticas de manejo en sus potreros, han incrementado arbolado en sus potreros para incrementar biodiversidad, las mujeres comienzan a participar en actividades complementarias como elaboración de bioinsumos, productos derivados de la leche  y otros.",,Sí,"Realizaron la mayoría de las medidas del anexo 5,  se tiene uncontrato de compra-venta (aún no se tiene la venta) con Koolfarming, Kool farming a su vez verificó que se cumplen las buenas prácticas en ganadería sustentable, se realizaron 2 talleres de género en el último cuatrimestre, promoviendo la participación de las mujeres en actividades productivas, el centro de acopio se encuentra en comodato ",,Sí,"Los técnicos cuentan con los conocimientos y se encuentran en constante diálogo para la gestión de actividades, además de que tienen conocimiento de las buenas prácticas de ganadería regenerativa.",,Sí,"Uno de los riesgos era la baja participación de mujeres, sin embargo en el último cuatrimestre el grupo de mujeres que participó se fortaleció con 2 talleres,  en uno de ellos se busco que las mujeres tuvieran sus carpetas armadas con la documentación necesaria para poder aplicar en convocatorias en varios conceptos de apoyo de diversas dependencias",,Sí,"Los informes/reportes han sido presentados en tiempo y forma, el último cuatrimestre hubo algunas complicaciones con el cumplimiento de los procesos administrativos pero se ha podido resolver.",,Sí,"En el subproyecto no se contrataron jornales, se informó a los socios sobre el mecanismo del MAQyC.
",,No,,,N/A,,,Sí,"El centro de acopio aun no esta en funcionamiento, sin embargo se cuenta con áreas de trabajo específicas y en buenas condiciones, se tiene el equipo de protección , y un plan de como actuar en caso de algún accidente.",,Sí,"En el último cuatrimestre como parte del taller de elaboración de productos lacteos a las mujeres, se recalcaron medidas de higiene y seguridad básicas, se recomendó que una vez que se encuentre funcionando el centro de acopio deben contar con un botiquín en el centro de acopio e implementar un plan de emergencia sencillo y operacional.",,Sí,Los ganaderos reconocen la página donde pueden dejar comentarios y quejas. Se siguió recomendando acercarse a Fonnor te escucha.,,Sí,"Dentro del centro de acopio cuentan con una geomembrana para almacenar 30,000 litros de agua, y se usa para mantener los bancos de proteína, el cerco vivo y brindar agua al ganado durante su estancia en el centro de acopio.  Se sugiere instalar un sistema o techo para captación del agua pluvial durante temporada de lluvias",,Sí,El manual de operaciones del centro se tiene un protocolo para el manejo de residuos.,,Sí,"Dentro de su reglamento se establecen las medidas necesarias para recibir ganado para la comercialización, el manejo de potreros con buenas prácticas hace que los parásitos externos se reduzcan, sin embargo establecen medidas de vigilancia rigurosa para recibir al ganado.  ",,Sí,"Los socios de la comercializadora cuentan con los conocimientos locales para prevenir la entrada de plagas (como garrapatas, miasis, gusano barrenador, etc), utilizando conocimientos técnicos y locales, debido a que todos son miembros de ECA donde se les ha capacitado, además todos aplican buenas prácticas y han establecido la vigilancia rigurosa del ganado que entraría a su centro de acopio con el objeto de que no se dispersen estas plagas.",,Sí,"Todo el ganado que llegará al centro de acopio proviene de productores que tienen buenas prácticas ganaderas por lo que la exposición a ectoparásitos no se considera un riesgo , sin embargo se mantiene la recomendación sobre el uso de equipo de protección básico cuando se hace manejo del ganado, con respecto al agua en recipientes se hará recambio en bebederos y la geocisterna se encuentra cerrada.",,Sí,"Una  vez que comience a operar el centro de acopio, se aplicar el plan de gestión de residuos que  se encuentra en el manual de operaciones.  Algunos de estos residuos puede ser material para curaciones en caso de heridas del ganado y/o plásticos ",,N/A,"El centro de acopio solo mantiene banco de proteína para el ganado que llega al mismo mientras se comercializa, se tendrá vigilancia continua cuando el material del banco no se haya consumido por el ganado.",,No,"Se conocen la ubicación de los centros de salud más cercanos, se contará con un botiquín de primeros auxilios una vez que comiencen las actividades del centro de acopio.",,N/A,Durante el último cuatrimestre de la fase 3 no se ha registrado emergencias o accidentes,,No,,,N/A,,,Sí,Durante la ejecución del subproyecto se implementaron actividades de monitoreo de biodiversidad en una parcela,,Sí,"Cada socio de la comercializadora implementa buenas prácticas en sus potreros, como son plantación de cercos vivos con especies nativas, mantener arbolado y otros arbustos en los potreros para promover la diversidad, proveer alimento  y sombra al ganado, rotación de potreros para controlar el ciclo de vida de la garrapata, exclusión de bordos para evitar contaminación de agua",,No,,,,,,,,,,,,,,,,No,,,,Sí,"Durante la fase III del subproyecto, se observa confianza entre los técnicos y el grupo de socios de la comercializadora, se informa de alcances, impactos y pasos a seguir",,Sí,"En los intercambios de experiencias, escuelas de campo se vinculan con otros actores, también han participado exponiendo sus logros y errores para que otros grupos aprendan de ellos.",,Sí,"Tienen buena relación con JISOC, con los integrantes de las ECA Higuera blanca y con otros productores ganaderos de la región",,Sí,"La toma de decisiones sobre lo que debe incluir el reglamento y el manual de operaciones, ha sido de manera informada, así como los acuerdos de uso de equipo común como es el caso de cercos eléctricos.",,Sí,Número de mujeres que participan,,Sí,"Se comenzó a trabajar en la fase 3 con las esposas de los socios de la comercializadora, y comenzaron a participar otras mujeres, se impartieron 3 talleres de género y se observa mucho interés de las mujeres  de poder generar su autonomía (generando sus carpetas para poder acceder a recursos en convocatorias con diferentes conceptos de apoyo que pueden ser de su interés)",,De 30% a 59%,Sí,"Se realizaron 2 talleres en el último cuatrimestre, uno para conocer los intereses de las mujeres y jóvenes y buscar mecanismos para participar en el futuro en actividades ganaderas.",,Sí,"En medida de lo posible, aunque aún no entra en operaciones el centro de acopio, las mujeres están involucradas en apoyar a sus maridos y por eso comenzaron a producir bioinsumos y se interesaron en aprender a elaborar productos lácteos,  buscan generar su autonomía en actividades relacionadas al subproyecto no necesariamente en las actividades del mismo.",,Sí,"La OLLC cuenta con la información pertinente, para el desarrollo de talleres se tomaron acuerdos para que los tiempos y horarios de las mujeres no compitieran con sus horarios de cuidado del hogar.",,Sí,La OLLC cuenta con la información pertinente de las instancias responsables de atender casos de violencia de género en Jalisco,,Sí,"Todos los socios y el grupo de mujeres conoce el mecanismo de quejas, se mantuvo la recomendación sobre la difusión del mecanismo de FONNOR te escucha",,Especialista en restauración y salvaguardas
,,,1/7/2026 18:33:26,,isauro_cortes@fogomex.org,,CONECTA,,AMS2207038,Isauro Cortés,Fondo Regional,30/6/2026,Reporte,Sí,"Se destino presupuesto para realizar las actividades en ganadería y mitigar los impactos con la implementación de ecotecnias, talleres de quesos con mujeres, huertos y seguimiento a las acciones de la fase I y II. ",Incoporar estas medidas a futuros proyectos y destinar recursos para la implementación y monitoreo de las actividades.,Sí,"La planeación, las actividades y las medidas fueron divulgadas y socializadas con los beneficiarios.",Seguir con estas prácticas de socialización de las actividades y medidas de mitigación.,Sí,Se implementaron las medidas propuestas en el anexo 5,Actualizar y adecuar las medidas cuando los contextos cuando sean necesarios.,Sí,La OLLC cuenta con las capacidades técnicas y mostró apertura para capacitarse y adoptar nuevas prácticas.,Seguir fortaleciendo las capacidades de la OLLC ,Sí,Las medidas de mitigación se consideran suficientes.,Dar seguimiento al cierre de las actividades por si se requieren medidas adicionales.,Sí,"La OLLC adopto los lineamientos del manual, si bien se tuvieron cambios en esta fase III del área administrativas hubo un rápida adopción del manual.",Adoptar los procesos al interior de la OLLC para mejorar y fortalecer las capacidades administrativas.,Sí,Los trabajadores reciben una remuneración equitativa de acuerdos a sus actividades sin importar su género.,Continuar con estas buenas prácticas,No,En el subproyecto no se contrataron menores edad.,Continuar con esta práctica,N/A,En el subproyecto no se contrataron menores edad.,Continuar con esta práctica,Sí,"La OLLC cuenta con prácticas no escritas para garantizar la seguridad de sus trabajadores y la de los beneficiarios, como son salidas de campo en grupos, mantener comunicación con los equipos.","Generar un plan o protocolo sencillo, tomando en cuenta las prácticas que ya realizan.",Sí,"Se fortalecieron las capacidades de los beneficiarios y técnicos con la capacitación en la instalación de cercos eléctricos, sistemas de captación de agua de lluvia, baños secos, etc. ",Seguir fortaleciendo las capacidades con énfasis en seguridad.,Sí,El mecanismo se difundió en los últimos talleres y visitas de seguimiento.,Continuar difundiendo el mecanismo durante el cierre del subproyecto.,Sí,"Se implementaron baños secos, sistemas de captación de agua de lluvia paralelamente con la instalación de cercos eléctricos.",Seguir fomentando las ecotecnias como módulos demostrativos en las comunidades.,Sí,La OLLC realiza un uso eficiente de los residuos generados de las actividades y del uso de los materiales e insumos que se facilitaron a los beneficiarios.,Construir un plan de manejo y disposición de los residuos generados del subproyecto.,Sí,"Se hicieron recomendaciones sobre la alimentación y disposición de forrajes, sobre todo para disminuir la presencia de especies invasoras con poco aporte nutricional para el ganado.",Seguir fortaleciendo las capacidades en manejo de plagas y vectores,Sí,La OLLC cuentas con las capacidades y con la disposición por seguir profesionalizando y realizando un gestión optima en el subproyecto.,Seguir incluyendo los conocimientos y saberes de las comunidades para ser mas eficientes en la implementación de las actividades.,Sí,"Las medidas que se tomaron abonan al buen manejo del ganado, donde se prioriza la salud animal y la eficiencia en el pastoreo, el uso eficiente del agua y sus fuentes de abastecimiento.",Seguir los protocolo básico de sanidad y estar atentos ante algún caso de gusano barrenador,Sí,"Si bien en el subproyecto no se fomentaron el uso de insumos orgánicos ni químicos para favorecer a las plantas, si se recomendo el uso de cal agrícola para nivelar el pH de los suelos y favorecer el crecimiento de las gramineas.",Contar con protocolos mínimos sobre el uso y disposición de insumos que se utilicen en las actividades.,No,El subproyecto no fomenta acciones de manejo del fuego.,Estar atentos en la época de siembras donde se realicen quemas agrícolas y que no se salgan de control y alcanzar algún área forestal.,Sí,La OLLC cuenta con botiquín de primeros auxilios y con los datos de contacto de sus trabajadores en caso de alguna emergencia.,Explorar cursos básico de primeros auxilios para fortalecer la seguridad.,N/A,No se han reportado incidentes en los últimos 6 meses.,Estar atentos por cualquier emergencia que se pueda suscitar al cierre del subproyecto.,No,Las actividades implementadas no generan restricciones sobre el uso de los recursos naturales.,Mantener a los beneficiarios informados sobre los acuerdos que se tuvieron para implementar para las actividades.,N/A,En el subproyecto no se realiza el aprovechamiento de especies en alguna categoria de protección o riesgo.,Buscar la asesoria por si hay necesidad de realizar aprovechamientos de las áreas forestadas ya sea en plantación o natural en los predios participantes.,No,"La OLLC tuvo cambios de personal en esta última fase y no pudieron implementar el monitoreo, aunque hubo el interés.",Seguir con el interés y buscar implementar un monitoreo comunitario para futuros proyectos,Sí,Se realizo la reforestación de áreas perimetrales y cercanas a cuerpos de agua.,Seguir reforzando estas acciones en futuros proyectos.,No,,,,,,,,,,,,,,,,No,,,,Sí,Las actividades fueron socializadas y conocidas por los beneficiarios en esta última etapa.,Devolver los resultados a los beneficiarios y divulgar con la población.,Sí,El subproyecto en esta etapa III fue difundido en programas de difusión estatal y regional como Veracruz Agropecuario.,Continuar con la difusión de resultados durante el cierre del subproyecto.,Sí,Se fortalecieron a los grupos de ganaderos y ganaderas que participaron y dio el apoyo de las autoridades locales para convocar a los beneficiarios en esta etapa III.,Seguir fortaleciendo las estructuras locales de gobernanza con la inclusión de las autoridades y actores locales en la toma de desiciones.,Sí,Técnicos y algunos beneficiarios han participado en intercambios de experiencias a nivel regional y nacional.,Mantener el vinculo con estas redes de colaboración y continuar en comunicación con la comunidad de aprendizaje.,Sí,Se logro incluir a las mujeres a través de talleres de transformación de leche en quesos.,Incorporar este enfoque para futuros proyectos.,Sí,Se cumplió con la meta establecida y se logro coordinar con la consultora Raquel Zepeda algunas sesiones para retroalimentación y escuchar las sensaciones de las beneficiarias.,Mantener este enfoque para futuros proyectos y buscar fortalecer los conocimientos en materia de enfoque de género.,De 30% a 59%,Sí,Se implemento el taller que elaboración de quesos y la instalación de huertos de traspatio.,Seguir incorporando y visibilizando el trabajo de las mujeres en las actividades ganaderas y de producción pecuaria.,Sí,Se logro que en esta última etapa se incorporan mas mujeres y que los beneficios fueran reduciendo las brechas.,Seguir trabajando y enfocando el esfuerzo en reducir estas brechas.,No,No se cuenta con algún protocolo para prevenir la violencia de género.,Construir como organización un protocolo o plan para prevenir la violencia de género.,No,No se han reportado casos de violencia de género en el subproyecto.,Estar atentos ante algún evento de violencia de género durante el cierre del subproyecto.,Sí,El mecanismo se difundió en esta última etapa del subproyecto en los talleres de quesos y visitas de seguimiento.,Seguir difundiendo el mecanismo durante el cierre del subproyecto.,Oficial de Programa
,,,14/8/2026 14:59:48,,caguilar@fondoeltriunfo.org,,CONECTA,,AMS2207023,Carla Aguilar,Fondo Regional,14/8/2026,"Campo, Reporte, Otras",Sí,- Para el cierre se finalizó con las actividades para la Brigada contra incendios y modelos participativos para ordenamiento territorial para senderos de ecoturismo así como mejora en te temas de género. ,NA,Sí, Todas las capacitaciones finales para el cierre del subproyecto fueron realizadas de manera participativa con el grupo de trabajo. ,Sin recomendaciones adicionales,Sí,"Se dio el cumplimiento de las actividades con el cierre de la brigada contra incendios, actividades del vivero y ordenamiento del territorio así como manejo agroecológico en los cafetales renovados. ",Sin recomendaciones adicionales,Sí,"Se lograron los avances en la visita, sorbe todo para la Misión fiduciaria de Banco Mundial en donde se obtuvo buena retroalimentación de la especialista en EAS. ",Sin recomendaciones adicionales,Sí,NA,Sin recomendaciones adicionales,Sí,- Se finalizaron los contratos de servicios de no consultoría con las viveristas y la birgada contra incendios realizados de acuerdo con el manual de oepraciones del proyecto. Se tuvo un acompañamiento constante del FONCET a la OLLC en temas administrativos para asegurar este cumplimiento. ,Sin recomendaciones adicionales,Sí,"Se definieron los roles desde un inicio para el pago, con los líderes de la brigada recibiendo mayor pago por al responsabilidad de mayores actividades. Se recibe el mismo pago por condiciones iguale de trabajo",Sin recomendaciones adicionales. ,No,NA,NA,N/A,NA,NA,Sí,"Se finalizó la brigada con equipamiento de radios de larga transmisión como se había solicitado en años anteriores, cumpliendo con la recomendación. ","Solicitaron las viveristas botas de hule para el trabajo en el vivero, se le recomendó a la OLLC incluir este tipo de equipamiento. ",Sí,Se cumplieron las metas de capacitaciones programadas para la brigada contra incendios.,Se recomienda vincular con instituciones para finalizar el programa de capacitaciones en manejo del fuego. ,Sí,En 2025 hubo consultas sobre el pago de jornales por el comienzo de la nueva fase se resolvieron durante la visita del año anterior y en la visita de 2026 ya existía una conformidad sobre los tiempos y pagos realizados. ,Sin recomendaciones adicionales,Sí,Se entregaron los últimos bioles realizados para las parcelas en el vivero comunitario. ,Sin recomendaciones adicionales,Sí,En la práctica la brigada realizaba acciones de limpieza y vigilancia contra caza en la zona. Se realizaron adecuadamente las actividades. ,Sistematizar en un manual visual para el vivero en donde se indiquen los reglamentos acordados para la gestión de residuos. ,N/A,NA,NA,Sí,Se realizaron acciones de manejo de residuos. ,Sin recomendaciones adicionales,Sí,Se equipó a la brigada con equipo para el manejo de fuego y actividades relacionadas. ,Junto con FONCET buscar recursos para mantener activa a la brigada y terminar la formación de los módulos de manejo de fuego. ,N/A,NA,NA,Sí,Una de sus actividades principales fue la formación de la brigada comunitaria contra incendios en donde se realizaron las prácticas y capacitaciones correspondientes cerrando en 2025. ,Sin recomendaciones adicionales,Sí,A través de la brigada comunitaria contra incendios se formaron en atención de primeros auxilios. ,NA,N/A,NA,NA,No,NA,NA,N/A,NA,NA,Sí,"Se finalizaron los monitoreos, además de biocomuni la OLLC implementó monitoreo de sistemas agroforestales el cual concluyeron en 2025. ",NA,Sí,"La renovación de cafetales incluyó la diversificación de especies para sistemas de sombra, producidas en el vivero comunitario (Se revisó que nos e necesitar permiso de manejo apra las especies).",Sin recomendaciones adicionales,No,,,,,,,,,,,,,,,,No,,,,Sí,"Durante la última visita para la misión Fiduciaria, las personas involucradas reconocían el rol de cada institución y del proyecto. ",Sin recomendaciones adicionales,Sí,El equipo técnico de COMIREN ha participado en foros de divulgación para presentar la experiencia junto con el ejido. ,Sin recomendaciones adicionales,Sí,"Para el cierre de CONECTA, se realizaron sesiones para un plan de maneo de ecoturismo, en donde todo fue mediante procesos participativos. ",Sin recomendaciones adicionales,Sí,La personas lideres del grupo de productores han participado en eventos de cierre. ,Sin recomendaciones adicionales,Sí,Se dio cumplimiento con la sesión de género indicada en le proyecto. ,"Al realizarse dentro de las sesiones de ordenamiento, se puede interpretar como asociado al tema de este componente y no como sesiones de aprendizaje. ",Sí,"Las actividades finalizaron con liderazgos formados de mujeres, un aumento en la participación de mujeres no sólo en el vivero sino en la toma de decisiones en las parcelas de café así como capacitaciones y participación en intercambios de experiencia. ",,De 30% a 59%,Sí,EL vivero finalizó las actividades con una mayoría de mujeres y responsables de la producción. ,Sin recomendaciones adicionales,Sí,Se pagaron las actividades a través de jornales con el mismo monto y el proceso de participación en las actividades fue voluntario. ,Sin recomendaciones adicionales,N/A,NA,NA,N/A,NA,NA,Sí,De manera verbal se presenta el MAQyC desde el FR en las visitas. ,NA,Coordinadora de Proyectos
,,,14/8/2026 15:15:42,,gwapan@fondoeltriunfo.org,,CONECTA,,AMS2207018,"Gregorio Wenceslao Apan Salcedo, Carla Aguilar de la Fuente",Fondo Regional,14/8/2026,"Campo, Reporte, Otras",Sí,"Para quienes trabajaron cercos eléctricos, se establecieron medidas de control de fauna, no hubo pequeñas construcciones.","El subproyecto tuvo mucho impacto positivo en campo en transición a silvopastoriles, la sequía intensa de 2025 y principios de 2026 impactó sobre la sobrevivencia de algunas plantas forrajeras, que correctamente lograron mitigar con el sistema de riego, lo que faltaría es el escalamiento de estas técnicas con miembros de la mancomún.",Sí,"La mayor parte del avance se centró en los riesgos laborales de trabajadores y del mismo productor en el manejo de los cercos electricos para evitar descargas, que si bien no son mortales, ayuda a evitar incidentes incomodos, además de como recogerlos durante lluvias para evitar desgaste de los equipos.  Se aseguró que no hubiese impacto con fauna nativa.",Sin recomendaciones.,Sí,"Se implementaron las medidas, particularmente en el cuidado de la no participación de las infancias en trabajo de manejo  ganadero. Se incentivó el cuidado de la fauna local.",Sin comentarios,Sí,"El técnico recibió capacitaciones en BP de ganadería, se presentaron los lineamientos de ECOGAN y se vinculó con el comité de fomento pecuario para que los productores complementaran capacitaciones en gestión de la contaminación, manejo de residuos y de plagas.",Sin comentarios.,Sí,"Considerando que están transitando a sistemas silvopastoriles, la propia implementación es una medida de mitigación ambiental en la ganaderia, sumando la división de potreros.",Considerar incorporación de bioles agroecológicos como complemento a la rotación de potreros para mejora de pasturas,Sí,"Durante el primer año, la ollc tuvo  que reestructurar estrategias para el manejo del 10% a reembolso, pero los últimos años mantuvo un manejo sano de la administración además de aprobar las auditorías aplicadas",Sin comentarios,Sí,"La organización consideró los apartados correspondientes de la partida 1,000 y 2000 para realizar los pagos justos para su personal así como quienes realizaban trabajos en campo para la reconversión y fortalecimiento de potreros",Sin comentarios,No,Durante las operaciones en campo nos aseguramos de que no hubiese participación de jóvenes menores de edad que pudiesen establecer una remuneración directa del proyecto ya que esto contradice elementos de los estándares por otra parte si bien es una presencia de compras con participación migrante en el municipio esto migrantes no participaron directamente en los proyectos ni fueron remunerados,,No,"No participan jóvenes menores de edad, por lo tanto no se afectan sus procesos de desarrollo",Sin comentarios ,N/A,No aplica,No aplica,Sí,"FONCET realiza la vinculación con Inifap, leche para el bienestar para mantener actualizados a los técnicos ",,Sí,"Se compartieron trípticos con el mecanismo, cada visita de Carla y de los técnicos se hace el recordatorio de su uso y se presenta su ubicación para consulta",,Sí,Los cercos eléctricos implementados son solares y se instalaron captadores de agua de lluvia que distribuyen el agua a partir de gravedad para el potrero y hacen uso de bombas solares,,N/A,No aplica,No aplica,Sí,Capacitaciones ante gusano barrenador y sujetos a las disposiciones del protocolo de sanidad del gobierno del estado. Se asegura la aplicación de los sangrados para asegurar ganado libre de tuberculosis y bruselosis,,Sí,"Se verificaron en reportes las acciones de seguimiento de conocimientos legales y normativos además de capacitaciones en ecogan Chiapas, certificado de Ganadería sustentable ",Sin comentarios,Sí,Se mantienen acciones de cuidado con gusano barrenador para evitar escalamiento a las personas y rabia,,Sí,"Cada ganadero mantiene insumos veterinarios bajo cuidado en sus bodegas, etiquetando todo",,Sí,Se dieron capacitaciónes para manejo del fuego y contacto con protección civil para cuidado de incendio de pastizales,,Sí,"El grupo colabora con FONCET en la red de innovación ante eventos hidro meteorológicos, se difundió el protocolo diseñado para evitar perdidas durante contingencias ambientales",,Sí,"Se reportaron las inundaciones de 2025 evitando traslados innecesarios a la costa tras caídas de puentes, se estableció red de colaboracion",,No,,,N/A,No aplic,No aplica,N/A,,,Sí,Se hacen ordenamientos parcelarios.con compromisos de conservación y potreros liberados,,No,,,,,,,,,,,,,,,,No,,,,Sí,Se presentan avances mensuales del técnico con los productores involucrados en el subproyecto para verificar avances,,Sí,"Participan productores en intercambios de experiencia, foro de ganadería y encuentro de expertos silvopastoriles",,Sí,Mecanismo de rendición de cuentas,,N/A,,,Sí,Se comenta el liderazgo de las mujeres productoras y se organizan intercambios específicos de mujeres en los proyectos para que sean espacios seguros de participación entre ellas y ha sido todo un éxito en los últimos tres años,,Sí,Se ha involucrado una buena proporción de mujeres participando en el proyecto además de las estrategias de difusión que superan el 30% comprometido el proyecto,,De 30% a 59%,Sí,Se realizaron intercambio de experiencia dos de ellos específicos e intercambios para mujeres y con traslados fuera del estado para que conocieran las actividades de los subproyectos los otros estados conecta,,Sí,En su proyecto ha realizado cronogramas y calendarios para verificar los tiempos de trabajo que sean equitativos entre hombres y mujeres,,Sí,Se soluciona acuerdos de colaboración al inicio entre los grupos de trabajo y se mantiene abierta la comunicación para hacer uso del mecanismo de quejas sugerencias en caso de alguna transgresión,,Sí,Sí se da el acompañamiento y se atienden en caso de ser reportados a través de los mecanismos que ejercen sugerencias y siempre se hace mucho hincapié en que el trabajo nuestro proyecto es un espacio seguro para mujeres y jóvenes,,Sí,Se ha facilitado el mecanismo directamente a las mujeres a través de la coordinadora Carla,,"Director de Conservación y Sustentabilidad, Coordinadora de Proyectos"
,,,14/8/2026 15:49:00,,caguilar@fondoeltriunfo.org,,CONECTA,,AMS2207021,Carla Aguilar,Fondo Regional,21/8/2026,"Campo, Reporte, Otras",Sí,Se implementaron capacitaciones en 2026 de bioinsumos para parcelas así como la renovación de acuerdos informados del proyecto.,Sin recomendaciones adicionales,Sí,Se realizaron capacitaciones con metodologías participativas relacionadas a la mejora del suelo y sistemas agroforestales,Sin recomendaciones adicionales,Sí,Se integraron las acciones de manejo y capacitaciones en temas de manejo agroecológico.,Para próximos proyectos hacer un análisis de sistemas de riego ya que se identificó como uno de los riesgos para fortalecer los sistemas agroforestales.,Sí,Si se llevó un acompañamiento cercano con la OLLC para identificar y dar seguimiento a situaciones de mejora de la implementación de actividades en campo. La OLLC llevó a cabo las mejoras sugeridas a través de alianzas estratégicas apra el fortalecimiento de las capacitaciones.,Sin recomendaciones adicionales,Sí,Se consideran suficientes.,"Se agregaría una revisión final sobre riesgos para el éxito del proyecto como lecciones aprendidas y buenas prácticas de la misma OLLC. Ejemplo, riesgos es implementar sistemas de riego para plantaciones de SAFs y buenas prácticas vinculaciones estratégicas para atender necesidades observadas como capacitaciones en manejo de cacao.",Sí,"Sre realizaron las mejoras en el subproyecto prioritarias para la Fase III. En la visita de supervisión el grupo de productores expresó la mejora en las capacitaciones, en el manejo de las actividades y necesidades de las personas productoras.",Continuar con procesos de socialización en cada fase.,Sí,Se acompañó a la OLLC para el cumplimiento de los procesos administrativos y asegurar que los servicios de no consultoría recibieran un pago igualitario.,Sin recomendaciones adicionales,No,NA,NA,N/A,NA,NA,N/A,NA,NA,N/A,NA,NA,Sí,"En la visita de supervisión se realizó una reunión con el grupo de trabajo para revisión de los acuerdos previos para la mejora del subproyecto. En esta se hablaron sobre las mejoras en implementación, capacitaciones de la OLLC, el cumplimiento de los acuerdos.",Realizar reuniones trimestrales con los GP cuando hay condiciones de poco tejido social.,Sí,Se realizó un programa de capacitación que incluyó sesiones de manejo agroecológico y con bioinsumos para las plantaciones de cacao dentro de los SAFs.,Continuar con temas de ecotecnias ara mejora de sistemas de riego,No,"Se identificaron mejoras en gestión de residuos de los viveros nivel general, aún se necesita una mejora.",Todavía hay parcelas que no han reutilizado sus bolsas de vivero.,Sí,Se finalizó el programa de formación para sistemas agroforestales de cacao incluyendo métodos agroecológicos de manejo y fertilización.,Sin recomendaciones adicionales,Sí,NA,Sin recomendaciones adicionales,N/A,NA,NA,N/A,NA,NA,N/A,NA,NA,N/A,NA,NA,N/A,NA,NA,No,SC,Sin recomendaciones adicionales,N/A,NA,NA,Sí,Se realizaron los monitoreos de agua y biodiversidad del proyecto.,Sin recomendaciones adicionales,Sí,"El programa está basado en sistemas agroforestales para la reconversión de zonas degradadas. Al finalizar el proyecto, al menos 10 productores cuentan con las condiciones para ingresar al programa de carbono de Scolel'te en donde se les paga por áreas de reconversión.",Sin recomendaciones adicionales,No,,,,,,,,,,,,,,,,No,,,,Sí,"Se continuaron los acuerdos para la fase III a partir del acuerdo informado con el grupo de integrantes, a partir de las recomendaciones de mejora con el GP.",Sin recomendaciones adicionales,N/A,NA,NA,Sí,En la última fase se enfatizó y mejoró el tipo de acuerdos informados entre el equipo técnico y los grupos de trabajo.,Sin recomendaciones adicionales,No,Sólo las personas que participaron en los intercambios conocieron el alcance del proyecto pero no todo el grupo de trabajo.,Mejorar la coordinación el GP y FONCET para presentar la comunidad de aprendizaje del rpoyecto.,Sí,"Entre FONCET y la OLLC coordinamos las acciones para los talleres en finanzas para mujeres productoras, AMBIO coordinando el traslado y viáticos de las mujeres del grupo apra su participación. Y FONCET con la logística del evento. Las mujeres de la comunidad tuvieron una evaluación de más del 85% del conocimiento del taller.","Sin recomendaciones adicionales,",Sí,"Se fortalecieron los liderazgos, por ejemplo la técnica comunitaria posterior a la fase II participó en diversos proyectos ya como especialista en temas de ganadería y restauración. Como un buen resultado de fortalecimiento de las capacidades de la gente .",Sin recomendaciones adicionales,De 30% a 59%,Sí,Se realizaron sesiones de presentación para Fase III de personas que quisieran mejorar con reconversión de SAFs o cercos vivos incluyendo la participación de mujeres al proyecto.,"Con un fortalecimiento de los vínculso comunitarios, fomentar espacios de intercambio de conocimiento y experiencias entre las mujeres del proyecto.",Sí,"Se identificaron igualdad de oportunidades de participación, así como un modelo de intervención de unidad familiar tanto en las capacitaciones como en los viveros para implementar SAFs de cacao.",Sin recomendaciones adicionales,N/A,NA,NA,N/A,NA,NA,Sí,"Se realizaron reuniones con el Grupo de trabajo para conocer el avance, retos y seguimiento de acuerdos.",Realizar reuniones de manera más continua.,Coordinadora de Proyectos
,,,14/8/2026 16:39:02,,caguilar@gmail.com,,CONECTA,,AMS2207020,Carla Aguilar,Fondo Regional,14/8/2026,"Campo, Reporte, Otras",Sí,"- Se realizaron sesiones de género para las mujeres
- Se incluyeron capacitaciones en manejo agroecológico avanzado",Sin recomendaciones adicionales,Sí,Se realizaron las últimas reuniones para el manejo agroecológico de los cafetales y potreros así como resultados finales de las mejoras en la salud del suelo a partir de un manejo agroecológico promovido por el subrpoyecto. ,Sin recomendaciones adicionales,Sí,Se implementaron las medidas de manejo agroecológico en ambos grupos de trabajo,Sin recomendaciones adicionales,Sí,La OLLC presentó mejoras en el manejo de riesgos. ,Sin recomendaciones adicionales,Sí,Se atendieron las recomendaciones. ,"En futuros proyectos integrar aspectos de fortalecimiento en temas organizativos en el medio término, ya que se consideró pero por tiempos administrativos no se pudo integrar la consultoría considerada al cierre del subproyecto. ",Sí,La organización cumplió con todas las actividades estipuladas conforme al manual de operaciones. ,Sin recomendaciones adicionales,N/A,La OLLC no maneja pago de jornales ni trabajo remunerado con los grupos de trabajo. ,Sin recomendaciones adicionales,No,NA,NA,N/A,NA,NA,Sí,Se ha mejorado el tema de inocuidad del grupo de ganaderos y del grupo de café con galeras y secadores solares. ,"Reforzar el tema de uso de equipo de protección para el manejo de cafetales, ya que un incidente con maquinaria (fuera del proyecto y su incidencia) de un productor recordó al grupo la importancia del mismo, la OLLC puede reforzar estos mensajes en espacios compartidos. ",No,No se identificaron avances al respecto,Reforzar las medidas de prevención de riesgos en el manejo de sistemas agroforestales,Sí,"En las vivistas se realizó reuniones con el grupo de trabajo para revisar el tema de acuerdos, retos y consultas. ",Sin recomendaciones adicionales,Sí,"Se realizan bioinsumos para el manejo de potreros y de cafetales, así como paneles solares para sistemas de riego en los potreros ganaderos. ",Sin recomendaciones adicionales,Sí,Se realizan actividades informales pero nos e cuenta con un plan de gestión de residuos,Formalizar con algún documento visible dentro de los espacios colectivos de trabajo de ambos grupos. Ya sea con los reglamentos y acuerdos de gestión de residuos.,Sí,Se cuenta con acciones para el manejo de plagas de manera agroeecológica. ,Misma recomendación: Formalizar con algún documento visible dentro de los espacios colectivos de trabajo de ambos grupos. Ya sea con los reglamentos y acuerdos de gestión de residuos.,Sí,El enfoque del subproyecto es de manejo agroecológico. ,Misma recomendación: Formalizar con algún documento visible dentro de los espacios colectivos de trabajo de ambos grupos. Ya sea con los reglamentos y acuerdos de gestión de residuos.,N/A,NA,NA,N/A,NA,NA,N/A,NA,Coordinar actividades con la brigada del ejido vecino de Loma Bonita para acciones en conjunto. ,N/A,NA,NA,N/A,NA,NA,No,Se incentivó hasta finalizar el proyecto la participación de todas las personas de la unidad familiar en las capacitaciones y actividades de implementación en campo. ,Sin recomendaciones adicionales,N/A,NA,NA,Sí,La OLLC con el 100% de monitoreos de biodiversidad y de agua comprometidas en el proyecto.,Sin recomendaciones adicionales. ,Sí,"Se tiene un vivero para ganadería, para plantas forrajeras con recursos complementarios, manejo agroecológico impulsado por el subproyecto. ",Sin recomendaciones adicionales,No,,,,,,,,,,,,,,,,No,,,,Sí,En las reuniones de seguimiento se han presentado lso avances y resolución de dudas del proyecto en ambos grupos. ,Sin recomendaciones adicionales,Sí,FONCET ha continuado con el apoyo a ambos grupos de trabajo mediante convocatorias complementarias a las actividades base de CONECTA para asegurar el éxito de la transición a sistemas sostenibles. ,Sin recomendaciones adicionales,Sí,Se ha trabajado con los equipos técnicos para la vinculación de estos recursos desde FONCET y en apoyo de FORO PARA EL DESARROLLO SUSTENTBLE,Sin recomendaciones adicionales,N/A,Los grupos de trabajo han participado en todos los espacios de comunidad de aprendizaje de CONECTA. ,Sin recomendaciones adicionales,Sí,Se realizaron reuniones semestrales con als mujeres de cada grupo para identificar necesidades y poder crear planes de trabajo junto con la directora de Foro. ,Sin recomendaciones adicionales,Sí,Formación de liderazgos en ganadería y una participación del más de 50% en el grupo de ganadería es un resultado muy importante. ,"Con la menor participación de mujeres de 3 de mayo a partir de las necesidades, reforzar acciones que permitan su participación. ",De 30% a 59%,Sí,Toda la unidad familiares es invitada a todas las actividades del proyecto. ,Sin recomendaciones adicionales,N/A,NA,NA,Sí,Se cuenta con un reglamento interno en ambos grupos para asegurar desde los grupos que hay una división de responsabilidades equitativa entre las y los miembros del grupo. ,Sin recomendaciones adicionales,N/A,NA,NA,Sí,FONCET ha presentado el mecanismo en las reuniones de seguimiento. ,Sin recomendaciones adicionales,Coordinadora de proyectos
,,,14/8/2026 16:48:31,,gwapan@fondoeltriunfo.org,,CONECTA,,AMS2207019,Gregorio Wenceslao Apan Salcedo ,Fondo Regional,14/8/2026,"Campo, Reporte, Otras",Sí,Sí el su proyecto mantuvo la implementación de sistemas de ganadería regenerativas y los pastoriles producción de insumos agroecológicos como super magro y otros componentes enriquecedores de suelo elaborados de forma orgánica y sin generación de residuos,Posibilidad de pensar en cómo comercializar estos productos porque sí son a un volumen considerable que se produjo,Sí,Durante la implementación del su proyecto se difundieron los posibles riesgos que podrían ocurrir por su implementación particularmente en la transición de una silvasoriles como las plagas que pudiesen resultar por algunas especies de interés sin embargo se diversificaron las estrategias para evitar esto todo eso fue comunicado con la comunidad con el grupo el inicio del proyecto y durante el proceso de seguimiento para eso se construye una herramienta de moldeo elaboradas por el mismo técnico,Sin comentarios,Sí,En su proyecto como tal es la medida de mitigación ante los efectos de la ganadería sobre suelo y sobre los otros componentes que alinean y promueven la deforestación en el sitio,Sin comentarios,Sí,P sí el su proyecto cuenta con los conocimientos y además el técnico está preparado en acciones de manejo agroecológico y elementos para reducción de impactos en la ganadería impactos ambientales negativos,Mayor orden en la sistematización de la información,Sí,Y las mías consideradas son suficientes y superan los riesgos considerados para territorios,Sin comentarios,Sí,Sí en su proyecto ha mantenido todas su operación con forma manual de operaciones tanto para las adquisiciones como para la distribución de los materiales entre los productores,Mayor orden en la información para sistematizar,Sí,Sí el personal involucrado recibe de forma equitativa las acciones esto se ha supervisado de la perspectiva administrativa contra gastos y pagos de nómina y también lo consideraron la partida 2000,Sin comentarios,No,Durante las supresiones en campos aseguró que no participarán infantes y que no estuviesen migrantes participando en las acciones del proyecto,,N/A,,,N/A,,,Sí,En ese su proyecto se implementó el pilotaje de cogan por lo tanto muchas de las buenas prácticas de producción sostenible el manejo del sitio en términos de registro se mantuvieron revisadas por los técnicos y con capacitaciones por personal del comité de fomento agropecuario,,Sí,Sí el Manuel fue difundido en presentaciones grupales al arranque del proyecto y con recordatorio semestrales por parte del técnico se ha facilitado un trípticos y códigos QR para los productores para que puedan tener acceso a este mecanismo,Sin comentarios,Sí,Los arcos eléctricos que se implementaron son de energía solar bombas de agua solar también y aprovechamientos de ramitas como el ariete además establecer una biofábrica con solo recursos propios locales que les está sirviendo para alimentar los potreros y los sitios de producción de forma sostenible,Sin comentarios,N/A,,,Sí,Tras la crisis del gusano barrador en la región se estableció un protocolo entre los productores por parte del técnico para asegurar el saneamiento y evitar heridas entre el ganado que pudiera ser vector de contaminación de la enfermedad por el gusano gobernador también para brucelosis y tuberculosis además se sumó el barrido de libre brucelosis tuberculosis y rabia entre el ganado de los productores,Sin comentarios,Sí,Todos los productores y el técnico participaron en los procesos de capacitación para control de vector de enfermedades y plagas particularmente gusano barrenador ante la campaña estatal que se realizó además de asegurar que todos los productores tuviesen el barrido de libre brucelosis tuberculosis y rabia,Sin comentarios,Sí,Los productores forman parte de la red de innovación de atentos hidrometeorológicos extremos que es uno de los posibles elementos que ponen riesgo de la comunidad y sirve para saber qué hacer en caso de contingencias ambientales de este tipo,Sin comentarios,Sí,Los productores realizan y controlan el uso de insumos veterinarios los mantienen en bodegas etiquetados en lugares frescos manteniendo el control de ahí todos los residuos que pudiesen generarse se depositan de manera segura sin contenedores específicos para esos residuos y les pusieran a su disposicion final,,Sí,Los productores tienen una estrategia de control de emergencia en pastizales en caso de que llegan a ocurrir pero nunca hubo contingencias,,Sí,Aquí es donde aplica el protocolo de atención ante eventos hidrometeorológicos en caso de emergencias y fue activado durante el 2025 con las lluvias torrenciales que tiraron algunos puentes de ahí no hubo necesidad de que los productores se movilizaran todos lo tuvieron bajo control,,N/A,,,N/A,,,N/A,,,Sí,Los productores aplicaron la metodología de biocomnio para monitoreo de aves mamíferos este hipotreros se cuentan con los resultados y los sistematizaron de forma eficiente sus datos fueron compartidos ante el técnico y presentados en los intercambios de experiencia,,Sí,Propia implementación de silvapazoides y destino de áreas a conservación fue lo que mantuvo el su proyecto operativo y en buen,,No,,,,,,,,,,,,,,,,No,,,,Sí,Toda la información de su proyecto ha sido facilitada y constantemente atendida por los grupos del proyecto se generó un calendario y semáforo de avances en su proyecto también para ir considerando entre los productores que tanto compromiso han tenido en los procesos de trabajo el técnico ha tenido algunos atrasos pero y descontentos pero sí se ha dado seguimiento,,Sí,Se habrán revisado foros de ganadería donde los productores han participado y han presentado en Pijijiapan en Tuxtla Gutiérrez en palenque uno de los productores es el primer beneficiario del sello ecogan Chiapas,,Sí,El grupo cuenta con un edificio para cómo funciona como oficina para ellos destinado de forma voluntaria les ha permitido coordinarse para poder dar seguimiento a la implementación de viveros distribución de los beneficios de forma equita y justa,,Sí,Todos toman decisión a partir de la asambleas mensuales que están realizando como parte de reproductores hacen las aportaciones necesarias para que los miembros puedan transportarse para algún evento solicitud asimismo ya cuentan con RFC y están en condiciones óptimas para impulsar su desarrollo como empresa,,Sí,Se ha fortalecido mujeres líderes de su proyecto y todas han participado en los espacios de liderazgo así mismo han formado parte de los intercambios específicos de mujeres para que formaran redes de trabajo de tal forma que a la fecha de este su proyecto mantiene una relación positiva entre actores hombres y mujeres,,Sí,Sí se ha tenido un avance considerable en el proceso y una de las líderes del sistema de su proyecto es la maestra Marisela,,De 30% a 59%,Sí,La asamblea del grupo de trabajo está equilibrada entre hombres y mujeres,,Sí,,,Sí,Como su proyecto el grupo de trabajo ha establecido los protocolos y los intercambian entre los actores en la asambleas mensuales que tienen,,Sí,Constantemente se hace la precisión de que su proyecto es un espacio seguro de mujeres ante cualquier duda ante cualquier queja los canales han estado abiertos con la coordinadora del proyecto y han sido atendidos específicamente en el seguimiento del técnico pero ninguna relacionado con el alerta de género,,Sí,Sí se cuentan con los espacios y los mecanismos en línea y físicos para que puedan conocer el Mac entre los miembros de su proyecto,,Director de conservación y Sustentabilidad 
16,5-8-25 9:36,5-8-25 10:03,,anónimo,,,CONECTA,"Producción de biofertilizante orgánico y biogás mediante biodigestores en las zonas ganaderas de las cuencas Ameca-Mascota, Pitillal, Cuale, Las Juntas y el Tuito en el estado de Jalisco",AMS2207012,KATHIA CONTRERAS,Fondo Regional,18/6/2025,Campo;Reporte,Sí,,,Sí,,,Sí,,,Sí,,,Sí,,,Sí,,,Sí,,,No,,,N/A,,,Sí,,,Sí,,,Sí,,,Sí,,,Sí,,,N/A,,,Sí,,,Sí,,,Sí,,,N/A,,,Sí,,,N/A,,,No,,,N/A,,,Sí,,,Sí,,,No,,,,,,,,,,,,,,,,No,,,,Sí,,,Sí,,,Sí,,,Sí,,,Sí,,,Sí,,,De 0% a 29%,Sí,,,Sí,,,No,,,Sí,,,Sí,,,ASISTENTE TÉCNICA DE MONITOREO Y SALVAGUARDAS
15,30-7-25 17:03,30-7-25 17:34,,anónimo,,,CONECTA,Sistemas Integrales de Producción Sustentable de Sierra Occidental y Costa (SIPSSOC),AMS2207013,Kathia Contreras / Forencia Cicchini,Fondo Regional,16/6/2025,Campo;Reporte,Sí,,,Sí,,,Sí,,,Sí,,,Sí,,,Sí,,,Sí,,,No,,,N/A,,,Sí,,,Sí,,,Sí,,,Sí,,,No,,,Sí,,,Sí,,,Sí,,,N/A,,,Sí,,,No,,,No,,,No,,,N/A,,,Sí,,,Sí,,,N/A,,,,,,,,,,,,,,,,N/A,,,,Sí,,,Sí,,,Sí,,,Sí,,,Sí,,,Sí,,,De 30% a 59%,Sí,,,Sí,,,No,,,Sí,,,Sí,,,Asistente Técnico de Monitoreo y Salvaguardas / Oficial de Género y Vulnerabilidad
17,5-8-25 10:07,5-8-25 10:24,,anónimo,,,CONECTA,"Transición a la ganadería regenerativa en Ixhuacán de los Reyes, Veracruz",AMS2207045,ISAURO CORTÉS,Fondo Regional,13/3/2025,Campo;Reporte,Sí,,,Sí,,,Sí,,,Sí,,,Sí,,,Sí,,,Sí,,,No,,,N/A,,,N/A,,,No,,,Sí,,,Sí,,,No,,,No,,,Sí,,,Sí,,,N/A,,,N/A,,,No,,,N/A,,,No,,,No,,,Sí,,,Sí,,,No,,,,,,,,,,,,,,,,No,,,,Sí,,,Sí,,,Sí,,,Sí,,,Sí,,,Sí,,,De 30% a 59%,Sí,,,No,,,No,,,N/A,,,Sí,,,OFICIAL DE DESARROLLO SOSTENIBLE
20,7-8-25 13:48,7-8-25 14:06,,anónimo,,,CONECTA,Resiliencia y competitividad pecuaria,AMS2405001,"Priscila Mendoza,  Jiangsu Olea, Gabriela Guerrero",FMCN;Fondo Regional;Donante,16/12/2024,Campo;Reporte,Sí,"Recursos para visitas de acompañamiento y supervisión para la ejecución de las actividades y obras, y de acompañamiento a los productores para el llenado de bitácoras sobre registros de producción pecuaria.",,Sí,Se han socializado los avances de las actividades financiadas a las personas beneficiarias. Incluyendo las medias de mitigación y buenas prácticas.,,Sí,"Recursos para visitas de acompañamiento y supervisión para la ejecución de las obras, y de acompañamiento a los productores para el llenado de bitácoras sobre registros de producción pecuaria.  Se instaló una rampa de escape  que evita el ahogamiento de aves en el bebedero móvil, elaborada con materiales del potrero ganadero.",,Sí,La OLLC cuenta con un equipo multidisciplinario que da seguimiento a los aspectos técnicos y EAS con énfasis en las actividades de producción pecuaria.,,Sí,"Si se consideran suficientes, no obstante, el Anexo 5 es un documento vivo que puede actualizarse durante la implementación.",Revisar de manera periódica el Anexo 5 para identificar las medidas implementadas y aquellas que requieren implementarse con base en las actividades programadas.,Sí,"La OLLC cuenta con un equipo multidisciplinario que brinda acompañamiento para el desarrollo de las actividades en aspectos técnicos, administrativos y de EAS.",,N/A,El trabajo que los productores han realizado ha sido de carácter voluntario en sus parcelas.,,No,,,N/A,,,Sí,"Se brindó a cada comunidad un botiquín de primeros auxilios. Asimismo, el equipo técnico brindó acompañamiento en campo en la ejecución de las obras de instalación de cercos y keyline.",,Sí,"Se ha capacitado a las y los productores sobre medidas de seguridad y los insumos que requieren aplicar al ganado para la sanidad. Por ejemplo, la forma correcta de palpar al ganado y las medidas para prevenir accidentes.",,Sí,"FMCN ha difundido el MAQC con los productores del subproyecto en la visita de arranque del subproyecto, en los talleres de monitoreo comunitario de la biodiversidad y del agua, y en los intercambios de experiencias como el Encuentro de Mujeres y el Encuentro Ganadero.",,Sí,"Las capacitaciones sobre ganadería regenerativa, obras de Keyline, desazolve de presones y las charlas de sensibilización ambiental tienen por objetivo el uso eficiente sostenible de los recursos.",,Sí,"Aunque no se tiene elaborado un Plan formal, en la visita a campo se identificó que las áreas intervenidas se encuentran libres de residuos, incluyendo aquellos derivados del desazolve del preson. Asimsimo, en las capacitaciones la OLLC separa y retira los residuos del lugar.",,N/A,,,Sí,"Se realiza gestión de residuos derivado de la producción pecuaria (manejo y uso de estiércol para la auto fertilización de suelos, insumos veterinarios, desazolve de preson). La rotación de ganado en los potreros ayuda a romper el ciclo de la garrapata lo que significa la reducción de desparasitantes como las ivermectinas.",,N/A,,,N/A,,,No,,,No,No cuentan con un Plan de Respuesta ante Emergencias,Se recomienda elaborar un Plan que identifique los centros de salud más cercanos y contactos de emergencia.,N/A,,,No,,,N/A,,,Sí,Midieron la capacidad de carga de los agostaderos.,,Sí,"Con las capacitaciones los productores han identificado prácticas nocivas para la biodiversidad que están comenzando a dejar, como el uso de ivermectinas.  La restauración de los suelos y el pastoreo planificado también contribuyen a la conservación de la biodiversidad.",,No,,,,,,,,,,,,,,,,No,,,,Sí,"Las y los productores conocen el proyecto, tienen una participación efectiva en el diseño e implementación de las actividades, conocen su naturaleza y alcances.",,No,,,Sí,"La OLLC realizó reuniones de planeación y de devolución de resultados con el grupo de productores.  Incluso, los productores mencionan que el subproyecto los ha unido como Ejido, incluyendo la participación de otras comunidades.",,Sí,"Han participado en eventos de la Comunidad de Aprendizaje e intercambios impulsados por el subproyecto, entre ellos destacan: Capacitación con productores de ejido Janos para la elaboración de bloques nutricionales; Encuentro de mujeres en la ganadería y la conservación; Segundo Encuentro Ganadero del Desierto Chihuahuense.",,Sí,Número de acciones afirmativas de género implementadas,,Sí,"Tuvieron un taller para las mujeres; las capacitaciones las realizan en fines de semana, días en que más se les facilita asistir a las mujeres.",,De 30% a 59%,Sí,"Las capacitaciones son en fines de semana para facilitar la participación. La ubicación para las capacitaciones es en el rancho La Campana del Inifap, que se ubica en un punto intermedio entre las localidades.",,Sí,El subproyecto ha buscado distribuir los beneficios y responsabilidades de manera equitativa.,,N/A,,,N/A,,,Sí,FMCN ha difundido el MAQC a los productores en visitas al subproyecto y eventos de capacitación y de intercambios de experiencias.,,Responsable técnica del proyecto en Chihuahua
19,7-8-25 12:10,7-8-25 12:59,,anónimo,,,CONECTA,"PRODUCCIÓN DE BIOFERTILIZANTE ORGÁNICO Y BIOGÁS MEDIANTE BIODIGESTORES EN LAS ZONAS GANADERAS DE LA CUENCA JAMAPA, EN EL ESTADO DE VERACRUZ",AMS2207047,ISAURO CORTES,Fondo Regional,22/11/2024,Campo;Reporte,Sí,LAS MEDIDAS DE MITIGACIÓN Y BUENAS PRÁCTICAS ESTÁN CONSIDERADAS EN EL POA VIGENTE,NINGUNA,Sí,LA ORGANIZACIÓN REALIZA TRABAJO DE ACOMPAÑAMIENTO CON LOS PRODUCTORES QUE IMPLEMENTAN BIODIGESTOR PARA QUE TENGAN CONOCIMIENTO DE LOS POSIBLES RIESGOS,NINGUNA,Sí,SE AÑADIÓ UNA TAPA DE GEOMEMBRANA AL DEPÓSITO DEL BIOFERTILIZANTE PARA QUE SIEMPRE PERMANEZCA TAPADO Y NO GENERE MALOS OLORES. SE CONTINUARÁ CON LOS RECORRIDOS CONSTANTES PARA VERIFICAR LA INSTALACIÓN DE LA PARRILLA DE MESA Y LA CONDUCCIÓN DE BIOGÁS.,,Sí,LA OLLC CUENTA CON TÉCNICOS ESPECIALIZADOS CON EXPERIENCIA EN EL TEMA,NINGUNA,Sí,,,Sí,LA OLLC OPERA CONFORMA AL MANUAL DE OPERACIONES DEL PROYECTO Y CONSIDERA ASPECTOS DE SALUD Y SEGURIDAD EN LAS ACTIVIDADES CON CONCORDANCIA CON EL MGAS,,Sí,,,No,,,N/A,,,Sí,SE PROPORCIONA EQUIPO ACORDE A LAS ACTIVIDADES PARA LA INSTALACIÓN Y OPERACIÓN DE BIODIGESTORES,,Sí,"SI, CAPACITAMOS Y ACOMPAÑAMOS A LOS PRODUCTORES QUE HA SIDO BENEFICIADOS CON UN BIODIGESTOR",,Sí,SE HA PROPORCIONADO INFORMACIÓN COMO INFOGRAFÍAS RELACIONADAS CON EL  MAQYC,,Sí,"SE REALIZAN DIAGNÓTICOS PARA DEFINIR LA VIABILIDAD ENTRE POSIBLES BENEFICIARIOS, LOS BIODIGESTORES OPERAN CON EL USO DE RESIDUOS DE LA AGRICULTURA Y GANADERÍA COMO ESTIERCOL Y RATROJO",,Sí,CONTAMOS Y PROPORCIONAMOS MANUALES DE OPERACIÓN DEL BIODIGESTOR Y MANEJO DE RESIDUOS.,,Sí,EL MANUAL INCLUYE BUENAS PRÁCTICAS PARA EL ADECUADO MANEJO DE RESIDUOS,,Sí,"SI, LOS TÉCNICOS DE LA OLLC CUENTA CON PERSONAL CAPACITADO Y CON EXPERIENCIA EN LA INSTALACIÓN Y MANEJO DE BIODIGESTORES",,Sí,"EL MANUAL INCLUYE BUENAS PRÁCTICAS PARA LA CORRECTA OPERACIÓN Y USO, ADICIONALMENTE SE TOMAN MEDIDAS PARA REDUCIR RIESGOS COMO LA VERIFICACIÓN DE CONEXIONES, CERCDO DEL BIODIGESTOR, COLOCACIÓN DE SEÑALÉTICA",,Sí,SE CUANTA CON PROTOCOLO EN CASO DE EMERGENCIAS DERIVADO DE LA PRODUCCIÓN Y USO DE BIOGAS,,N/A,,,Sí,"SE PROPORCIONA A LOS PRODUCTORES UN PROTOCOLO EN CASO DE INCIDENTE, TELEFONOS DE EMERGENCIA Y EN CASO DE REQUERIR ACOMPAÑAMIENTO",,N/A,,,No,,,N/A,,,Sí,"MONITOREO COMUNITARIO DE SUELO, AGUA Y BIODIVERSIDAD",,Sí,"EL USO Y GESTIÓN DE RESIDUOS DE AGRICULTURA Y GANADERÍA, PRODUCCIÓN DE BIOL PARA LA FERTILIZACIÓN Y NUTRICIÓN DE CULTIVOS Y SUELOS",,No,,,,,,,,,,,,,,,,No,,,,Sí,SE MANTIENEN REUNIONES PERIODICAS CON LOS PRODUCTORES Y SE REALIZA EL ACOMPAÑAMIENTO CERCANO,,Sí,"EL SUBPROYECTO, ALCANCES Y RESULTADOS SON SOCIALIZADOS EN ESPACIOS DE PARTICIPACIÓN LOCAL",,Sí,SE HA TENIDO PARTICIPACIÓN CON LA ORGANIZACIÓN GANADERA LOCAL,,Sí,"LOS PRODUCTORES ASISTEN A INTERCAMBIOS DE EXPERIENCIAS, LOS TÉCNICOS DE LA OLLC A LA SICC, ASÍ COMO EN DIVERSOS CURSOS DE CAPACITACIÓN",,Sí,,,Sí,,,De 0% a 29%,Sí,"LAS MUJERES SE VEN BENEFICIADAS CON LAS PARRILLAS PARA COCINAR CON EL BIOGAS, ACTUALMENTE INCORPORAN HUERTOS DE TRASPATIO PARA LA PRODUCCIÓN DE HORTALIZAS",,Sí,"UN BIODIGESTOR VA ACOMPAÑADP DE UNA PARRILLA, INCLUYENDO HUERTOS DE TRASPATIO",,N/A,,,N/A,,,Sí,,,OFICIAL DE DESARROLLO SOSTENIBLE
18,7-8-25 11:37,7-8-25 11:48,,anónimo,,,CONECTA,Difusión y fortalecimiento de Bosque Comestibles de alto valor como freno al cambio de usos en la cuenca media de La Antigua.,AMS2412002,Isauro Cortés,Fondo Regional,24/3/2023,Campo,Sí,Las actividades verificadas cuentan con recursos para implementar las medidas expuestas en el anexo 5,Seguir fortaleciendo las acciones que mitiguen los impactos negativos con el involucramiento de los beneficiarios.,Sí,Los beneficiarios conocen las directrices del subproyecto,Ir documentando los hallazgos y lecciones aprendidas en la implementación de los Bosques comestibles.,Sí,Se observa que la implementación de módulos y vivero se están contemplando las medidas del anexo 5.,Se recomienda documentar y plasmar en el próximo reporte las evidencias .,Sí,La OLLC cuenta con una amplia experiencia en la materia y en coordinación con los promotores y agentes locales se logran potencializar los impactos.,"Tratar de involucrar a otros actores locales de la comunidad como el ejido, los prestadores de servicios, escuelas, entre otros.",Sí,En el grado de avance en que se encuentra el subproyecto se han implementado acciones que van encaminadas a contribuir al cumplimiento de metas y reducción de impactos negativos.,"Explorar un plan de manejo de la biofábrica que se esta hechando a andar, sobretodo para evitar algun riesgo por el manejo de residuos.",Sí,Se siguen los lineamientos de contratación de apoyo en campo y pago de seguro a los monitores.,,N/A,,Revisaremos los pagos a los trabajadores y jornales.,No,,,N/A,,,Sí,Los trabajadores cuentan con los elementos necesarios para desarrollar sus trabajo.,Buscar en el mediano y largo plazo contar con algun seguro contraaccidentes en campo.,No,No se identifico. Pero varios de los beneficiarios son prestadores de servicios turísticos y cuentan con elementos básicos de atención a emergencias.,Buscar alguna capacitación en primeros auxilios.,Sí,Se sigue difundiendo el MAQyC,Aprovechar las reuniones  para recordar el mecanismo.,Sí,Se observa la implementación de un vivero con especies locales de alto valor comercial.,Difundir la experiencia del vivero y la biofábrica.,No,No se hace uso de materiales peligrosos; sin embargo se esta construyendo una biofábrica la cual deberá tener un plan de manejo de residuos.,Consolidar la biofábrica con su plan de uso y manejo de residuos.,No,"Todavia no se han identificados plagas, pero uan vez instalados los modulos de Bosques comestibles es posible que dichos vectores se expresen.","Identificar las posibles plagas que atacan a la vainilla, pimienta y demás especies de frutales y comestibles.",Sí,La OLLC tiene una alianza con un colectivo de defensa del territorio local y cuentan con mucho conocimiento local para atender y gestionar los residuos y vectores.,Ir pensando y construyendo un plan de manejo de plagas y enfermedades.,N/A,Medidas de prevención de COVID desde el año pasado,Seguir fomentando las medidas de prevención.,N/A,No se hace uso de materiales peligrosos. Los reactivos del monitoreo del agua se tienen refrigerados.,Ninguna,N/A,,,No,,,No,,,N/A,,,N/A,El germoplasma utilizado proviene de proveedores certificados y las semillas cuentan con la trazabilidad. Las especies locales fueron donadas por Pronatura Veracruz.,"Para el caso de colectas de especies locales, tramitar los permisos de colecta con la autoridad.",Sí,Se esta comenzando con el levantamiento de los monitoreos de biocomuni y agua.,Continuar con el levantamiento de datos y consultar con los responsables del monitoreo sus dudas.,Sí,Se fomenta la restauración de los espacios productivos con especies locales.,Involucrar a más personas interesadas en la conservación de la selva baja y áreas circunvecinas a la cuenca media de la Antigua.,No,,,,,,,,,,,,,,,,No,,,,Sí,La propuesta tiene una amplia apropiación de los beneficiarios y avalan las acciones plasmadas en la propuesta.,Seguir involucrando a los beneficiarios en la construcción de las propuestas de financiamiento futuras.,Sí,Se fomento un día de puertas abiertas para que los pobladores conocieran el proyecto.,Generar mas eventos conforme se va avanzando en las metas.,No,No se idenfico algun espacio mas allá de las reuniones de capacitación.,Ir creando alguna plataforma propia para fomentar la participación.,No,No se tiene esa información,Se recomienda documentar como es que participan las partes interesadas en el diseño del subproyecto.,No,No se tiene un indicador,Incorporar indicadores en la siguiente etapa.,N/A,,,,Sí,Participación en capacitaciones y en monitoreo,,No,No se tienen datos todavía.,,No,No se ha abordado,,No,No se tiene referencia,,Sí,,Se tiene que seguir divulgando el mecanismo.,Fondo Regional
17,05/05/2025 21:32,05/05/2025 21:34,,anónimo,,,CONECTA,"Gobernanza local y manejo sostenible de la cuenca alta del Río Pijijiapan, Chiapas",AMS2207021,"Wenceslao Apan Salcedo, Carla Aguilar De la Fuente, Martín Gutiérrez",,22/6/2023,Campo,No,"El vivero ya estaba instalado y con plantas en proceso crecimiento, no se identificaron contenedores para manejo de residuos del vivero. En el vivero se utilizaban especies locales para los sistemas agroforestales y de café. No se identificaron acciones sobre género.",Se dará retroalimentación sobre manejo de residuos del vivero y género.,No,"No es claro si los riesgos e impactos han sido socializadas con las y los participantes del subproyecto. A este punto se le dará seguimiento cercano, ya que la comunidad parece no tener claridad en el proyecto por comentarios de las técnicas comunitarias durante la visita.","La participación de la comunidad se tiene que reforzar y la comunicación, sobre las actividades y riesgos. Este tema fue identificado en la visita, y parte de las necesidades por la que se realizó el taller de Formador de Formadores, para reforzar técnicas de facilitación y participación.",No,"La única actividad de mitigación implementada fue el uso de especies nativas en el vivero, no se identificó el contenedor para manejo de residuos y/o actividades de inclusión de las mujeres.",Se revisará el tema de inclusión de la comunidad y manejo de residuos en la siguiente visita de acompañamiento.,No,"Se mencionaron algunos comentarios sobre conflictos internos desde la comunidad de Bienes Comunales San Antonio, para asegurar la participación hay mención de talleres o capacitaciones para el fortalecimiento en este sentido de la OLLC.",,No,,"Se sugiere agregar más riesgos sobre temas de participación, manejo agroecológico de los sistemas agroforestales, plagas.    Además, al ser una zona ganadera con proyectos previos en silvopastoriles no es claro que riesgos asociados hay a estas actividades en las parcelas (por ejemplo herbicidas) y cómo se pueden implementar en los talleres de sensibilización propuestos por el equipo de AMBIO.",Sí,,,Sí,"Las y los técnicos comunitarios, reciben jornales iguales sin discriminar.",,N/A,,,N/A,,,No,Las técnicas comunitarias se han dedicado al seguimiento y monitoreo de los sistemas agroforestales y Biocomuni. No es claro si les han dado capacitaciones en riesgos y seguridad.,Reforzar y retroalimentar las capacitaciones en riesgos y seguridad.,No,Las técnicas comunitarias se han dedicado al seguimiento y monitoreo de los sistemas agroforestales y Biocomuni. No es claro si les han dado capacitaciones en riesgos y seguridad.,,Sí,"Se menciona en las reuniones, sin embargo, como responsable, FONCET, buscaremos otras medidas (más allá de un correo) para que las personas que participan en conecta puedan presentar MAQyC.",,Sí,"Ya se encontraban plantados los árboles de los sistemas agroforestales, sin embargo no son claras las acciones para impulsar el mejor manejo de los recursos y las actividades complementarias a estos SAFs",,Sí,"No se vio avance en la gestión de residuos aunque está en el anexo 5, no había contenedores para los residuos del vivero.",Se hará en la siguiente visita de seguimiento del 2024.,No,,"Hace falta reforzar el manejo de plagas y mayor capacitación al tema de café, al no ser una zona cafetalera, no se conoce el manejo y riesgos asociados a esta plantación.",Sí,"El equipo conoce cómo manejar y mitigar riesgos asociados a sistemas agroforestales, sin embargo falta reforzar aspectos relacionados al café como actividad productiva y ganadería. No se identificaron capacitaciones al respecto.",Incluir un plan integral de manejo de riesgos en actividades complementarias como café o ganadería relacionadas en las parcelas que se implementa el SAF.,No,,,N/A,,,No,,,No,,,N/A,,,No,,,No,,,Sí,"Si, al ser parte de un programa como Scolel’te enfocado en el tema de venta de bonos de carbono, se realizan monitoreos para la medición de la misma. Además de implementar Biocomuni.",,Sí,Al plantar árboles en zonas de potrero se incrementa la biodiversidad.,,N/A,N/A,,,N/A,,,N/A,,,N/A,,,N/A,,,N/A,N/A,,,No,"Al existir distintos recursos complementarios, los productores visitados no tenían claridad entre la diferencia en los proyectos, algunas técnicas comunitarias si tienen clara la diferencia entre proyectos y actividades, pero definitivamente se tiene que reforzar este aspecto tanto de acompañamiento, planeación con la comunidad, avances y objetivos del subproyecto.","Se necesita reforzar la claridad del proyecto CONECTA, objetivos, componentes y avances.",No,,,No,No se identificaron espacios de gobernanza y participación.,Tema prioritario para que FONCET dé seguimiento.,No,,"Dentro de las comunidades de aprendizaje del proyecto se planea crear FOROS que respondan a los intereses de las y los productores, FONCET y las OLLC serán responsables de incluir estas necesidades tanto en la planeación como en las actividades propuestas.",No,En 2024 se incluirán acciones de género.,,No,,,De 0% a 29%,No,"Aunque se invita a participar a toda la familia de las y los productores, faltan acciones específicas que incentiven la participación.","Hacen falta más acciones específicas para incentivar la integración de mujeres desde la OLLC, hay apertura pero no acciones puntuales, sesiones 1-1 para definir acciones puntuales.",Sí,,,No,,,No,,,No,"El MAQyC se comparte, sin embargo no es accesible ya que pocos utilizan el correo como medio de comunicación con señal limitada y teléfonos no accesible para todas las participantes.","Se planea crear material (telas) con el MAQyC y crear alguna otra estrategia de comunicación (teléfono o buzón, se utiliza en programas gubernamentales que existen en la comunidad) para asegurar el acceso a esta información y confindecialidad de la misma.",
18,10/05/2025 10:33,10/05/2025 10:44,,anónimo,,,CONECTA,"Conservación y desarrollo sustentable en el ejido Loma Bonita, municipio de Mapastepec, Chiapas",AMS2207023,"Wenceslao Apan Salcedo, Carla Aguilar De la Fuente, Martín Gutiérrez",,21/6/2023,Campo,Sí,"Se implementaron acciones en supervisión de plantas y monitoreo, además de la brigada contra incendios.",,Sí,"En la comunidad de Loma Bonita, se detectó que se presenta toda la información constantemente, hay buena comunicación con las y los técnicos de la OLLC ejecutora.",,Sí,"Supervisor del vivero participa activamente cada semana.  Las plantas aún no se entregaban por lo que habrá que dar seguimiento a los deshechos y supervivencia en la siguiente fase. Si hay buena participación de la comunidad por la flexibilidad en tiempos, alimentos.","Aunque no estaba estipulado, se identificó y mencionó por parte de las y los participantes del proyecto, herramientas adecuadas para las actividades: En el caso de la brigada contra incendios falta equipo de comunicación, herramientas para supervisar actividades ilegales de caza y pesca, y botiquín. En el caso del vivero, falta equipo como botas, gorros para poder trabajar.",Sí,En supervisión y manejo del territorio hay muchas actividades de implementación del proyecto directamente relacionadas con gestión de riesgos que estaban ya implementadas.,Se requiere reforzar equipamiento de las y los grupos de trabajo en las actividades.,Sí,,"Aunque las acciones están dirigidas hacia la mitigación de riesgos, como el manejo del fuego, quedan aspectos a mejorar para la seguridad de las personas, como el equipamiento adecuado y herramientas y capacitación en seguridad.",Sí,Las y los participantes son pagados los jornales de forma igualitaria y de acuerdo con las horas trabajadas en los viveros y brigadas.,,Sí,,,No,,,N/A,,,N/A,,,No,Se han dado pláticas sobre medidas y se tiene planeado tener capacitaciones sobre primeros auxilios y manejo de animales de la región.,,Sí,"Se menciona en las reuniones, sin embargo, como responsable, FONCET, buscaremos otras medidas (más allá de un correo) para que las personas que participan en conecta puedan presentar MAQyC.",,Sí,,,No,"El vivero estaba en uso, por lo que no se identificó el manejo de residuos. Quedará pendiente para la siguiente reunión.",,No,,"Se necesita reforzar el manejo de plagas en los sistemas agroforestales de café, se encontró que había roya (común en la zona). La OLLC ya tiene identificada la necesidad de la capacitación en técnicas de manejo agroecológico. Se reforzará en la siguiente visita.",Sí,,,No,,,N/A,,,Sí,,"Esta es una de la principales actividades del subproyecto dada la importancia en la zona el manejo del fuego, la brigada ya está en funcionamiento y completa con muy buena participación, como se menciona falta mejor equipamiento y capacitaciones relacionadas a actividades como el manejo de pesca y caza illegal que hay en la zona por foráneos.",Sí,,,N/A,,,No,,,No,,,Sí,La participación comunitaria del monitoreo BIOCOMUNI ha sido muy buena en el ejido de Loma Bonita.,,Sí,"El subproyecto implementa  acciones como renovación de sistemas agroforestales de café, brigadas contra incendios y viveros.",,N/A,N/A,,,N/A,,,N/A,,,N/A,,,N/A,,,N/A,N/A,,,Sí,"En las reuniones todos los y las productoras participan en las actividades y avances del proyecto. Tienen claridad en el objetivo, necesidades e implementación, se identificó buena comunicación por la claridad del proyecto que expusieron los participantes del ejido LB.",Dar seguimiento a las necesidades expresadas por las y los participantes del GP.,Sí,"Algunas personas de comunidades cercanas han participado en las capacitaciones (dos personas al menos que no pertenecen a la cuenca), sin embargo, no se han canalizado los esfuerzos en que el grupo crezca más allá del ejido de LB.",,Sí,"Las decisiones son acordadas desde el grupo hacia la OLLC, en visitas y acciones.",,No,,"Dentro de las comunidades de aprendizaje del proyecto se planea crear FOROS que respondan a los intereses de las y los productores, FONCET y las OLLC serán responsables de incluir estas necesidades tanto en la planeación como en las actividades propuestas.",Sí,,,Sí,,,De 30% a 59%,Sí,"Si, la comisariada ejidal es mujer y participante de CONECTA, ella,  incentivó la participación de mujeres en el vivero. Estas mujeres mencionaron durante la visita el interés en participar en más actividades y continuar en el vivero ya que es un ingreso adicional para ellas.","Hacen falta más acciones específicas para incentivar la integración de mujeres desde la OLLC, hay apertura pero no acciones puntuales, aunque si han realizado ejercicios como el reloj del tiempo de mujeres y hombres, con esta información se trabajará en sesiones 1-1 para definir acciones puntuales.",Sí,,,No,,,No,,,No,"El MAQyC se comparte, sin embargo no es accesible ya que pocos utilizan el correo como medio de comunicación con señal limitada y teléfonos no accesible para todas las participantes.","Se planea crear material (telas) con el MAQyC y crear alguna otra estrategia de comunicación (teléfono o buzón, se utiliza en programas gubernamentales que existen en la comunidad) para asegurar el acceso a esta información y confindecialidad de la misma.",
19,10/05/2025 10:46,10/05/2025 10:58,,anónimo,,,CONECTA,Foro para el desarrollo sustentable,AMS2207020,"Wenceslao Apan Salcedo, Carla Aguilar De la Fuente, Martín Gutiérrez",,21/6/2023,Campo,No,"No es claro en 2023, cuánto presupuesto se destinó a estas medidas. En el caso de la renovación  de sistemas",Incluir en presupuesto medidas de mitigación para 2024.,Sí,,,Sí,"Se realizaron visitas de acompañamiento constantes para el tema de biofertilziantes, en el caso del supermagro, se equipó a las y los productores con el equipo correspondiente.  Todos las y las productores contaban con el equipo para realizar los bioinsumos.  El proyecto si está mejorando el manejo de los sistemas productivos, en ganadería ya se estaba planeando la siembra de árboles forrajeros.","Mejorar gestión del lugar del supermagro, en ocasiones se encontraba cerca de la vivienda, de preferencia buscar un lugar cerca del vivero (en los cafetales) o dentro del mismo. Incluir medidas de seguridad y manejo, aunque sean fertilizantes agroecológicos ya que, al ser el manejo a nivel de unidad familiar, las y los niños menores de 10 años suelen estar muy cerca.  Identificar y compartir precauciones en el manejo de estos fertilizantes con las familias.",Sí,,,Sí,"El manejo de residuos en la comunidad de 3 de mayo es importante manejarse, en estas comunidades se quema la basura (por falta de servicios municipales) por lo tanto,",,Sí,No se observó ninguna.,"En la región es común el trabajo de menores de edad en la ordeña en la ganadería, sin embargo, no en el subproyecto. Esto es un tema sensible que habría que poder platicarlo a nivel general para que no vayan a existir situaciones que salgan de las estipulaciones del manual de operaciones.",Sí,,,No,,,N/A,,,N/A,"En la región es común el uso de herbicidas y fertilizantes químicos y sin protección. En el subproyecto se ha realizado el trabajo de transicionar hacia fertilizantes agroecológicos y dejar de implementar herbicidas, en el primer año aún se utilizaban ambos en las comunidades, pero se han reducido sobre todo en 3 de mayor para los cafetales.",,No,,,Sí,"Se menciona en las reuniones, sin embargo, como responsable, FONCET, buscaremos otras medidas (más allá de un correo) para que las personas que participan en conecta puedan presentar MAQyC.",,Sí,,,N/A,,,Sí,"Parte de las acciones del subproyecto ejecutado por Foro se ha dedicado a capacitar y realizar talleres sobre el manejo de plagas a través de métodos agroecológicos (por ejemplo, caldo sulfocálcico) y se ha enfocado en temas como inocuidad en la producción de leche.",,Sí,,,No,,,N/A,,,No,,,Sí,,Para el segundo año de implementación se propone un plan de acción de emergencias acordado con la comunidad.,N/A,,,No,,,No,,,Sí,La participación comunitaria del monitoreso BIOCOMUNI ha sido muy buena en los grupos de 3 de mayo y Valdivia con la participación de brigadas comunitarias de alrededor de 8 personas y apoyo entre ambos grupos.,,Sí,"El proyecto implementa todas las prácticas de forma agroecológica, se han realizado talleres de biofertilizantes, manejo de plagas, curvas de nivel y ordenamiento parcelario, bajo las prácticas agroecológicas.",,N/A,N/A,,,N/A,,,N/A,,,N/A,,,N/A,,,N/A,N/A,,,Sí,"En las reuniones todos los y las productoras participan en las actividades y avances del proyecto. En caso de 3 de mayo al ser la organización ejidal, se realiza por acuerdo con la comunidad, tanto las visitas como talleres.","Al inicio de Fase II, en la planeación e inicio presentar los avances a la comunidad y realizar ejercicio de reflexión con la OLLC ejecutora y Foncet, para ver qué se pueda mejorar en el proyecto y planeación.",No,,Se recomienda incluir comunidades aledañas que podrían tener interés en las prácticas implementadas.,Sí,"Las decisiones son acordadas desde el grupo hacia la OLLC, en visitas y acciones.",,No,,"Dentro de las comunidades de aprendizaje del proyectos e planea crear FOROS que respondan a los intereses de las y los productores, FONCET y las OLLC serán responsables de incluir estas necesidades tanto en la planeación como en las actividades propuestas.",Sí,En 2024 se incluirán acciones de género.,,Sí,,,De 30% a 59%,Sí,"A partir de la participación de Roselia Gómez en las capacitaciones para el monitoreo Biocomuni, ha estado impulsando tanto la participación como la integración de más mujeres en el grupo de 3 de mayo. Al inicio del proyecto sólo había 1 mujer participando, al finalizar el primer año había 5 mujeres en el grupo.  El trabajo de FORO DS se hace a través de la unidad familiar, por lo tanto, aunque las y los productores impactados directamente es un grupo definido, las personas de al familia siempre se invitan a las capacitaciones. Esto ha permitido que algunas participantes puedan integrarse en proyectos complementarios y afines al objetivo de CONECTA.","Hacen falta más acciones específicas para incentivar la integración de mujeres desde la OLLC, hay apertura pero no acciones puntuales, aunque si han realizado ejercicios como el reloj del tiempo de mujeres y hombres, con esta información se trabajará en sesiones 1-1 para definir acciones puntuales.",Sí,,,No,,,No,,,No,"El MAQyC se comparte, sin embargo no es accesible ya que pocos utilizan el correo como medio de comunicación con señal limitada y teléfonos no accesible para todas las participantes.","Se planea crear material (telas) con el MAQyC y crear alguna otra estrategia de comunicación (teléfono o buzón, se utiliza en programas gubernamentales que existen en la comunidad) para asegurar el acceso a esta información y confindecialidad de la misma.",
20,10/05/2025 11:03,10/05/2025 11:12,,anónimo,,,CONECTA,Fortalecimiento de capacidades y buenas prácticas de un modelo silvopastoril yagroforestal,AMS2207019,"Wenceslao Apan Salcedo, Carla Aguilar De la Fuente, Martín Gutiérrez",,22/6/2023,Campo,No,,Se dará retroalimentación sobre el manejo de riesgos para Fase 2.,Sí,"Si, la planeación de las actividades se hace en conjunto, el cuerpo técnico con el GP.",,Sí,"Se ha impulsado el tema de biofertilizantes y su uso, hay un interés del grupo en realizar alguna actividad de negocio al respecto. Las actividades se hacen en acuerdo y a partir de la disponibilidad de las y los productores. Aún hace falta verificar los árboles utilizados en los potreros, la sobrecarga de labores para mujeres y el monitoreo.","Por condiciones climáticas no se pudo visitar el predio planeado, sólo se tuvo la plática con el GP. Es necesaria la revisión de medidas de sanidad y uso de los bioinsumos, al ser un grupo el cual ya conocía algunos, como el supermagro, es de mayor importancia, revisar que la parte de manejo y la calidad del producto sea reforzada.",Sí,"Este grupo tiene años de experiencia en los sistemas silvopastoriles, por lo que aspectos como  el uso de especies locales como plantas forrajeras es común. Se tendría que ver si hay algún otro riesgo identificado para la transición completa de las parcelas a sistemas regenerativos.",,No,"Con los años de experiencia, no es claro el uso de algunos agroquímicos como herbicidas o fertilizantes en los predios, se reforzará este aspecto para atender los riesgos.",,Sí,,,N/A,Aún no se identificaron trabajadores remunerados por el proyecto.,"Se sugiere reforzar el aspecto de mano de obra y las condiciones laborales, aunque no estén vinculados directamente con el proyecto, si es común en la región y en ranchos ganaderos, el uso de mano de obra menor de 16 años y/o sin las condiciones laborales suficientes.",No,,,N/A,,,N/A,,,No,,,Sí,"Se menciona en las reuniones, sin embargo, como responsable, FONCET, buscaremos otras medidas (más allá de un correo) para que las personas que participan en conecta puedan presentar MAQyC.",,Sí,"El uso de biofertilizante como supermagro es adoptado por el GP, así como otras prácticas de manejo agroecológico como calidad del suelos por cromatografías.","Queda pendiente revisar los sistemas de riego y bebederos, mencionados en el anexo 5 .",No,,No se identificó manejo de residuos. Se hará en la siguiente visita de seguimiento.,Sí,"Una de las fortalezas de este subproyecto y que las y los productores tenían mucha claridad, es en el manejo de plagas por medios agroecológicos, por ejemplo micorrizas, caldo sulfocálcico y supermagro.",,Sí,,"Hay que reforzar el identificar nuevos riesgos que incluso con las prácticas de años aún no se hayan podido eliminar, por ejemplo, si hay uso de herbicidas ¿qué se necesita crear como acción para disminuir su uso? o si existen otros cultivos ¿cómo disminuir uso de químicos en las plantaciones?",No,,,N/A,,,No,"No se identificó el uso de la práctica ‘roza y quema’ al terminar la temporada de silaje y producción agrícola, sin embargo es común en la zona. Se reforzará este aspecto en Fase II.",,No,,,N/A,,,No,,,N/A,,,Sí,"Si, se necesita reforzar la importancia y aplicación del monitoreo ya que no se percibe que sea claro para las y los productores.",,Sí,"Fortalecer la división de potreros, las y los ganaderos estaban a la espera de árboles para las hectáreas dentro de CONECTA.",,N/A,N/A,,,N/A,,,N/A,,,N/A,,,N/A,,,N/A,N/A,,,Sí,"Los productores que participaron en la visita de campo tenían claridad sobre algunas actividades realizadas, sin embargo, en la visita no se percibió la misma claridad sobre CONECTA y sobre todo, la diferencia con proyectos anteriores.  El equipo técnico desde un inicio ha planeado las actividades del subproyecto con el GP.","Se necesita reforzar la claridad del proyecto CONECTA, objetivos, componentes y avances.",No,,,Sí,Los acuerdos siempre vienen desde las y los productores junto con el técnico.,,Sí,El GP realizó un intercambio de experiencias gestionado por SYDEC con el grupo de productores de Pijijiapan.,"Dentro de las comunidades de aprendizaje del proyecto se planea crear FOROS que respondan a los intereses de las y los productores, FONCET y las OLLC serán responsables de incluir estas necesidades tanto en la planeación como en las actividades propuestas.",No,En 2024 se incluirán acciones de género.,,Sí,,,De 30% a 59%,No,"Aunque se invita a participar a toda la familia de las y los productores, faltan acciones específicas que incentiven la participación.","Hacen falta más acciones específicas para incentivar la integración de mujeres desde la OLLC, hay apertura pero no acciones puntuales, sesiones 1-1 para definir acciones puntuales.",Sí,,,No,,,No,,,No,"El MAQyC se comparte, sin embargo no es accesible ya que pocos utilizan el correo como medio de comunicación con señal limitada y teléfonos no accesible para todas las participantes.","Se planea crear material (telas) con el MAQyC y crear alguna otra estrategia de comunicación (teléfono o buzón, se utiliza en programas gubernamentales que existen en la comunidad) para asegurar el acceso a esta información y confidencialidad de la misma.",
21,10/05/2025 11:14,10/05/2025 11:23,,anónimo,,,CONECTA,"Inducción de al ganadería regenerativa en ranchos del Mancomún en al cuenca del río Pijijiapan, Chiapas",AMS2207018,"Wenceslao Apan Salcedo, Carla Aguilar De la Fuente, Martín Gutiérrez",,22/6/2023,Campo,No,,Se dará retroalimentación sobre el manejo de riesgos para Fase 2.,Sí,"Si, hay buena comunicación entre el técnico y las y los ganaderos que participan en el proyecto.",,Sí,"Para el manejo de suelo, se realizó la división de potreros. Se invita a las sesiones a la unidad familiar, mujeres participan e incluso hay familias que participan ambos en toda la implementación de actividades. Ya había algunas plantas forrajeras plantadas (pequeñas) faltaban según los productores otras, se han utilizado",No se ha impulsado el manejo agroecológico técnicas como bionsumos para reducir el uso de fertilizantes y herbicidas quimios. Se sugiera fortalecer este aspecto.,Sí,"Se avanzó en la implementación de aspectos como división de potreros, árboles forrajeros y bancos de proteínas, aún no se han dado aspectos que pudiera ser riesgo, sin embargo, si podría fortalecerse el aspecto en técnicas de manejo hacia la transición de ganadería sustentable.","Se requiere reforzar acciones específicas en atención a riesgos ya que están muy generales.    En el segundo año, se identificarán las acciones necesarias según aspectos como plantas forrajeras, plantas frutales, mantenimiento de potreros.",No,,"Las acciones implementadas tienen un buen avances, hay que reforzar el manejo agroecológico y riesgos que han surgido de las acciones implementadas (por ejemplo equipo y seguridad en cercos eléctricos).",Sí,,,N/A,,Aún no se identificaron trabajadores remunerados por el proyecto.,No,,,N/A,,,N/A,,,N/A,,,Sí,,"Se menciona en las reuniones, sin embargo, como responsable, FONCET, buscaremos otras medidas (más allá de un correo) para que las personas que participan en conecta puedan presentar MAQyC.",Sí,"Si, se tiene planeado un sistema de captación de agua para bebederos del ganado.","Incluir manejo agroecológico en temas como bioinsumos, plagas y enfermedades (por ejemplo garrapatas).",No,,No se identificó manejo de  residuos.,No,,Se necesita reforzar el manejo de plagas y enfermedades del ganado además de bioinsumos como fertilizantes.,No,,,No,,,N/A,,,No,"No se identificó el uso de la práctica ‘roza y quema’ al terminar la temporada de silaje y agrícola, sin embargo es común en la zona. Se reforzará este aspecto en faseII.",,No,,,N/A,,,No,,,N/A,,,Sí,"Si, sin embargo este es el subproyecto con mayor dificultad para implementar el Monitoreo, por la falta de participación de otros prouctores en la capacitación (particiapron personas de la Mancomún por falta de disponibilidad) se dará seguimiento a este aspecto.",,Sí,"Los árboles forrajeros dentro de los potreros buscan no sólo proveer de proteína al ganado, si no de aumentar la cobertura arbórea con un impacto en la biodiversidad. En especial, porque los potreros de la zona son extensivos y sin árboles. Ya se tenían árboles forrajeros en el portero, aún pequeños.",,N/A,N/A,,,N/A,,,N/A,,,N/A,,,N/A,,,N/A,N/A,,,Sí,,,Sí,"Si, las y los participantes del proyecto son parte de la asociación ganadera Mancomún, una de las más grandes de la región con más de 1,200 asociados. Además, que el presidente de la asociación participa en CONECTA directamente.  Sin embargo, no hay una ruta clara para vincular las acciones con la asociación.",Definir rutas junto con las y los ganaderos para dar a conocer los resultados a los demás asociados de la Mancomún.,Sí,Los acuerdos siempre vienen desde las y los productores junto con el técnico.,,Sí,"De las y los participantes conocen a otros GP como el de Pronatura, con el cual realizaron un intercambio de experiencias con predios que tienen implementados sistemas silvopastoriles por más de 7 años.","Dentro de las comunidades de aprendizaje del proyecto se planea crear FOROS que respondan a los intereses de las y los productores, FONCET y las OLLC serán responsables de incluir estas necesidades tanto en la planeación como en las actividades propuestas.",No,,,Sí,,,De 30% a 59%,No,"Aunque se invita a participar a toda la familia de las y los productores, faltan acciones específicas que incentiven la participación, en la visita a campo no fue muy clara las acciones al respecto.","Hacen falta más acciones específicas para incentivar la integración de mujeres desde la OLLC, hay apertura pero no acciones puntuales, sesiones 1-1 para definir acciones puntuales.",Sí,,,No,,,No,,,No,"El MAQyC se comparte, sin embargo no es accesible ya que pocos utilizan el correo como medio de comunicación con señal limitada y teléfonos no accesible para todas las participantes.","Se planea crear material (telas) con el MAQyC y crear alguna otra estrategia de comunicación (teléfono o buzón, se utiliza en programas gubernamentales que existen en la comunidad) para asegurar el acceso a esta información y confindecialidad de la misma.",
22,10/05/2025 11:24,10/05/2025 11:34,,anónimo,,,CONECTA,Resiliencia y competitividad pecuaria,AMS2405001,"Priscila Mendoza, Jiangsu Olea",,10/4/2023,Campo,No,,,No,,,Sí,Se realizó un estudio de la producción forrajera para estimar la capacidad de carga. Aún no se cuenta con los resultados. Tomar en cuenta el conocimiento local y científico sobre los hábitos y fenología de las especies locales para determinar cuáles son las más adecuadas para siembra. Tomaron en cuenta las escorrentías para el establecimiento de obras de suelos.,,No,Se identifica debilidad técnica en la realización del surcado lister,En próximas actividades de surcado lister es altamente recomendable hacer el trazado de las curvas para el surcado y dar el seguimiento en campo de las obras.,No,Se identifica que con la instalación del cerco hay riesgo de obstrucción del libre paso de la fauna y de desmonte.,"Se les invita a considerar las necesidades de la fauna silvestre al realizar obras de infraestructura. Por otro lado, se les recuerda el cumplimiento de la legislación ambiental aplicable a cada obra.",Sí,Enviaron TdR de capacitadores y el proceso para la contratación del maquinista para surcado lister.,,N/A,,,N/A,,,N/A,,,Sí,Se proporcionó guantes de carnaza para el manejo de postes de fibra de vidrio.,,No,,,Sí,,,Sí,Surcado lister y el próximo desazolve del presón,,No,Ir trabajando con las personas en la concientización del adecuando manejo de los residuos.,,N/A,,,No,,,Sí,"La comunidad de El Faro tiene problemas de contaminación de agua. La comunidad compra agua para beber, sin embargo, el agua contaminada puede ser bebida por ganado.",Explorar alternativas para captación de agua de lluvia para dar de beber al ganado.,N/A,,,No,Se recomienda capacitar a los productores en manejo del fuego para situaciones de incendios del pastizal que es la fuente de alimento para el ganado.,,No,Se recomienda dar una charla de medidas para abordar emergencias o prevenir situaciones de riesgos.,,N/A,,,No,,,N/A,,,Sí,Hicieron muestreo de forraje,,Sí,El surcado lister,,N/A,N/A,,,N/A,,,N/A,,,N/A,,,N/A,,,N/A,N/A,,,Sí,,,No,,Se recomienda socializar el subproyecto en las asambleas de las comunidades,Sí,Realizan reuniones periódicas con los beneficiarios.  Hay un diálogo con autoridades locales y gestiones.  Hicieron la gestión de maquinaria para el dezasolve de presones.  Planean hacer una reunión con el director de desarrollo rural para presentar el subproyecto.,,No,,,No,,,No,,,De 0% a 29%,Sí,,,No,,,No,,,No,,,Sí,,,
23,10/05/2025 11:44,10/05/2025 11:55,,anónimo,,,CONECTA,Acciones climáticamente inteligentes en ejido Janos,AMS2207016,"Priscila Mendoza, Jiangsu Olea.",,30/3/2023,Campo,No,,,N/A,,,Sí,Se implementaron algunas medidas: El ejido ha mantenido una comunicación cercana con la dirección de la Reserva. Se han impartido capacitaciones que otorgaron conocimientos al GP que los beneficiará al largo plazo.,,Sí,,,Sí,,,Sí,,,Sí,,,No,,,N/A,,,Sí,Proveyeron de guantes de protección personal al personal de apoyo en campo.,Realizar concientización sobre la importancia del EPP y contar con protocolos para la atención de emergencias.,No,,Se recomienda realizar charlas para capacitar en temas de prevención de riesgos.,Sí,,,Sí,Se instalaron 5 biodigestores.,"Se recomienda eficientar el uso de los recursos de acuerdo a las necesidades de cada beneficiario y sus condiciones, esto en cuanto a la implementación de biodigestores.",No,"Se hizo la recomendación para obtener información sobre  el correcto manejo de los residuos, así como concientizar al respecto.",,Sí,Algunos productores utilizan Bioinsumos a base de Neem para hectoparásitos y además no desparasitan ya que rompen el ciclo de los parásitos a través de la rotación de potreros.,,Sí,,,N/A,,,No,,Identificar los residuos que se generan de las actividades del subproyecto y de la ganadería para elaborar un protocolo de gestión de residuos.,No,,"No directamente los productores, pero el municipio y la reserva cuenta con brigadas para el combate a incendios.",No,Identificar los centros de salud más cercanos y teléfonos de emergencias,,N/A,,,No,,,N/A,,,Sí,Realizan monitoreo de fauna.,,Sí,Están proceso de certificación de una ADVC.,,N/A,N/A,,,N/A,,,N/A,,,N/A,,,N/A,,,N/A,N/A,,,Sí,,,Sí,Tienen una relación cercana con la Reserva y realizaron un intercambio de experiencias con un rancho.,,Sí,Asamblea ejidal para la designación de la ADVC. Relación con la escuela secundaria.,,N/A,,,No,,,Sí,,,De 0% a 29%,Sí,,,Sí,,,No,,,No,,,Sí,,Incluir en las presentaciones de Power Point el MAQyC del proyecto.,
24,11/05/2025 9:20,11/05/2025 9:26,,anónimo,,,CONECTA,Manejo integral del ecosistema en el rancho El Coyamito,AMS2207015,Priscila Mendoza Saldívar,,12/6/2023,Campo,Sí,Se destinó presupuesto para contratar a una persona que prepare los alimentos durante las actividades con participación de mujeres.,,No,Se desconoce si hubo socialización de las medidas.,,Sí,Las medidas que se identifica se han implementado son: Considerar realizar resiembra de pastos con especies nativas. Considerar el conocimiento local para la selección de las obras y especies a plantar. Adaptar las actividades a la disponibilidad de las mujeres. Proporcionar alimentación durante las actividades con participación de mujeres. Contratar personas con alta experiencia para realizar el diseño de las obras de suelo (Si bien no está esta medida en el Anexo 5 ha sido una muy buena práctica para disminuir riesgos),,Sí,La OLLC tiene experiencia previa con otros proyectos.,,No,"El Anexo 5 puede ser complementado. Por ejemplo, existe riesgo por derrame de hidrocarburos para lo cual no se tiene una medida; riesgo de desplazamiento de fauna sensible a cambios en el ecosistema; riesgo de contaminación por manejo inadecuado de residuos.",Incluir un protocolo que identifique los posibles residuos de cada una de las actividades y proporcione las medidas a tomar para disminuir y/o manejar adecuadamente estos residuos.  Identificar las especies de fauna en el rancho sensibles a los cambios en el ecosistema y definir su área de distribución en el predio.,Sí,"Las obras fueron realizadas por consultoras subcontratadas por la OLLC, por lo que Eye Kawi no verificó que estas cumplieran los procedimientos de gestión de mano de obra.","Informar a los subcontratistas sobre las medidas a cumplir sobre estándares ambientales y sociales, y verificar que lo realicen.",Sí,La OLLC ha contratado de forma directa a personas consultoras para realizar actividades de monitoreo y seguimiento al subproyecto.,,No,,,N/A,,,No,La OLLC no verificó que los contratistas implementaran las medidas de seguridad y salud ocupacional.,,No,La OLLC no verificó que los contratistas implementaran las medidas de seguridad y salud ocupacional.,,N/A,Se desconoce.,,Sí,Las obras realizadas tienen la finalidad de captar agua e infiltrarla en el subsuelo.,,No,,,N/A,,,Sí,,,N/A,,,No,,Se sugiere documentarse sobre la correcta disposición de los residuos de la ganadería para transmitir esta información al grupo de productores.,No,,,No,Se sugiere elaborar un protocolo de atención a emergencias.,,N/A,,,No,,,N/A,,,Sí,"Van a realizar monitoreo de Biocomuni, además de monitoreo de Berrendo, Águila Real, Halcón peregrino, de la humedad del suelo y de forraje.",,Sí,Establecerán una UMA de conservación para la fauna.,,N/A,N/A,,,N/A,,,N/A,,,N/A,,,N/A,,,N/A,N/A,,,Sí,,,No,,,No,,,Sí,,,No,,,No,,,De 0% a 29%,Sí,Actividades en fines de semana y contratación de una persona que elabore los alimentos.,,Sí,,,No,,,No,,,N/A,Se desconoce,,
25,11/05/2025 9:29,11/05/2025 9:36,,anónimo,,,CONECTA,Mejoramiento de ecosistemas pastoriles a través del incremento de infraestructura para el manejo del ganado en el predio Casa de Piedra.,AMS2207014,Priscila Mendoza,,30/3/2023,Campo,Sí,"En su mayoría se están instalando cercos de tipo eléctrico, los cuales se apagan cuando el ganado está en otras zonas.  A las personas que realizaron las obras se les proveyó de guantes para la protección de las manos.",,Sí,,,Sí,Gran parte del cerco que se está colocando es eléctrico. Se cercó un presón con hilo liso.  El diseño de las áreas de pastoreo considera la distribución estratégica del agua.,,Sí,,,Sí,,,Sí,,,N/A,,,No,,,N/A,,,Sí,Lo trabajadores de base cuentan con Seguridad Social y EPP básico para realizar las actividades,,No,,Fortalecer las capacidades mediante charlas y/o capacitaciones de concientización,Sí,,,Sí,"Instalaron celdas solares para cercos eléctricos y una línea de conducción para la distribución de agua, sin embargo, es necesario fortalecer el uso eficiente de agua.",Concientización sobre el uso del agua.,No,,Identificar los posibles residuos a generarse de las actividades y elaborar un protocolo para su adecuada gestión.,Sí,Llevan bitácoras de vacunación,,Sí,,,N/A,,,No,,Buscar información sobre la correcta disposición de los residuos de la ganadería y alternativas que faciliten el proceso de gestión de estos residuos.,No,,Se tiene previsto dentro de las actividades realizar un corredor biológico y de pastoreo estacional que tendrá también la función de brecha cortafuego.,No,Identificar los centros de salud más cercanos y teléfonos de emergencias.,,N/A,,,No,,,Sí,Tienen una UMA extractiva para aprovechamiento de venado cola blanca y guajolote.,,Sí,Realizarán actividades de monitoreo de Biocomuni y cuentan con un Plan de Manejo para la UMA.,,Sí,"Realizarán corredores biológicos, colocaron rampas de escape para las aves en bebederos y depósitos de agua, UMA para el aprovechamiento de venado cola blanca y guajolote.",,N/A,N/A,,,N/A,,,N/A,,,N/A,,,N/A,,,N/A,N/A,,,Sí,"Los beneficiarios directos conocen el subproyecto, sin embargo, es necesario reforzar el conocimiento de los procesos administrativos, objetivos.",Se recomienda fortalecer la comunicación en los procesos de implementación del subproyecto.,No,,Se recomienda socializar los avances del subproyecto con la RB de Janos.,No,,"Usar los espacios en que se encuentran los beneficiarios como las Asociaciones Ganaderas de las que son parte, además de compartir sus experiencias con ranchos vecinos.",N/A,,,No,,,No,,,,Sí,Se impartió una capacitación virtual que facilitó la participación de las mujeres; una mujer participa en llevar el seguimiento contable del rancho; una segunda mujer participa en actividades de limpieza del casco.,,N/A,,,No,,,No,,,N/A,,,
26,11/05/2025 9:39,11/05/2025 10:00,,anónimo,,,CONECTA,"Producción de biofertilizante orgánico y biogás mediante biodigestores en las zonas  ganaderas de las cuencas Ameca-Mascota, Pitillal, Cuale, Las Juntas y el Tuito en el estado  de Jalisco",AMS2207012,Ana Cristina Nieto,,16/11/2023,Campo,Sí,,,Sí,,"Asegurar que el  biodigestor esté  cercado o protegido  para evitar riesgos.  Realizar una ficha de  buenas prácticas para  el uso de biodigestor,  biol y biogás y  prevención de riesgos.",Sí,"Adaptan el diseño e  instalación del  sistema a las  necesidades de los  productores.  Aseguran el  acompañamiento  técnico continuo  para prevención de  riesgos y atención  emergencias.  Cuentan con un  Manual de Uso y Plan de  Emergencias.   Previo  a la  instalación de los  sistemas realizan  visitas de  verificación para  que los sitios  cumplan con todos  los requisitos  ambientales y  sociales para que el  biodigestor, biol y  biogás sean  aprovechados.","Fortalecer las  actividades señaladas  en el Anexo 05 para  incrementar la  participación de las  mujeres: material de  promoción dirigido a  mujeres, diálogo con  mujeres para entender  su vinculación con el  biodigestor y sus  beneficios.  Difundir y  hacer más accesibles para los productores el  Manual de Uso y Plan  de emergencias.",Sí,,,Sí,,,Sí,,,Sí,Hombres y mujeres que  realizan jornales  reciben la misma paga,,No,,,No,,,Sí,Utilizan ropa y calzado  adecuado para la  implementación de  actividades. Cuentan  con botiquín de  primeros auxilios para  el monitoreo  comunitario y el  Manual de Uso del  biodigestor y el Plan de  emergencias,,Sí,"La organización da  acompañamiento  técnico continuo para  asegurar el adecuado  uso del biodigestor, biol  y biogás","Asegurar que las  personas  beneficiarias  cuenten con el  Manual de Uso y  Plan de  Emergencias, de  ser posible estos  materiales deben  ser un folleto o un  documento que las  personas puedan  tener a la mano.  Dar capacitación  continua al  respecto.",Sí,Lo han dado a conocer  en las reuniones de  socialización y  directamente con los  beneficiarios .,,Sí,El acceso al agua todo el año es uno de los requisitos para que el biodigestor pueda ser instalado.,Asegurar que los  productores cuenten con agua  todo el año y que cuenten con los permisos para el uso de ésta.,No,Dentro del Anexo 05  la organización tiene  contemplado diseñar y gestionar un plan para el retiro de los sistemas cuando hayan cumplido su vida útil,Elaborar el Plan de retiro para cuando el biodigestor cumpla su vida útil.,N/A,,,Sí,,"Para la reproducción de micorrizas, en caso de adquirir biofertilizantes  empaquetados.  Asegurar su  adecuado uso y  disposición.",N/A,,,Sí,El proyecto no involucra el manejo de materiales peligrosos,"Sin embargo,  recomendamos  realizar y difundir la estrategia de salida al terminar la vida útil del biodigestor. Como se mencionó previamente en caso de que se adquieran biofertilizantes para  la reproducción de micorrizas asegurar  el adecuado uso y  disposición.",N/A,,,Sí,Difundir  continuamente el  Manual de Uso y el  Plan de Emergencias,Cuentan con un Manual de Uso  y Plan de Emergencias,N/A,"Conforme acordamos en el Taller de Gestión Integral de Riesgos, llevado a cabo el 06 y 07 de julio, por favor notificar a FONNOR a más tardar 48 horas después del incidente de inseguridad (p.ej. presencia de crimen organizado) a través de info@fonnor.org. Deberá ir adjunto el reporte de incidentes disponible aquí. FONNOR coordinará un espacio de diálogo con la OLLC para definir acuerdos y la ruta de acción.",,No,,,N/A,,,Sí,La organización realiza  monitoreo comunitario de  agua y BIOCOMUNI,,Sí,La organización está  interesada en fortalecer las  capacidades y desarrollo de  información sobre la  biodiversidad del suelo por  la aplicación del biol,,N/A,N/A,,,N/A,,,N/A,,,N/A,,,N/A,,,N/A,N/A,,,Sí,La organización  realiza  actividades de  difusión y visitas  previas a la  instalación de los  biodigestores.  Una vez que estos  son instalados  realiza  acompañamiento  continuo,Realizar sesiones  periódicas con los  beneficiarios para  dar a conocer  avances y  próximos pasos  del subproyecto,Sí,Cuenca Sana  participa en  Asambleas  Ejidales y sesiones  participativas de  otros  subproyectos  liderados por  JISOC y Paisajes  Manejo Integral,,Sí,,,Sí,"La organización  aún no realiza  intercambios de  experiencias , lo  tiene  contemplaado  para el tercer  trimestre de la  segunda fase.  Pero  continuamente  fomenta la colaboración de  productores y  posibles  interesados así  como el uso de  biol para  productores que  no tienen  biodigestor",,Sí,,,Sí,La  organización  ha por ejemplo  involucrado a  más mujeres en  las actividades  de monitoreo,"Fortalecer la  participación de las  mujeres en el  subproyecto, tanto  quienes se  benefician de un  subproyecto, como  quienes participan  en el monitoreo, así  como con los  huertos traspatios.  También es  importante  tomarlas en cuenta  previo a la  instalación y saber  su opinión y cómo  pueden  beneficiarse del uso  del biol, biogás.",,Sí,Si hay  beneficiarias  mujeres y en los  materiales de  difusión tratan  de involucrar  voces de  mujeres. Así  también se han involucrado en  las actividades  de monitoreo  comunitario.,"En las visitas  previas a la  instalación de  biodigestores es  necesario  entrevistar a las  mujeres y  fortalecer su  participación en las diferentes  actividades del  proyecto y no solo  en la instalación y  uso de huertos  traspatio. También  pueden  involucrarse en el  uso,  aprovechamiento e  incluso  comercialización  del biol, siempre y  cuando sea de su  interés.",Sí,,,Sí,Cuenca Sana  cuenta con el  directorio de  organizaciones  que atienden  este tema,,N/A,,,Sí,Se da a conocer  en las sesiones  de  socialización y  directamente  con los  beneficiarios,,
27,11/05/2025 10:08,11/05/2025 10:26,,anónimo,,,CONECTA,Ganadería Regenerativa,AMS2207011,Ana Cristina Nieto Enrigue,,13/1/2023,Campo,Sí,,,Sí,,,Sí,El proyecto ha utilizado plantas nativas para las cercas vivas. Impartió un taller sobre sensibilización de género con los productores con los que trabajan Han motivado el tema de registros económicos con los productores para demostrar que las buenas prácticas ganaderas son rentables,,Sí,,,No,"Si bien los riesgos identificados inicialmente han sido gestionados adecuadamentee, este proyecto se ha enfrentado a nuevos riesgos como la inseguridad por crimen organizado y la falta de control de incendios por quemas agrícolas de parcelas vecinas",Incluir actividades en fase 2 para incrementar participación de mujeres.  Incluir actividades para el manejo de fuego.  Trabajar con FONNOR en la gestión integral de riesgos particularmente en lo que respecta al crimen organizado,Sí,,,N/A,No contamos con la información,,No,,,N/A,,,N/A,No contamos con la información,,N/A,No contamos con la información,Se promoverá en fase 2,N/A,No contamos con la información,Recomendar a las OLLC incluirlo en cada taller y tener materiales impresos.,Sí,Los cercos eléctricos funcionan con energía solar y fueron distribuidos de forma que el ganado no entre a cuerpos de agua en las parcelas de trabajo.,,N/A,,No tenemos información,Sí,Insumos de control biológico,,Sí,,Acompañamiento técnico adecuado,N/A,,,N/A,,,No,Para el POA 2 incluir actividades para el manejo de fuego,,No,Participar en el taller sobre Gestión Integral de Riesgos,,Sí,Participar en el taller sobre Gestión Integral de Riesgos,INTEGRA A.C. informó a FONNOR sobre la presencia de crimen organizado. Se suspendieron actividades hasta que este grupo se fue del territorio. Fue una presencia temporal,No,,,N/A,,,Sí,BIOCOMUNI y agua,,Sí,,Utilizan especies nativas de árboles. Los productores y el equipo de INTEGRA trabajan en la implementación del monitoreo de la biodiversidad en parcelas ganaderas,N/A,N/A,,,N/A,,,N/A,,,N/A,,,N/A,,,N/A,N/A,,,Sí,La OLLC es proactiva en presentar los avances del subproyecto a los miembros de la ECA.,,Sí,El proyecto se da a conocer a través de las Escuelas de Campo,"Fortalecer la difusión del proyecto en la comunidad a través de cárteles, posters, entre otros.",N/A,No tenemos información,,Sí,"INTEGRA sesiona espacios de trabajo con los miembros de la ECA Las Palmas y en ese espacio diseñan las actividades del proyecto. Además, el proyecto organizó un intercambio de experiencias al Rancho Las Piletas en el Limón",,No,,Para la siguiente fase lo tienen contemplado,Sí,,,,Sí,"Han hecho un esfuerzo al sensibilizar a los hombres de la ECA en la importancia del rol de las mujeres en la ganadería, pero aún así su involucramiento ha sido muy poco.",Reunirse con el grupo de mujeres e identificar cuáles son actividades de interés para ellas.,N/A,No tenemos información,,No,,,No,,,N/A,No tenemos información.,Contar con el material impreso del FONNOR Te Escucha y/o del MAQC.,
28,11/05/2025 11:16,11/05/2025 11:27,,anónimo,,,CONECTA,Sistemas Integrales de Producción Sustentable de Sierra Occidental y Costa (SIPSSOC),AMS2207013,Kathia Contreras,,30/10/2023,Campo,Sí,,,No,"El responsable técnico del subproyecto presentó el plan de actividades, derechos y obligaciones de la OLLC y de las personas beneficiarias en la implementación de actividades",Socializar las actividades que tienen contempladas realizar en el Anexo 05 con las partes interesadas,No,"Se ha capacitado y otorgado equipo de trabajo y de seguridad a los y las apicultores.  Se han socializado avances de la implementación a los beneficiarios Se han hecho acciones para integrar a más mujeres, por ejemplo identificar a mujeres líderes ganaderas para instalar los SSPI.","Elaborar el Plan de Respuesta Ante Emergencias, Plan para la Gestión de Residuos y el Plan para Plagas y Vectores conforme establecen en su Anexo 05.",Sí,La JISOC cuenta con personal calificado especialista para acompañar los sistemas productivos de ganadería regenerativa y apicultura.,,Sí,,,Sí,,,Sí,La organización no ha contratado jornales.,,No,,,N/A,,,Sí,"Uso de equipo de protección (guantes) durante la instalación de los cercos eléctricos. Capacitación y donación de equipo de trabajo de protección para los apicultores.  Además, JISOC compró un carrete para facilitar a las personas ganaderas la instalación y rotación de potreros con cerco eléctrico.",,Sí,"Se realizaron dos cursos, uno sobre seguridad digital y otro Gestión Integral de Riesgos.",,Sí,"Durante los talleres, sesiones y eventos de capacitación de la SIPSOCC se difunde el FONNOR Te Escucha/MAQC de CONECTA.",,Sí,Dotación e Instalación de unbebedero móvil en cada predio de las y los productores pecuarios. Reproducción natural de los forrajes gracias a la rotación de potreros. Alinean esfuerzos con otras iniciativas para la recuperación de suelos en el territorio como la operación de una Biofábrica enTalpa y los productores que trabajan con Fundación Cuenca Sana en la producción del biol a través de los biodigestores para la aplicación de bioinsumos en los potreros.,Trabajar en conjunto con los productores para identificar las fuentes predominantes de agua para el ganado y asegurar que haya un buen manejo de este recurso.,No,"Las actividades del subproyecto generan muy pocos o nulos residuos. Promueven prácticas que evitan el uso de garrapaticidas, por ejemplo la Maestra Irma utiliza las gallinas para desparasitar al ganado. Además la utilización de bioinsumos previene el uso de agroquímicos.","Generar un Plan para la disposición final de las baterías de los cercos eléctricos al terminar su vida útil (5 años). Además, se recomienda asesorar a los productores en la correcta disposición final de las jeringas e insumos veterinarios que utilizan en la ganadería.",No,"Para las actividades de ganadería, no se han identificado plagas. Además, la rotación de potreros ayuda a la disminución de plagas y vectores como la garrapata.  Respecto a los apiarios si ha habido presencia de varroa y han hecho control. Además, tuvieron un Taller de sanidad con las personas apicultoras.",Desarrollar el Plan de Manejo de Plagas como lo establecen en su Anexo 05. Asegurar que el control de la varroa en los apiarios se apegue a los tratamientos permitidos por SAGARPA- SENASICA (ahora SADER).,Sí,JISOC brinda asesoría técnica personalizada para la implementación de buenas prácticas y medidas de mitigación; por ejemplo; vinculación con protección civil y cercado de apiarios,,Sí,"Los vectores son minimizados con la aplicación de bioinsumos, y de manera natural al romper los ciclos de ácaros como la garrapatamediante la rotación del ganado en las parcelas. Cercado de apiarios para evitar picaduras a las personas y comunidad. Protección civil en coordinación con la JISOC realizan el rescate de los enjambres para su reubicación y aprovechamiento, a fin de seguir ayudando al ecosistema, o en su caso la eliminación, dicho trabajo se realiza por parte del personal técnico capacitado con el objetivo de proteger a la sociedad y el medio ambiente.",Colocar señalética en los apiarios para prevenir accidentes y que las personas estén enteradas de las actividades.,N/A,,Las actividades del subproyecto no involucran el uso de materiales peligrosos,Sí,,Se implementaron actividades para la prevención de incendios en los apiarios.,No,Se recomienda desarrollar un Plan de Respuesta ante Emergencias. Recordar lo que se abordó durante el taller del 06 y 07 de julio sobre Gestión Integral de Riesgos. Sencillo e implementado es mejor que complejo sin implementar.,Cuando se otorgó el material BIOCOMUNI a las OLLC se otorgó un botiquín de primeros auxilios para campo.,No,"Conforme acordamos en el Taller de Gestión Integral de Riesgos, llevado a cabo el 06 y 07 de julio, por favor notificar a FONNOR enviando a más tardar 48 horas después del incidente a través de info@fonnor.org.  Deberá ir adjunto el reporte de  incidentes disponible  aquí. FONNOR  coordinará un espacio de diálogo con la OLLC para definir acuerdos y la ruta de acción.",,No,,,N/A,Los árboles plantados en los sistemas silvopastoriles intensivos se adquirieron de un vivero ya establecido.,,Sí,Se implementa el método de parcela ganadera con BIOCOMUNI y se realiza monitoreo de agua.,,Sí,"Las actividades del subproyecto buscan la regeneración del suelo a través del SSPI, además que promueven el uso de bioinsumos, biol.y uso de forrajes nativos, instalación de cercos vivos, desparasitantes alternativos a las ivermectinas. Las actividades apícolas promueven la polinización de especies nativas de árboles.",,N/A,N/A,,,N/A,,,N/A,,,N/A,,,N/A,,,Sí,Sí,Estos vestigios fueron reportados y gestionados desde hace 10 años por el municipio en donde se encuentra el rancho. Actualmente se encuentra cercado el paso a este sitio para preservarlo.,Mantener el ganado alejado de los petroglifos.,Sí,Los responsables técnicos del subproyecto tienen reuniones de inicio y seguimiento de las actividades del subproyecto. El diseño de los potreros rotacionales se diseñó en colaboración con las personas productores y se adecuaron a sus necesidades.,,Sí,"En las Escuelas de campo y talleres SIPSSOC que sesionan al menos una vez al mes en el caso de las ECAS, y cada bimestre en el caso de los SIPSSOC",,Sí,"En las Escuelas de campo y talleres SIPSSOC que sesionan al menos una vez al mes en el caso de las ECAS, y cada bimestre en el caso de los SIPSSOC",,Sí,"Sí a través de ECA, SIPSOCC y los intercambios de experiencias que la JISOC promueve entre los beneficiarios ganaderos y apícolas.",,Sí,,,Sí,"Las Escuelas de Campo y SIPSSOC están diseñadas para la participación de las familias en los eventos lo cual promueve la participación de las mujeres. Además, la organización ha hecho un esfuerzo por identificar a mujeres ganaderas y apícolas que se beneficien de la implementación de las prácticas climáticamente inteligentes.",,,Sí,"Las Escuelas de Campo y SIPSSOC están diseñadas para la participación de las familias en los eventos lo cual promueve la participación de las mujeres. Además, la organización ha hecho un esfuerzo por identificar a mujeres ganaderas y apícolas que se beneficien de la implementación de las prácticas climáticamente inteligentes.",,Sí,En medida de lo posible,,Sí,La OLLC cuenta con la información pertinente de las instancias responsables de atender casos de violencia de género en Jalisco.,,Sí,La OLLC cuenta con la información pertinente de las instancias responsables de atender casos de violencia de género en Jalisco.,,Sí,"Se difunde en las ECA, SIPSOCC y durante las sesiones de acompañamiento técnico",,
29,11/05/2025 11:29,11/05/2025 11:36,,anónimo,,,CONECTA,Co-diseño e implementación de sistemas agrosilvopastoriles en el Ejido San Juan de Abajo para un paisaje resiliente,AMS2207009,Mauricio Ortega Flores,,6/6/2023,Campo,Sí,,,Sí,Los residuos vegetales del lote baldío donde se construyó el vivero están siendo compostados,,Sí,"Se han generado espacios y talleres que promueven la participación activa de las y los beneficiarios, con énfasis en grupos de mujeres.",,Sí,Lo han demostrado desde el comienzo de las actividades del subproyecto.,,Sí,,,Sí,,,N/A,No contamos con la información,,No,,,N/A,,,Sí,Se construyó un baño a lado del vivero a petición de las mujeres que colaboran en el subproyecto.,,No,No tenemos información,Se promoverá en fase 2,N/A,No tenemos información,Recomendar a las OLLC incluirlo en cada taller.,Sí,"En el vivero hay mangueras eficientes, el agua del baño está conectada a un ducto de aguas residuales oficial. El cerco eléctrico funciona con energía solar.",,Sí,Tienen composta en el vivero,Examinar otras posibles fuentes de residuos en el marco de las actividades del proyecto (p.ej. bolsas plástico del vivero),Sí,Insumos de control biológico para el vivero,,Sí,Acompañamiento técnico adecuado,,N/A,,,N/A,Las actividades del subproyecto no contemplan el manejo de materiales peligrosos.,,N/A,Sugerir adoptar medidas para el manejo de fuego para cuidar el pastizal.,,No,Participar en el taller sobre Gestión Integral de Riesgos,,N/A,Al suceder un incidente avisar a FONNOR.,,No,,,No,,Hacer el aviso a la SEMARNAT y enviar la copia respecto a la colecta de semillas para el vivero,Sí,BIOCOMUNI,,Sí,,Utilizan especies nativas de árboles. Talleres sobre importancia biodiversidad.,N/A,N/A,,,N/A,,,N/A,,,N/A,,,N/A,,,N/A,N/A,,,Sí,"La OLLC es proactiva en presentar los avances del subproyecto a las organizaciones. El día de la visita, martes 30 de mayo los representantes de la OLLC mostraron los avances a las personas beneficiarias.",,Sí,"La OLLC ha colocado materiales de difusión en espacios comunitarios, escuelas, ha tenido un acercamiento con el centro rehabilitación. Además, han diseñado y colocado carteles con avances del subproyecto. Diseñaron un juego dirigido a personas ganaderas y tienen varias publicaciones sobre el subproyecto en la página del ITESO como el que está disponible en esta ruta  https://iteso.mx/web/general/detalle?group_id=36709729",,Sí,"La OLLC contactó al Delegado Municipal de San Juan de Abajo y ahora se encuentra directamente involucrado en el subproyecto. De igual forma la OLLC ha establecido relación con escuelas tanto de nivel primaria como universitario para involucrar a los jóvenes en la limpieza del río y el trabajo en el vivero respectivamente. Trabajo con la Universidad Iteso y el IMPLAN se ha realizado para la rehabilitación de las zonas riparias del río Huichichila a través de actividades de restauración y la creación de un parque lineal.  Finalmente, la OLLC realiza reuniones periódicas con las personas beneficiarias, así como con grupos de mujeres. Las actividades del vivero, limpieza del río y colecta de semillas también fortalecen la gobernanza local.",,Sí,"Los actores sociales mencionados están involucrados activamente en la planeación, diseño y ejecución de las actividades.",,No,,Para la siguiente fase lo tienen contemplado,Sí,,,,Sí,Tienen un grupo de mujeres activo en distintas actividades del subproyecto. Son ellas quienes operan el vivero y hacen la colecta de semillas.,,Sí,,,No,,,No,,,Sí,,,
30,11/05/2025 11:37,11/05/2025 11:45,,anónimo,,,CONECTA,Modelo de Ganadería Sustentable de la Comunidad Indígena de Chacala y Región Costa Norte,AMS2207029,Kathia Contreras,,6/6/2023,Campo,Sí,,,Sí,,,Sí,Por ejemplo la OLLC es muy respetuosa de los tiempos y disponibilidad de las personas beneficiarias,,Sí,,,No,,Se fortalecerá en la fase dos.  Particularmente en lo que respecta a seguridad en la operación del centro de acopio y engorda y en el manejo de residuos.,Sí,,,N/A,No tenemos información,,No,,,N/A,,,No,Aún no está en operación el centro de acopio y engorda,En el POA Fase 2 se contempla presupuesto para cuestiones de seguridad en la operación del centro,No,,En la segunda fase se promoverán estas capacidades,N/A,No tenemos información,Presentar a los beneficiarios y tener el material impreso,Sí,".Cuentan con un tanque de geomembrana de 30,000 lts de capacidad para el  riego del banco de proteínas , cerco vivo y ganado del centro de  acopio. Se instaló en la parte alta del predio con el fin de utilizar riego por gravedad",,No,,Se recomendó incluir en la  fase 2 del subproyecto,No,,Se observó que existe plaga de copalillo (arbusto) en la región. Se sugiere contar con una estrategia de manejo.,Sí,Acompañamiento técnico adecuado,,N/A,No contamos con información,,N/A,,,No,Sugerir adoptar medidas para la prevención y manejo de fuego,,No,FONNOR brindará dos talleres en materia de seguridad. El equipo de REGENERACTIVO participará en ambos talleres para fortalecer este tema.,,No,Al suceder un incidente avisar a FONNOR,,No,,,N/A,,,Sí,Se realiza monitoreo de biodiversidad en tres parcelas ganaderas.,,Sí,Utilizan especies nativas de árboles para los cercos vivos.,Los productores manifestaron que existen ataques al ganado por felinos en la región. Se sugiere difundir el fondo de aseguramiento ganadero.,N/A,N/A,,,N/A,,,N/A,,,N/A,,,N/A,,,N/A,N/A,,,Sí,"Existe una gran cohesión social entre los técnicos que desarrollan el subproyecto, las personas beneficiarias y la comunidad en general.",¡Felicidades por sus avances!!,Sí,Se ha divulgado el subproyecto en  las Escuelas de Campo de Cabo Corrientes y Puerto Vallarta.,,Sí,"Se promueven espacios de participación cercana con las personas beneficiarias, así como  con la JISOC para el desarrollo de las actividades conjuntas del subproyecto. También hay colaboración con el PLAT que trabaja en la región.",,Sí,,,No,,Para la fase dos del subproyecto se incluyeron indicadores de género,No,,,,Sí,Hay mujeres ganaderas que participan activamente en el marco de las actividades.,Fortalecer la participación de las mujeres en el diseño y operación del centro de acopio y engorda.,No tenemos información.,,,No tenemos información.,,,No tenemos información.,,,No tenemos información.,,Sugerir presentar el MAQyC durante las sesiones de capacitación y tener el material impreso.,
31,11/05/2025 11:47,11/05/2025 11:53,,anónimo,,,CONECTA,"Agroecología cafetalera, implementando prácticas para la conservación ecosistemica, del suelo, el manejo del carbono y la viabilidad socioeconómica del cultivo",AMS2207030,Isauro Cortés Flores,,25/10/2023,Campo,Sí,Completar el porcentaje del presupuesto destinado al cumplimiento  de los EAS.,,Sí,Se observa una amplia apropiación de parte de los productores.,,Sí,Las actividades involucran directamente a los dueños de las fincas por los que las necesidades obedecen a los intereses de cada grupo.,,Sí,La organización tiene una amplia trayectoria en el sector del café y con mucha sensibilidad social.,,Sí,,,N/A,,,N/A,,,N/A,,,N/A,,,N/A,,,N/A,,,Sí,,Se requiere seguir divulgando el mecanismo.,Sí,"A través de las biofabricas e implementación de insumos para la fertilización a nivel de finca se busca mejorar la productividad sin explotar al máximo el suelo y saturar de fertilizante, mediante pruebas de suelo se sabe que necesita cada finca.",,N/A,,,No,,,Sí,La participación de los productores aprovechando su amplia experiencia y conocimientos en la implementación se pueden notar.,,No,,,No,,,N/A,,,No,,,N/A,,,No,,,N/A,,,Sí,Se está realizando el monitoreo biocomuni en algunas parcelas seleccionadas.,,Sí,"Manejo de la sombra del café, lo cual fomenta la conectividad entre fincas.",,N/A,N/A,,,N/A,,,N/A,,,N/A,,,Sí,,Se recomienda seguir difundiendo el mecanismo a los beneficiarios del subproyecto.,N/A,N/A,,,Sí,,,Sí,Se han establecido foros de socialización del subproyecto con Cafecol ac.,,Sí,Se cuenta con una red de productores que están interactuando y realizando compras colectivas.,,Sí,Los enlaces técnicos y administrativos han participado en los diferentes foros de participación de la comunidad a nivel estatal y nacional (SICC) y los brigadistas en los talleres de capacitación.,,No,,,N/A,,,De 30% a 59%,No,Especificar cuáles,,Sí,,,No,,,No,,,Sí,,Se recomienda seguir difundiendo el mecanismo a los beneficiarios del subproyecto.,
32,11/05/2025 11:56,11/05/2025 12:11,,anónimo,,,CONECTA,Ganadería regenerativa bajo manejo holístico de los recursos naturales,AMS2207041,Isauro Cortés Flores,,8/11/2023,Campo,No,Las medidas de mitigación son recomendaciones técnicas y acuerdos locales,,Sí,Existe buena comunicación de la OLLC con los beneficiairos.,,Sí,,,Sí,La organización cuenta con las capacidades y la experiencia en la región lo que les ha permitido cumplir con las actividades del subproyecto.,,No,"Las medidas se pueden fortalecer con acciones complementarias. Por ejemplo, para incluir a más mujeres.",,N/A,,,N/A,,,N/A,,,N/A,,,N/A,,,N/A,,,Sí,,Se requiere seguir divulgando el mecanismo.,Sí,Mucho del material que se utilizó para los cercos vivos proviene de la misma comunidad.,,N/A,,,No,,,Sí,La organización y los beneficiarios cuentan con mucha experiencia en el manejo ganadero y realizan un manejo veterinario externamente al subproyecto.,,No,,,No,,,,,N/A,No,,,N/A,,,No,,,N/A,,,Sí,Se realiza un monitoreo de prendimiento de los bancos de Leucaena.,,Sí,A través de los cercos vivos se fomenta la conectividad de manchones forestales.,,Sí,Sí,Las reuniones y talleres de capacitación se realizan en Nahuatl y en español cuando hay parcipación de externos.,,Sí,La mayoría de los beneficiarios son personas de más de 50 años y se cuenta con la participación de una mujer ganadera.,,Sí,Se observa un respeto a los usos de suelo que tiene cada beneficiario por lo que no hay imposición de los modelos que se están fomentando en la región.,,Sí,La participación de los beneficiarios en el diseño de sus módulos se puede observar en campo.,,Sí,,Se recomienda seguir difundiendo el mecanismo a los beneficiarios del subproyecto.,N/A,N/A,,,Sí,Se observa una apropiación del subproyecto.,,No,,,Sí,Se tienen reuniones locales y se ha fomentado el intercambio entre comunidades.,,Sí,Los enlaces técnicos y administrativos han participado en los diferentes foros de participación de la comunidad a nivel estatal y nacional (SICC).,,No,,,N/A,,,De 0% a 29%,No,,,Sí,Las adquisiones de equipos silvopastoriles se dan en igualdad.,,No,,,No,,,Sí,,Se recomienda seguir difundiendo el mecanismo a los beneficiarios del subproyecto.,
33,11/05/2025 12:13,11/05/2025 12:20,,anónimo,,,CONECTA,"Conectividad del paisaje ganadero por medio de la restauración pasiva y productiva en la vertiente sur de la sierra de Otontepec, Ver",AMS2405005,Isauro Cortés Flores,,9/11/2023,Campo,Sí,,,Sí,Se observa que las acciones de mitigación fueron consensuadas con los beneficiarios.,,Sí,"Las actividades se adecuaron a los tiempos, horarios y necesidades de los beneficiarios.",,Sí,La organización cuenta con una gran presencia en la región por lo que cuenta con el respaldo social.,,Sí,"El subproyecto a promovido la participación de las mujeres adecuándose a sus tiempos, acompañadas de capacitación técnica.",,N/A,,,N/A,,,N/A,,,N/A,,,N/A,,,N/A,,,Sí,,Se requiere seguir divulgando el mecanismo.,Sí,,,N/A,,,No,,,Sí,Si bien el manejo  veterinario del hato no esta como actividad en el subproyecto los ganader(a)os cuentan con conocimientos y saberes sobre el manejo de los mismos.,,No,,,No,,,N/A,,,No,,,N/A,,,No,,,N/A,,,Sí,Se está realizando el monitoreo biocomuni en algunas parcelas seleccionadas.,,,Se están destinando áreas de conservación y se están protegiendo zonas ríparias con exclusión de ganado.,,N/A,N/A,,,N/A,,,N/A,,,N/A,,,Sí,,Se recomienda seguir difundiendo el mecanismo a los beneficiarios del subproyecto.,N/A,N/A,,,Sí,Se observa una gran apropiación del subproyecto.,,No,,,Sí,Se tienen reuniones locales y se ha fomentado el intercambio entre comunidades.,,Sí,Los enlaces técnicos y administrativos han participado en los diferentes foros de participación de la comunidad a nivel estatal y nacional(SICC) y los brigadistas en los talleres de capacitación.,,No,,,N/A,,,De 0% a 29%,No,,,Sí,Las adquisiones de equipos silvopastoril se dan en igualdad.,,No,,,No,,,Sí,,Se recomienda seguir difundiendo el mecanismo a los beneficiarios del subproyecto.,
34,11/05/2025 12:22,11/05/2025 12:30,,anónimo,,,CONECTA,"Incrementando la resiliencia socio-ecológica de los agroecosistemas cafetaleros de la zona alta-media de la cuenca del río Jamapa, fase II",AMS2207048,Isauro Cortés,,25/7/2023,Campo,Sí,,,Sí,"Reuniones con los propietarios y talleres, acompañamiento para brindar información de las APCs y Sello",,Sí,"Colecta de semilla de acuerdo a protocolos, selección de especies, conocimientos locales, etc.",,Sí,,,Sí,,Explorar otras estratégias de regulación del uso del suelo (Forestal).,Sí,,,Sí,,Revisar el ppt,N/A,,,N/A,,,N/A,,"Fomentar medidas de seguridad de las personas, donde aplique para el tema de manejo de cafetal(fertilización, corte). Incluir la parte sensibilización ambiental sobre medidas a tomar en cuenta.",No,,Fomentar esas medidas en los involucrados del subproyecto.,No,,,No,,No se están fomentado el manejo del fuego,No,,"No hay plan de manejo de resíduos.  Operativizar el plan de manejo reforzando otros criterios que den valor a los productos (prácticas de restauración de suelos, transición a mejores prácticas). Observamos envases en algunas fincas que se están certificando. Les proponemos un plan de manejo de residuos .",No,,No se está atendiendo.,No,Listar Actividades de capacitación relevantes realizadas en el periodo.,Se tendría que explorar esta medida para atender en un futuro.,N/A,Especificar qué medidas,No se están promoviendo acciones.,N/A,Especificar qué medidas,,N/A,,Especificar qué medidas,No,,Especificar qué medidas,N/A,,,No,,,No,,Brindar la asesoría para la gestión de permisos de aprovechamiento. Se puede incluir un criterio de documentos en regla.,Sí,,,Sí,,Enriquecimiento de cafetales.,N/A,N/A,,,N/A,,,Sí,,,Sí,,,Sí,,Se recomienda seguir divulgando el mecanismo,N/A,N/A,,,Sí,,Buscar retrolimentación entre beneficiarios,No,,"Han tenido vinculación con otros subproyectos, pero fortalecer estos aspectos.",No,,,No,,Aprovechar el potencial,Sí,Video de visibilización del trabajo de las mujeres cafetaleras,,Sí,,Fase I y se realizará otro video en la Fase II,,No,,Fomentar la visión de la participación de la familia en las actividades.,Sí,,,No,,Fomentar un ambiente libre de violencia.,No,,,Sí,,,
35,11/05/2025 12:36,11/05/2025 12:44,,anónimo,,,CONECTA,"Conservación, restauración y manejo forestal sostenible de los sitemas agroforestales de la microcuenca Vinazco, perteneciente a la cuenca del Río Tuxpan, Veracruz; mediante la aplicación de estrategias , tecnicas y prácticas productivo-conservacionistas.",AMS2207026,Isauro Cortés,,7/11/2023,Campo,Sí,Completar el porcentaje del presupuesto destinado al cumplimiento  de los EAS.,Estimar el porcentaje con el área administrativa.,No,,No se tiene información todavía.,Sí,Mencionar las medidas implementadas en el periodo.,Se revisará en el próximo reporte las evidencias .,Sí,,Se buscaría reforzar la parte de coesión de grupos y sostenibilidad en el tiempo. ( Revisar las metodologías),No,"Si bien los están justificando como sistema agroforestal, seguir haciendo énfasis.",Tener en cuenta los posibles riesgos de algunos frutales que pueden tener un efecto en el paisaje por cambio de uso de suelo. Por aguacate y limón.,Sí,Se siguen los lineamientos de contratación de apoyo en campo y pago de seguro a los monitores.,,N/A,,Revisaremos los pagos a los trabajadores y jornales.,No,,,N/A,,,Sí,Listar las principales medidas,"Se cuentan con algunas medidas en oficina, vivero y en actividades del monitoreo.  Sin embargo observamos un vehiculo en malas condiciones mecánicas y sin emplacamiento actualizado.",Sí,,"Se recomienda fortalecer el tema de primeros auxilios en las brigadas contraincendios, monitoreo. Pueden solicitar un curso a CONAFOR de reforzamiento.",No,,Se observo que no lo traen muy internalizado. Facilitar materiales y aprovechar las reuniones  para recordar el mecanismo.,Sí,Se están implementando bioinsumos y diversificación en los predios.,,No,Se cuentan con medidas que apoyan y complementan las actividades.,Recordar que deben llevar sus recipientes de muestras de residuos.,Sí,Se implementan medidas para realizar los bioinsumos,,Sí,"Se puede reforzar el manejo agroecológico en los cultivos como manejo de plagas, almacenamiento de maíz, etc.",,N/A,"Medidas de prevención de COVID, el año pasado.",,Sí,Se hace buena disposición de los reactivos del monitoreo del agua.,Verificar el manejo de residuos.,N/A,,Especificar qué medidas,Sí,Si promueven medidas pero no están escritas en un plan como tal.,Especificar qué medidas,No,,,No,,,,,,,,,,,,N/A,N/A,,,Sí,Algunos participantes se identifican como indígena.,Monitorear la participación de la población indígena.,Sí,,,N/A,,,Sí,,Se tiene que seguir reforzando,N/A,N/A,,,Sí,,,Sí,Se ha divulgado el subproyecto a través de plataformas locales como radio Huayacocotla.,,No,,,No,,,No,,,N/A,,,,Sí,Producción de artesanías y hongos.,,N/A,No se tienen datos todavía.,,No,,,No,,,Sí,,Se tiene que seguir divulgando el mecanismo.,
36,11/05/2025 13:00,11/05/2025 13:07,,anónimo,,,CONECTA,"Conservación y desarrollo sustentable en el ejido Loma Bonita, municipio de Mapastepec, Chiapas",AMS2207023,Carla Aguilar,,1/5/2024,Campo,Sí,"Se tiene recurso complementario, el vivero ha diversificado su producción y aumentado su producción disminuyendo los riesgos asociados a la producción de planta.",,Sí,,,Sí,,,N/A,,,No,Se realizó un primer taller de integración para todas/os las participantes de CONECTA de Loma Bonita.,"Se han identificado otros retos sociales, como la toma de acuerdos en las actividades del vivero.",Sí,,,Sí,,,No,,,N/A,,,Sí,La brigada contra incendios ha recibido capacitaciones para fortalecer su trabajo por medio de protección civil del municipio. Aún falta equipar a la brigada con las herramientas mencionadas con anterioridad.,Aún se necesita dar mejores y las herramientas mínimas para la brigada contra incendios o conseguir recursos desde instituciones como CONANP o protección civil para evaluar la posibilidad de recursos complementarios.,Sí,,,N/A,,,Sí,"En el caso del vivero, se utiliza agua disponible de fuentes cercanas, así como reutilizar bolsas de plástico para los nuevos cultivos evitando mayor desperdicio.",,No,,Se han identificado avances en el tema de gestión de residuos del vivero por la reutilización del material.,N/A,,,Sí,"Se cuenta con capacidad de manejo y gestión en territorio, no se ve reflejado en los reportes el esfuerzo de capacitaciones para un mejor uso de recursos, medidas agroecológicas y demás. Se está trabajando con el equipo técnico para mejorar el reporte de avances para el PO de Fase III y reporte final de diciembre 2024.",,No,,,N/A,No se han identificado manejo de materiales peligrosos.,,Sí,,"La brigada comunitaria contra incendios es una de las principales actividades que se realizan en el subproyecto, la brigada se mantiene activa.",No,,,N/A,,,No,,,No,,,Sí,"En los sistemas agroforestales se está realizando monitoreo forestal y de biodiversidad (independiente a Biocomuni) junto con la comunidad, se está reforzando la metodología.  Además se realizan los dos monitoreos al año de agua y biodiversidad biocomuni.",,Sí,Se continúa con la producción de especies maderables en el vivero comunitario como parte de los sistemas agroforestales de café y cacao.,,N/A,N/A,,,N/A,,,N/A,,,N/A,,,N/A,,,N/A,N/A,,,Sí,"En este semestre se realizó una solicitud expresa de la comunidad sobre el uso y distribución de los recursos, el equipo técnico del subproyecto realizó un poster con la información detallada para pegar en la comunidad.",,Sí,"El equipo técnico ha invitado a personas de comunidades cercanas con interés en las capacitaciones, para poder identificar nuevos grupos de productores en la región.",,Sí,Se realiza la planeación de actividades y toma de decisiones sobre el proyecto con la comunidad. En el caso del interés en ecoturismo se han realizado reuniones con el grupo de Loma Bonita para que ellas/os decidan qué quieren priorizar en actividades así como cambios significativos en planes por temas de figuras legales (como la advc).,,Sí,Para el encuentro de mujeres CONECTA se preguntó a las mujeres participantes si podía ser el encuentro ahí y si querían participar. Aquellas interesadas fueron partícipes de las actividades para mostrar el trabajo que han realizado.,,Sí,"En el semestre hubo retos a nivel de organización del vivero, se hizo un taller general para todo el GP. Se dará seguimiento para las acciones puntuales de género.",,Sí,,,De 30% a 59%,Sí,"Se realizan actividades y pago de jornales a mujeres en el vivero comunitario, el cual con recursos complementarios ahora incluye el tema de seguridad alimentaria y diversificación de actividades: hortalizas, árboles maderables, cacao y café.",,Sí,,,No,,,No,,,N/A,En las visitas se realiza ronda de preguntas a todo el GP sobre el proyecto y necesidades.,Desde FONCET y los subproyectos se reforzarán mecanismos accesibles para sugerencias y quejas (buzón u encuestas anónimas).,
37,11/05/2025 13:08,11/05/2025 13:18,,anónimo,,,CONECTA,Fortalecimiento de capacidades productivas y desarrollo de sistemas agroecológicos. Cafeticultura de conservación y ganadería silvopastoril,AMS2207020,Carla Aguilar,,2/5/2024,Campo,No,"Se realizaron visitas a las parcelas del cafetal y con el grupo de ganadería, en temas ambientales y sociales se continúa fortaleciendo la participación comunitaria y los riesgos identificados en el anexo 5 se han manejado adecuadamente.",,Sí,,,Sí,,,N/A,,,Sí,"En el caso de ganadería, se ha disminuido el uso de insumos externos como herbicidas y fertilizantes con las opciones de manejo agroecológico para los potreros.","En la visita, se identificó como riesgo el crear nuevas áreas para actividades como el café. Se recomienda hacer recorridos con las y los productores para priorizar la renovación de cafetales antes de nuevas parcelas de café.",Sí,,,N/A,No se realizan actividades remuneradas en el subproyecto.,,No,,,N/A,,,N/A,,,Sí,"Aunque no se atienden riesgos en relación al trabajo, en el caso de ganadería y café se realizan capacitaciones constantes para mejorar el manejo agroecológico de las parcelas, reducir los riesgos de plagas y enfermedades de las plantas y manejo por medios agroecológicos. Este subproyecto tiene la base y fortaleza de realizar talleres en herramientas que permitan reducir el riesgo asociado al manejo tradicional con insumos químicos las parcelas.",,N/A,"Durante la visita se realizó una mesa de preguntas y avances del subproyecto, así como expectativas",Se trabajará desde FONCET en facilitar otros medios para retroalimentación del subproyecto.,Sí,"En este último año se ha reforzado la salud del suelo como medio principal para una producción sana y conservación, en ese sentido las herramientas como las micorrizas, caldo sulfocálcico, bacterias acidolácticas son métodos que permiten un manejo de las parcelas, tanto de ganadería como de café con un mejor manejo sustentable.",,No,"Aunque no se tiene un plan de gestión de residuos, en el caso de los viveros de café, cada propietario a continuado el uso de materiales por iniciativa propia, incluso ampliando el tipo de plantas producidas con especies maderables y frutales para sus sistemas agroforestales diversificados.  Los viveros de las dos parcelas visitadas continúan en uso.",,N/A,,,Sí,"Se cuenta con capacidad de manejo y gestión en territorio, no se ve reflejado en los reportes el esfuerzo de capacitaciones para un mejor uso de recursos, medidas agroecológicas y demás. Se está trabajando con el equipo técnico para mejorar el reporte de avances para el PO de Fase III y reporte final de diciembre 2024.",,No,,,N/A,No se han identificado manejo de materiales peligrosos.   Los materiales del monitoreo de agua se mantienen con personas específicas bajo resguardo por el manejo del kit para el análisis químico.,,No,,,No,,,N/A,,,No,,,No,,,Sí,Se realizan los dos monitoreos al año de agua y biodiversidad biocomuni.,,Sí,Se han plantado árboles forrajeros para el grupo ganadero.,,N/A,N/A,,,N/A,,,N/A,,,N/A,,,N/A,,,N/A,N/A,,,Sí,"En  ambos grupos se hace la planeación de las actividades junto con el grupo. En el caso de 3 de mayo incluso, se replanteó la compra del equipo para café según los intereses del grupo. A partir de su visita a la cooperativa de café en Chilón, se cambió el enfoque y decidieron comprar una tostadora con los recursos asignados del subproyecto y PLAT. En el caso de Valdivia, los objetivos del proyecto son claros y acordados por el grupo de ganaderas/os, así como en el uso de recursos para insumos.",,Sí,,,Sí,,,Sí,,,Sí,,,Sí,,,De 0% a 29%,Sí,"Ambos grupos han generado interés por mujeres lideres, en este semestre, a partir de los proyectos de CONECTA, se conformaron grupos de mujeres para café y ganadería que participaron en distintas convocatorias. Son alrededor de 25 mujeres identificadas e interesadas en obtener el acompañamiento y recursos para fortalecer sus sistemas productivos de una forma regenerativa.",,Sí,,,No,,,No,,,N/A,En las visitas se realiza ronda de preguntas a todo el GP sobre el proyecto y necesidades.,Desde FONCET y los subproyectos se reforzarán mecanismos accesibles para sugerencias y quejas (buzón u encuestas anónimas).,
38,11/05/2025 15:03,11/05/2025 15:12,,anónimo,,,CONECTA,Fortalecimiento de capacidades y buenas prácticas de un modelo silvopastoril y agroforestal,AMS2207019,Carla Aguilar,,5/5/2024,Campo,Sí,"Se le ha dado prioridad al tema de inocuidad e higiene en el proceso de la leche, se realizó un diagnóstico con un especialista y se han realizado talleres para homologar la producción de leche.   Por la sequía, la sobrevivencia de árboles forrajeros fue menor a la esperada (alrededor de 70%), se ha repuesto plantas para los bancos de proteína. Se utilizan especies nativas forrajeras para las parcelas.",Para la fase III dar seguimiento al tema de implementación en campo de rotación de potreros para verificar el mejoramiento en el manejo de las parcelas.,Sí,"Se realiza la planeación y comunicación continua con las y los ganaderos del grupo de Coapa, desde la planeación, protocolos de emergencia y violencia de género.",,Sí,"De acuerdo al Anexo 5, se han realizado las acciones ambientales y sociales. Aún queda pendiente el tema de planes de manejo técnicos con acciones afirmativas. El semestre anterior se realizó el protocolo de contingencias.",,Sí,,,Sí,"En el caso de ganadería, se ha disminuido el uso de insumos externos como herbicidas y fertilizantes con las opciones de manejo agroecológico para los potreros.","Para Fase III se recomienda fortalecer el seguimiento de las parcelas en el manejo, en la visita aún quedan dudas sobre manejo de rotación y demás prácticas que permiten reducir los riesgos ambientales asociados al proyecto.",Sí,,,N/A,No se realizan actividades remuneradas en el subproyecto.,,No,,,N/A,,,N/A,,,Sí,En el grupo se fortalecen las capacidades de manejo agroecológico con enfoque en la salud del suelo y del ecosistema a través de sistemas silvopastoriles diversificados. El grupo continúa recibiendo herramientas y capacitaciones al respecto.,,N/A,,Se trabajará desde FONCET en facilitar otros medios para retroalimentación del subproyecto.,Sí,"En este último año se ha reforzado la salud del suelo como medio principal para una producción sana y conservación, en ese sentido las herramientas como las micorrizas, caldo sulfocálcico, bacterias acidolácticas son métodos que permiten un manejo de las parcelas ganaderas.",,No,,,N/A,"Se han realizado capacitaciones para manejo agroecológico de plagas, con el fin de reducir el uso de insumos externos y proteger el suelo en las parcelas ganaderas así como la salud animal.",,Sí,"Se cuenta con capacidad de manejo y gestión en territorio, no se ve reflejado en los reportes el esfuerzo de capacitaciones para un mejor uso de recursos, medidas agroecológicas y demás. Se está trabajando con el equipo técnico para mejorar el reporte de avances para el PO de Fase III y reporte final de diciembre 2024.",,No,,,Sí,No se han identificado manejo de materiales peligrosos.   Los materiales del monitoreo de agua se mantienen con personas específicas bajo resguardo por el manejo del kit para el análisis químico.,,No,,,Sí,,"El grupo ya realizó el semestre de julio a diciembre 2023, un protocolo de emergencias.",N/A,,,No,,,N/A,Los árboles se obtienen por recursos y proyectos complementarios.,,Sí,Se realizan los dos monitoreos al año de agua y biodiversidad biocomuni.,,Sí,Se han plantado árboles forrajeros para el grupo ganadero para la diversificación de las parcelas.,,N/A,N/A,,,N/A,,,N/A,,,N/A,,,N/A,,,N/A,N/A,,,Sí,En el grupo de COAPA se hace la planeación de las actividades junto con el grupo.,,Sí,,,Sí,"Las decisiones de actividades del proyecto se realizan en acuerdo con y desde el interés del grupo de productores de COAPA. El mecanismo principal son las reuniones presenciales en las cuales el grupo de 24 se compromete a asistir como parte de los recursos del proyecto, ahí se hacen solicitudes sobre actividades y la planeación.",,Sí,,,Sí,,,Sí,33,,De 30% a 59%,Sí,"Se han realizado los planes parcelarios, no se identificaron acciones afirmativas, se dará seguimiento para el último semestre de fase II.","Se recomienda integrar en las actividades acciones afirmativas y que generen participación de las mujeres del grupo. En el taller que se visitó se identifican roles muy marcados, por ejemplo, que las mujeres se encarguen de la comida (aunque ellas no dejaron que fuera así), se verá que acciones pueden permitir facilitar su participación en actividades enfocadas en mujeres y/o ganadería.",Sí,,,Sí,Se tiene el plan contra la violencia de género y se presentó al grupo para evitar cualquier situación de acoso y/o violencia a partir del proyecto.,,No,,,N/A,En las visitas se realiza ronda de preguntas a todo el GP sobre el proyecto y necesidades.,Desde FONCET y los subproyectos se reforzarán mecanismos accesibles para sugerencias y quejas (buzón u encuestas anónimas).,
39,11/05/2025 15:31,11/05/2025 15:42,,anónimo,,,CONECTA,Manejo integral del ecosistema en el rancho El Coyamito,AMS2207015,"Priscila Mendoza, Jiangsu Olea",,22/5/2024,Campo;Reporte,Sí,"Adquirieron una trampa ganadera que cuenta con medidas de seguridad. Impartieron una capacitación para mujeres donde abordaron el tema de manejo de residuos, asimismo, contaron con un botiquín de primeros auxilios.",Dar difusión al MAQC,Sí,En la capacitación de mujeres abordaron el tema de manejo de residuos. Realizaron riegos de auxilio a parte de la plantación de chamizo tras informar al productor de las posibles consecuencias en la obra por la fuerte sequía.,Continuar con los riegos de auxilio en las plantas que no han sido provistas de agua.,Sí,"Si, las ya mencionadas en los puntos 1 y 2.",,Sí,El equipo técnico cuenta con las capacidades y amplia trayectoria para la implementación de las actividades y buenas prácticas propuestas.,,Sí,"Además de las medidas ya mencionadas que han sido implementadas, también tienen considerado la sustitución de plantas de chamizo que no sobrevivieron.",,Sí,,,N/A,"No se cuenta con la información para determinar la igual remuneración de las personas que han participado en actividades del subproyecto, ya que no son contratadas directamente por la OLLC.",,No,,,N/A,,,Sí,"Instalación de trampa de manejo animal adquirida con recursos del proyecto la cual considera aspectos para la seguridad del productor, así como el bienestar animal. Cuentan con botiquín de primeros auxilios.",,Sí,"En la capacitación a mujeres hablaron sobre el manejo de lo residuos y medidas de seguridad para realizar el manejo del ganado. Uno de los productores beneficiarios, mostró a parte de los demás miembros del grupo sobre el uso de la trampa ganadera y los aditamentos de seguridad con que cuenta.",,Sí,"En las visitas de supervisión, FMCN proporcionó llaveros con la información del MAQC",,Sí,"Las obras de conservación de suelo que están realizando promueven el aprovechamiento del agua, para la recarga de los mantos freáticos. También se estableció una planeación para el riego de la plantación de Chamizo de manera que no comprometa la disponibilidad del agua para el ganado.",,No,"Como tal no se cuenta con un plan, sin embargo, la OLLC ha estado al pendiente de que en el desarrollo de las actividades no se dejen residuos al aire libre, y que se utilice lo menor posible de desechables, o que sean biodegradables.",,N/A,,,No,"La responsable técnico cuenta con pocos años de experiencia de trabajo en el ramo. Actualmente está tomando la capacitación en legislación ambiental y trámites que fue promovida por FGM. Asimismo, FMCN está brindando acompañamiento para la implementación de las buenas prácticas.",,N/A,Especificar qué medidas,,Sí,En la capacitación a mujeres abordaron el tema del manejo de los residuos derivados de la palpación al ganado y vacunación.,,No,,,No,,No se cuenta con un plan de atención a emergencias.,N/A,,,No,,,N/A,,,Sí,"Biocomuni, del suelo y producción forrajera en las áreas trabajadas",,Sí,"En el semestre realizaron monitoreo de tres especies protegidas: Águila real, berrendo y halcón peregrino. Cabe señalar que en el semestre pasado (jul-nov 2023) desarrollaron obras para la restauración de los suelos",,N/A,N/A,,,N/A,,,N/A,,,N/A,,,N/A,,,N/A,N/A,,,Sí,"Las personas beneficiarias del subproyecto están involucradas activamente en las actividades, han participado en las capacitaciones y procesos de toma de decisiones.",,Sí,"Para los monitoreos de fauna (berrendo, águila real y halcón peregrino), han tenido la colaboración de la organización de la sociedad civil Evaluación Integral de los Recursos Naturales y Hábitat (EIRAH). En la capacitación a mujeres, también extendieron la invitación a mujeres externas al subproyecto.",,Sí,"La capacitación a mujeres, a la cual asistieron mujeres ganaderas que no son beneficiarias de CONECTA, fue un espacio donde las mujeres pudieron identificar la necesidad de más espacios exclusivos para mujeres que contribuyen a la formación de redes de apoyo. Asimismo, con esta capacitación las mujeres del subproyecto han manifestado que desean más capacitación para ellas para el manejo del rancho y toma de decisiones.",,Sí,"Eyé Kawí en colaboración con el INIFAP, impartieron una capacitación dirigida a mujeres sobre el manejo ganadero y bitácoras",,Sí,Número de personas que adoptan mejores prácticas en tránsito a la sustentabilidad (mujeres),,No,"Tienen una meta de 6 mujeres, aunque en el subproyecto participan solamente 3. Se tiene pendiente verificar con la OLLC como alcanzarán la meta ya que requerirían dar seguimiento a mujeres externas al subproyecto.",,De 30% a 59%,Sí,"Las actividades en las que se desea la participación de mujeres, se realizan en fin de semana.",,Sí,,,No,"No se cuenta con ello, sin embargo, dentro del grupo de personas beneficiarias directas no se ha identificado la necesidad de ello.",,No,,No se está promoviendo el tema por la sensibilidad que representa.,Sí,FMCN repartió a las personas beneficiarias llaveros con los datos del MAQC,,
40,11/05/2025 15:45,11/05/2025 15:53,,anónimo,,,CONECTA,Acciones climáticamente inteligentes en ejido Janos,AMS2207016,"Priscila Mendoza, Jiangsu Olea",,22/5/2024,Campo;Reporte,Sí,"Adquirieron un botiquín completo de primeros auxilios, y elaboraron gafetes de identificación para las brigadistas de monitoreo comunitario",,Sí,Se han socializado los avances de las actividades y el ejercicio de recursos financieros a las personas beneficiarias. Incluyendo las buenas prácticas.,,Sí,La mayoría de las medidas de mitigación y buenas prácticas han sido implementadas y fortalecidas paulatinamente. Elaboraron un protocolo de seguridad en campo que fue socializado con las brigadistas de monitoreo de fauna. También adquirieron un botiquín de primeros auxilios muy completo.,,Sí,,,No,Faltan medidas para la actividad de apicultura,Incluir medidas ambientales y sociales para la actividad de apicultura.,Sí,La OLLC cuenta con un equipo técnico que brinda acompañamiento para el desarrollo de las actividades.,,Sí,El apoyo que reciben las brigadistas de monitoreo de fauna es por igual a cada integrante.,,No,,,N/A,,,Sí,Adquisición de equipo de protección personal (en el semestre pasado) y un botiquín de primeros auxilios para la brigada de monitoreo de fauna.,,Sí,Dieron una charla para la socialización del protocolo y mostrar el contenido del botiquín de primeros auxilios.,,Sí,"En la visita a campo FMCN proporcionó a personas beneficiarias, llaveros con los datos del MAQC.",,Sí,"Instalación de infraestructura para el manejo rotativo del ganado y distribución de agua (cerco eléctrico, pulsadores de energía, poliducto y bebederos móviles). Obras de keyline con la finalidad de favorecer la infiltración del agua, contribuir en la restauración del suelo.",,No,Está pendiente el retiro de dos montículos de residuos de piedra derivados de la construcción de presillas filtrantes de piedra acomodada.,Realizar el retiro de los residuos pendientes de disponer.,N/A,,,Sí,,,N/A,,,N/A,,,No,,,Sí,,Elaboraron un protocolo de seguridad y emergencias que contiene las unidades médicas cercanas y números telefónicos de emergencias.,N/A,,,No,,,N/A,,,Sí,Cuentan con una brigada de monitoreo de fauna,,Sí,"Se está promoviendo la conformación de una ADVC y prácticas ganaderas de pastoreo rotativo. Colocación de rampa de escape para aves en bebedero instalado, para prevenir el ahogamiento de fauna silvestre, principalmente aves.",,N/A,N/A,,,N/A,,,N/A,,,N/A,,,N/A,,,N/A,N/A,,,Sí,"Las y los productores tienen una participación efectiva en implementación de las actividades, conocen su naturaleza y alcances con excepción del grupo que participa en apicultura.",,Sí,Están haciendo difusión de los avances en las asambleas del ejido.,,Sí,Incidencia en asamblea ejidal y grupos de productores.,,Sí,Intercambio de experiencias entre brigadas de monitoreo de fauna.,,Sí,Número de mujeres implementando actividades alternativas a la ganadería de manera sustentable,,Sí,"Hay mujeres interesadas en unirse a las actividades del subproyecto, principalmente de monitoreo de fauna.",,De 30% a 59%,Sí,"Para a brigada de monitoreo de fauna, las brigadistas reciben una remuneración. Para las actividades de ganadería, se realizan capacitaciones en el salón ejidal en fin de semana que es el día que las y los beneficiarios tienen mayor disponibilidad.",,Sí,El subproyecto ha buscado distribuir los beneficios y responsabilidades de manera equitativa.,,Sí,No se cuenta con la información suficiente para responder a la pregunta.,,No,,No se están promoviendo el tema por la sensibilidad que representa.,Sí,"En la visita de supervisión FMCN proporcionó a las personas beneficiarias, llaveros con los datos de contacto del MAQC",,
41,11/05/2025 16:01,11/05/2025 16:12,,anónimo,,,CONECTA,Mejoramiento de ecosistemas pastoriles a través del incremento de infraestructura para el manejo del ganado en el predio Casa de Piedra.,AMS2207014,"Priscila Mendoza, Jiangsu Olea",,22/5/2024,Campo;Reporte,Sí,"Como tal no se tiene presupuesto específico para las medidas, sino que viene implícito en las actividades programadas.",,Sí,Se ha dado sensibilización sobre los posibles riesgos asociados a la UMA.,,Sí,Monitoreo de poblaciones de venado cola blanca,,Sí,"PROFAUNA trabaja de manera coordinada con la organización Agrocultura Empresarial. Ésta brinda asesoría técnica a los productores para el manejo ganadero abonando al cumplimiento del objetivo del subproyecto. PROFAUNA cuenta con un equipo técnico multidisciplinario que asesora y acompaña el desarrollo de las actividades propuestas en el POA, siendo los encargados de socializar los avances del subproyecto hacia las personas beneficiarias facilitando su entendimiento e involucramiento.",,Sí,,Revisar el informe del último periodo de reporte para asegurar la consistencia de las medidas de mitigación propuestas en el Anexo 5 con relación a las implementadas y reportadas.,Sí,Las actividades técnicas y de campo se desarrollan conforme a los lineamientos del MGAS.,,N/A,"En el periodo solamente se ha contratado a una persona, el maquinista para la rehabilitación de presones.",,No,,,N/A,,,N/A,No aplica en el semestre,,Sí,En la capacitación de cacería abordaron el tema de seguridad en la actividad.,,Sí,En la visita al subproyecto FMCN proporcionó llaveros con los datos de contacto del MAQC,,Sí,Instalación de sistemas para el almacenamiento y distribución del agua. Instalación de bebederos móviles. Uso de bomba solar. Correcta rehabilitación de 3 presones para favorecer la captación de las escorrentías del agua de lluvia y con ello tener mayor disponibilidad de agua para el ganado.,,No,,Se recomienda elaborar un Plan,No,Tienen la situación de dominancia en la distribución de la planta de cardenche.,Se recomienda elaborar un plan piloto de atención a la proliferación de cardenche.,Sí,,,Sí,Exclusión de ganado en cuerpos de agua y protección de áreas ribereñas.,,N/A,,,N/A,,,No,Se recomienda elaborar un plan de atención a emergencias.,,N/A,,,No,,,Sí,Obtuvieron el permiso de la SEMARNAT para el aprovechamiento de venado cola blanca,,Sí,Realizaron monitoreo de venado cola blanca,,Sí,Instalaron cercos eléctricos a lo largo y ancho de un arroyo para preservar las riberas como áreas de anidación de aves.,,N/A,N/A,,,N/A,,,N/A,,,N/A,,,N/A,,,Sí,Sí,,,Sí,"Observamos que los productores tienen un alto grado de apropiación del subproyecto y conocimiento sobre las actividades que realizan. Identificamos una buena comunicación entre la OLLC y los productores, así como un involucramiento de éstos en la toma de decisiones.",,Sí,"Próximamente se tendrá un Encuentro de mujeres en el predio, donde Profauna mostrará los trabajos que se están realizando para las áreas ribereñas.",,No,,Fortalecer la relación entre las personas beneficiarias y la dirección de la Reserva de la biósfera de Janos (RB Janos).,Sí,Con Profauna se realizará el Encuentro de mujeres ganaderas,,Sí,Número de personas capacitadas (5 mujeres),,Sí,"Ya se cumplió la meta de mujeres capacitadas, en la Fase I",,De 30% a 59%,Sí,Las actividades con las mujeres se programan en periodo vacacional,,No,"Si bien hay mujeres beneficiarias del subproyecto, su participación e involucramiento es bajo.",Realizar más actividades que atiendan a las necesidades de las mujeres.,No se cuenta con información,,,No,,No se están promoviendo el tema por la sensibilidad que representa.,Sí,"En la visita de FMCN al subproyecto, proporcionó a las personas beneficiarias llaveros con los datos de contacto del MAQC",,
42,11/05/2025 16:14,11/05/2025 16:26,,anónimo,,,CONECTA,Co-diseño e implementación de sistemas agrosilvopastoriles en el Ejido San Juan de Abajo para un paisaje resiliente,AMS2207009,Kathia Contreras,,3/5/2024,Campo,Sí,,,Sí,Los residuos vegetales del lote baldío donde se construyó el vivero están siendo compostados,,Sí,"La organización ha implementado algunas de las medidas. Por ejemplo, se han generado espacios y talleres que promueven la participación activa de las y los beneficiarios, con énfasis en grupos de mujeres. También han generado espacios de gobernanza y transparencia para fomentar la confianza sobre las actividades del subproyecto con actores locales como el Ayuntamiento de Bahía de Banderas","Se recomienda desarrollar un Plan de Respuesta ante Emergencias, así como un Plan para el adecuado Manejo de Plagas y Vectores y un Plan para la adecuada Gestión de Residuos.",Sí,"Lo han demostrado desde el comienzo de las actividades del subproyecto. Tienen vínculos estrechos con actores locales incluyendo el ejido, grupos de mujeres, universidades locales entre otros",,Sí,,,Sí,,,No tenemos información,,,No,,,N/A,,,Sí,,"En la entrada del vivero tienen el reglamento del vivero comunitario que tienen indicaciones claras para garantizar el ambiente de trabajo adecuado. Además de que es un espacio seguro para las mujeres. Además, implementaron un baño en las inmediaciones del vivero para satisfacer las necesidades de las mujeres viveristas",Sí,,Continuamente tienen reuniones y en el reglamento establecen indicaciones para la prevención de riesgos en el trabajo,No tenemos información,,Hemos recomendado a las OLLC difundirlo,Sí,En el vivero hay mangueras eficientes.  El agua del baño está conectada a un ducto de aguas residuales oficial. El cerco eléctrico funciona con energía solar. Cuen de biol en plantaciones experimentales agroecológicas de sandía y maítan con una composta en el vivero. Han promovido el usoz . En una parcela caracterizada por tener suelo pedregoso se instaló un banco de proteínas con árboles forrajeros. Realizaron un taller de elaboración de bioinsumos (composta y fertilizantes naturales). El reglamento del vivero también establece indicaciones para evitar desperdicios,"Compostar los árboles del banco de proteínas con los residuos del vivero o de la producción de sandía, aunque sabemos que esto también lo usan para alimentar al ganado.",N/A,"El subproyecto no genera residuos y sustancias peligrosas. Sin embargo, es importante resaltar que desde el año 2023 compostean residuos del vivero.","Es necesario examinar otras posibles fuentes de residuos en el marco de las actividades del proyecto (p.ej. bolsas plástico del vivero, envases de micorrizas usados en el experimentos agroecológicos)",Sí,Insumos de control biológico para el vivero El reglamento del vivero también presenta indicaciones claras para la prevención del manejo de plagas.,,Sí,Acompañamiento técnico adecuado.,,N/A,,,N/A,,,N/A,,,No,Se recomienda desarrollar un Plan de Respuesta ante Emergencias. Recordar lo que se abordó durante el taller del 06 y 07 de julio 2023 sobre Gestión Integral de Riesgo “Sencillo e implementado es mejor que complejo sin implementar”.,Cuando se otorgó el material BIOCOMUNI a la OLLC se otorgó un botiquín de primeros auxilios para campo.,N/A,Durante el Taller de Gestión Integral de Riesgos del 06 y 07 de julio 2023 se acordó que las OLLC notificarán a FONNOR cualquier incidente más tardar 48 horas después a través de info@fonnor.org. Deberá ir adjunto el reporte de incidentes disponible aquí. FONNOR coordinará un espacio de diálogo con la OLLC para definir acuerdos y la ruta de acción.,,No,,,No,,Hacer el aviso de colecta de germoplasma forestal a la SEMARNAT y enviarnos la copia.,Sí,Se realiza monitoreo de biodiversidad en una parcela ganadera.,,Sí,En la primera fase del subproyecto se realizaron talleres sobre la importancia de la biodiversidad en los paisajes productivos. Durante la segunda fase se utilizan especies nativas de árboles y forrajes para bancos de proteína y cercos vivos para el rancho silvopastoril piloto.,,N/A,N/A,,,N/A,,,N/A,,,N/A,,,N/A,,,N/A,N/A,,,Sí,La OLLC es proactiva en presentar los avances del subproyecto a las organizaciones y comunidades con las que colabora. El día 03 de mayo organizaron un taller con los productores de sandía para presentarles los resultados de la corrida financiera o análisis de la inversión en dicho cultivo. Cuentan con redes sociales y una marca de proyecto llamada “San Juan Sustentable Comunidad en acción frente al cambio climático” para la apropiación del proyecto por parte de la comunidad,,Sí,"La OLLC ha colocado materiales de difusión en espacios comunitarios y escuelas (kínder y universidades locales, como el CECyTEN). Además, tienen varias publicaciones sobre el subproyecto en la página web del ITESO como el siguiente: Mujeres y huertos agroecológicos hacia un modelo sustentable - Clavigero (iteso.mx) Además, cuentan con redes sociales de la campaña “San Juan Sustentable” y el equipo técnico del proyecto se reúne con los ejidatarios cuando son invitados.",,Sí,"la OLLC ha establecido relación con escuelas tanto de nivel básico (kinder y primarias) como universitario para involucrar a los jóvenes en el subproyecto. Además, existe trabajo en paralelo con estudiantes y profesores del ITESO Finalmente, la OLLC realiza reuniones periódicas con las personas beneficiarias, así como con grupos de mujeres, lo que fortalece la gobernanza local.",,Sí,"Los actores sociales mencionados están involucrados activamente en la planeación, diseño y ejecución de las actividades.",,Sí,Número de mujeres vinculadas al subproyecto,,Sí,El grupo consolidado de viveristas conformado por 7 mujeres.,,De 30% a 59%,Sí,El vivero del subproyecto es liderado y se consolidó gracias a un grupo de mujeres. Se mantienen reuniones periódicas con el grupo. Recientemente nombraron al vivero “Las Amapas” y han trabajado junto con ellas la propuesta de modelo de negocio para el mantenimiento del vivero a lo largo del tiempo,,No tenemos información,,,No tenemos información,,,No tenemos información,,,Sí,El MAQyC es conocido,Dar más difusión en sus talleres e incluso si es necesario imprimir material,
43,11/05/2025 16:27,11/05/2025 16:37,,anónimo,,,CONECTA,"Fomento a la conservación del Bosque Mesófilo de Montaña (BMM) y la cafeticultura agroecológica, para el fortalecimiento de la justicia social, económica y ambiental del territorio",AMS2207036,Isauro Salvador Cortés Flores,,24/6/2024,Campo,Sí,Las actividades que se proponen para mitigar los impactos son las mismas para alcanzar los resultados de este. Para estimar el porcentaje destinado a implementar medidas de mitigación se requiere un análisis más exhaustivo.,,Sí,Las medidas propuestas obedecen a necesidades sentidas por las y los productores.,,Sí,"Biofábricas, talleres de capacitación, entrega de semillas, parcelas escuela, etc.",,Sí,El equipo técnico es amplio y cada uno desde su expertís aporta para integrar las medidas en cada resultado.,,Sí,,,Sí,"El método de contratación del personal se realiza mediante consultorías, las cuáles cumplen con los procesos que dicta el manual de operaciones de CONECTA.",,Sí,"Aunque las actividades son diferencias al igual que el tiempo dedicado, se observa que no hay desigualdad en los salarios.",,N/A,,,N/A,,,N/A,Listar las principales medidas,"Asegurar que, en las actividades relacionadas con la biofabrica, manejo de cafetales, transformación de plantas medicinales se apliquen medidas para garantizar la salud y seguridad en el trabajo.",Sí,"A través de la capacitación en uso y manejo de insumos para realizar los bioles, si bien no se usan sustancias peligrosas se tiene conocimiento de los elementos manejados. También se ha capacitado sobre el uso de equipos para beneficiar el café como despulpadoras, tostadores, etc.",Continuar con el fortalecimiento de capacidades en la implementación de biofábricas y procesos de beneficio del café.,Sí,,,Sí,El subproyecto fomenta un uso eficiente de los recursos a través de las biofábricas permite el reciclaje de muchos residuos del beneficio de café. También se fomenta el uso eficiente del agua en el beneficio húmedo.,,No,,"Se podría explorar el realizar una guía sencilla sobre el uso y aplicación de algunos insumos que se consideren tóxicos, en el entendido que algunos productores están en transición.",Sí,"Mediante el uso de bioinsumos (bioles, supremagro, caldo sufocálcico) se aplican algunos preventivos y se están nutriendo los suelos y las plantas para reducir riesgos de plagas.",,Sí,Las capacitaciones e instalación de biofábricas dan atención para la prevención de plagas y vectores.,,N/A,,,N/A,,,No,,Se está explorando posibles capacitaciones en el tema debido a que los incendios han afectados zonas cafetaleras que antes no se veían.,No,,"Buscar con las instituciones pertinentes(CONAFOR, Protección civil) talleres de capacitación para atender emergencias.",N/A,,,No,Socializar los programas de manejo para que las actividades de manejo sean muy claras sobre lo que se puede y no realizar en los predios y que se construyan con la participación de los mismos.,"Las Áreas Privadas de Conservación (APC) promueven la conservación de los cafetales de sombra, esta iniciativa se realiza en coparticipación entre Conecta Tierra AC, Pronatura Veracruz AC y gobierno del Estado a través de la SEDEMA.",N/A,,,Sí,Se está monitoreando sitios en conservación con el Biocomuni y comunitario de calidad del agua.,,Sí,Se fomenta la conservación del Bosque mesófilo de montaña y el cafetal bajo sombra lo que impulsa que se mantenga la masa forestal en la región.,,N/A,N/A,,,N/A,,,N/A,,,N/A,,,N/A,,,N/A,N/A,,,Sí,El proyecto obedece a necesidades de las y los productores del sector cafetalero y se observa una apropiación y participación de las personas beneficiadas.,,Sí,"Conecta Tierra AC a través de las vinculaciones divulga los alcances del subproyecto y genera alianzas que sumen. La actualización de la página web está pendiente, aunque ya existe información del subproyecto y otras iniciativas de Conecta Tierra AC.",,Sí,"Se fomentan las reuniones colectivas y se participa en diversas plataformas locales en temas de agua, agroecología, género y café.",,Sí,"Los diversos actores involucrados participan en las diferentes plataformas que incluyen talleres, capacitaciones, reuniones de planeación a nivel proyecto y participaciones en intercambios por la SICC.",,Sí,"Se están formando 3 promotoras en género, se implementan huertos y se fortalece el grupo de mujeres con distintas capacitaciones e intercambios de saberes.",,Sí,Se constató la gran participación del grupo de mujeres y sus avances en campo.,,De 0% a 29%,Sí,"A través de la diversificación de actividades diferenciadas en todas las cadenas productivas desde la producción de planta, vivero, fertilización, transformación y venta en la cual participan tanto hombres como mujeres.",,Sí,La distribución y responsabilidades son equitativas pero el contexto es desigual ya que las fincas están en posesión en su mayoría por hombres.,,No,No se ha reportado,,No,No se ha reportado,,Sí,El MAQYC se ha puesto a disposición de todas las partes interesadas incluidas las mujeres.,,
45,11/05/2025 16:48,11/05/2025 17:07,,anónimo,,,CONECTA,Fortaleciendo alianzas entre las familias productoras y el Rancho Escuela Cooperativa AGROSOL hacia la ganadería regenerativa en la cuenca alta del río La Antigua,AMS2207038,Isauro Cortés,,12/11/2024,Campo;Reporte,Sí,Se tomaron todas las medidas de prevención de percances en campo y en el rancho donde se desarrollaron los talleres. Se aseguraron a los trabajados en el IMSS.,Se pueden construir protocolos de seguridad para difundir con los trabajadores y promotores.,Sí,La organización planea semanalmente sus actividades y se coordinan para los traslados a campo y reuniones de capacitación.,"Si se construye el protocolo, difundir en las partes interesadas.",Sí,"Se realizó el apoyo logístico, de capacitación, materiales y facilidades para que técnicos, promotores y consultores llevaran a cabo sus actividades sin contratiempos y riesgos.","Destinar recursos estratégicos para fortalecer sus medidas como surtir botiquin y tener equipo de protección ante el sol, la lluvia y el frio.",Sí,El rancho Agrosol se ha vuelto un referente en la región con más de 15 de formación de técnicos y estudiantes; además de que los técnicos conocen el territorio y se relacionan con el sector primario con sensibilidad y cercanía desde hace años.,Continuar fortaleciendo las relaciones con los beneficiarios y las beneficiarias.,Sí,Se han seguido las medidas propuestas y no se han presentado eventos negativos durante el desarrollo,"Para Fase III, se les invita actualizar el anexo 5  de acuerdo al nuevo contexto y necesidades identificadas.",Sí,Como se menciona los trabajadores cuentan con la prestación de seguridad social y se siguen los procesos de contratación y comprobación siguiendo el manual y la normatividad vigente.,Seguir fomentando la contratación con las prestaciones de ley. Seguir fortaleciendo los procedimientos del manual de operaciones.,Sí,"Sí, los dos aprendices Daniela Pedraza y Misael Román reciben el mismo salario y realizan las mismas actividades.",Continuar con esta práctica.,No,,,N/A,,,N/A,,,No,"Al contar con una capacitación constante sobre permacultura, agricultura y pastoreo, las y los técnico cuentan con capacidades para prevenir algún accidente de trabajo.",Continuar fortaleciendo sus programas de formación y poner énfasis en la prevención de riesgos.,Sí,El mecanismo se difunde en cada sesión de capacitación poniéndolo a disposición de los participantes.,Seguir fomentando el mecanismo para asegurar una mejor implementación de la Fase III.,Sí,Justamente la implementación de la tecnología de los cercos eléctricos hace un uso eficiente de la energía al requerir poco voltaje. Otra acción es el uso de bebederos los cuales evitan la contaminación de cuerpos de agua y reducen el gasto energético del ganado.,,No,"Si bien no existe un plan escrito, todos los materiales y residuos que se llevan acampo como equipos, insumos de los cercos eléctricos y bolsa de árboles para reforestación son dispuestos por los técnicos en depósitos locales de basura. No se manejan residuos peligrosos.",Elaborar un plan de manejo de residuos.,No,El manejo rotativo del potrero impulsa que no se dispersen especies no aptas para el pastoreo y que en mediano y largo plaza tienden a invadir áreas del potrero.,Continuar con el manejo del ganado en rotación para seguir mejorando potreros.,Sí,Los técnicos cuentan con capacidades y hacen buenas prácticas que permiten disminuir los riesgos de vectores.,"Los técnicos tienen además de una formación técnica-agronómica llevan muchos años implementando saberes, los cuáles se fortalecen con la participación de las y los productores.",No,Afortunadamente en las comundiades todavia se cuentan con cuerpos de agua sin fuentes de contaminación y los ranchos ranchos se surten de manatiales.,"Monitorear previo a las visitas de campo si hay indicios de resfriados, fiebres o malestares ante posibles brotes de COVID o influenza.",N/A,El subproyecto no realizan manejo de residuos peligrosos.,,N/A,Recomendar a ganaderos que realizan quemas para sembrar pastos que tomen las medidas de prevención y avisos a las autoridades locales.,El subproyecto no realiza manejo del fuego.,N/A,Construir un plan de respeusa a emergencias.,No se cuenta con un plan de respuesta a emergencias,N/A,,No se han registrados eventos o accidentes en los últimos 6 meses o durante el inicio del subproyecto.,No,,Las actividades se desarrollan en predios de propiedad privada,N/A,Los árboles utilizados en la restauración fueron donados por la secretaria de medio ambiente de Veracruz y no hubo especies en alguna categoría de riesgo.,,No,"Debido a retrasos para el arranque del subproyecto para la Fase II, Agrosol no realizo el monitoreo. Al finalizar la fase II se hará la devolución de los equipos de monitoreo.",,Sí,El manejo ganadero ordenado permite un menor impacto de los animales al entorno. Además el recuperar áreas para reforestación con especies nativas permite generar corredores entre los potreros.,,N/A,N/A,,,N/A,,,N/A,,,N/A,,,N/A,,,N/A,N/A,,,Sí,El subproyecto es conocido y tiene el aval de los productores.,Seguir tomando en cuenta a los beneficiarios para construir futuras colaboraciones como la fase III.,Sí,Se han difundido las acciones y primeros resultados del sub proyecto a través del programa de Veracruz agropecuario con alcance estatal y regional.,,Sí,La atención a los ganaderos es personalizada y solo para las capacitaciones se realizan reuniones.,Involucrar a las autoridades locales y construir estrategias que involucren a la comunidad fortaleciendo la gobernanza local.,Sí,"En el subproyecto, los técnicos han participado en eventos de la comunidad de aprendizaje como el taller de MRR.",Fomentar colaboraciones con otros subproyectos en temas de ganadería.,Sí,,,Sí,,,De 30% a 59%,Sí,Se está explorando realizar un taller para la elaboración de quesos debido al interés que hubo de las esposas de los ganaderos.,Seguir impulsando acciones que involucre a las mujeres.,No,"La mayoría de los beneficios son para los hombres; sin embargo, existen incentivos para las esposas de los ganaderos que hacen que participen en acciones de capacitación al involucrarse en las tareas de ordeño y venta de leche.",Fomentar la participación de las mujeres para disminuir las brechas de género en las comunidades-.,N/A,"No se cuenta con acuerdos de convivencia de manera escrita, pero con la consultoría de género se está poniendo énfasis en las desigualdades que sufren las mujeres en los medios rurales, lo que hace que se revalorice su trabajo en la ganadería.",Se puede trabajar un código de ética y buenas prácticas para difundir entre la organización y beneficiarios para prevenir la violencia de género.,No,No se han realizado denuncias de violencia,,Sí,El mecanismo se difunde en reuniones y talleres de capacitación.,Seguir difundiendo el mecanismo en cada sesión.,
46,11/05/2025 17:08,11/05/2025 17:16,,anónimo,,,CONECTA,Sistemas agroforestales para el buen vivir,AMS2207037,"Isauro Cortés, Jiangsu Olea",,13/11/2024,Campo;Reporte,Sí,A través de algunas consultorías y con la participación de los promotores comunitarios se ha podido dar el seguimiento en donde se visualizaba algún riesgo.,"Seguir fomentando este esquema de acompañamiento y en medida de los posible buscar mejorar algunos procesos que se llevan a cabo como la selección de beneficiarios, toma de acuerdos, selección de variedades de especies, comodatos, cartas responsivas para que los acuerdos se cumplan.",Sí,"Existe un esquema de gobernanza y rendición de cuentas donde se planean y se divulgan los riesgos a través de reuniones por localidad, tomando decisiones consensuadas y acordando fechas donde puedan participar todas las partes interesadas.","Seguir difundiendo y tomando en cuenta los escenarios cambiantes que permitan adaptarse a los factores externos como son la sequía, cambios en la maduración del café y otros riesgos que permitan tomar decisiones validadas.",Sí,"Con el seguimiento que realizan los promotores y las visitas constantes de los técnicos permiten tener una cercanía con los beneficiarios, lo cual se refleja en reportes y se constató en la visita de campo.",Ser más específicos en los reportes donde se refleje dicho seguimiento sobre las medidas de mitigación y buenas prácticas implementadas.,Sí,"La OLLC lleva una trayectoria en el territorio de más de 10 años, lo que ha generado confianza con las personas y se han fortalecido capacidades locales en agroecología y ahora en comercialización.",Seguir impulsando el desarrollo de capacidades y fortaleciendo el tejido social del sector cafetalero a través de acciones como las que se desarrollan en el subproyecto.,Sí,"Al haber una buena comunicación con los grupos, rápidamente se identifican riesgos y se toman decisiones consensuadas, las cuales parecer ser suficientes, pero con oportunidades de mejora.",Se pueden mejorar algunas medidas de mitigación como incluir equipo de seguridad en los diferentes rubros de actividades (bio fábrica o el empaquetado del café).,Sí,"Se han seguido los procesos de contratación de consultores, promotores, apoyo para mano de obra para realizar la siembra de barreras vivas",Continuar con las mejoras en los procesos de contratación del manual de operaciones.,Sí,Los sueldos de los promotores son iguales tanto en hombres como mujeres.,Continuar fomentando la equidad salarial.,No,,,N/A,,,N/A,,Se recomienda implementar medida de seguridad en el manejo de las biofabricas,No,No se han reportado capacitaciones en prevención de riesgos de trabajo,Se les invita a incluir alguna capacitación en el futuro.,Sí,"Si bien no han existido quejas y consultas, si existe un dialogo permanente para aclarar dudas sobre el desarrollo del proyecto y procesos del manual.",Seguir divulgando el MAQyC.,Sí,"Se han implementado ecotecnias que fomentan el uso eficiente de la leña, los recursos residuales del café para lombricomposta y los meliponarios con especies locales de abejas sin aguijón.","Monitorear los niveles de ahorro de leña de las estufas, continuar implementando el itinerio técnico y en medida de lo posible extrapolarlo a otros productos más allá del café.",No,"El subproyecto no adquiere ni hace uso de sustancias peligrosas. Lo que si ha fomentado es el reciclaje de recursos de desecho que se generan en la zona como son el estiércol, la pulpa y cascarilla de café para realizar abonos.",Se puede generar un primer plan de gestión de residuos que permitan mejorar los procesos sobre todo en la cooperativa LIMSAM.,No,"Si bien los cafetaleros que participan en el subproyecto realizan prácticas culturales y después de varias incidencias de roya y broca, han privilegiado la nutrición de las matas, las renovación, el manejo de sombra, las trampas de broca, que permiten mantener en equilibrio a las plagas.",Se podría generar un plan local de manejo de plagas en construcción con los beneficiarios tomando en cuenta sus experiencias.,Sí,Existen capacidades de los beneficiarios en el manejo y control de plagas y vectores en los cafetales.,Seguir fortaleciendo las capacidades locales.,No,"Se desconoce si existen protocolos y no se ha reportado alguna enfermedad por agua contaminada, tampoco se ha mencionado si hay casos de COVID-19.",Se recomienda monitorear vectores que se propagan en la región para tomar las medidas pertinentes.,N/A,En el subproyecto no se utilizan ni almacenan materiales peligrosos.,,N/A,,La práctica de manejo del fuego no se realiza en el subproyecto y es poco implementada en la zona.,N/A,"Se les invita a inlcuir un programa de emergencias o de acción ante sequia, plaga u otras afectaciones",,N/A,,,No,,,N/A,,,Sí,"Se ha realizado el monitoreo de suelos de Biocomuni, estos registros han generado insumos para tomar decisiones en cuanto a la nutrición y elección de obras de conservación de suelos como las barreras vivas, entre otras prácticas.",Continuar con el monitoreo para la Fase III.,Sí,Con el manejo del cafetal de sombra a través de buenas prácticas y la diversificación se fomenta la conservación de los árboles de sombra que en su mayoría son especies nativas o que cumplen funciones ecosistémicas para mantener servicios ambientales.,Seguir fomentando el manejo del cafetal de sombra.,N/A,N/A,,,N/A,,,N/A,,,N/A,,,N/A,,,N/A,N/A,,,Sí,La propuesta de subproyecto es construida y validada por los participantes por lo que cada año se circunscriben y actualizan de acuerdo con las necesidades y al contexto actual.,,Sí,El subproyecto se difunde en la página web de ERA AC y a través de las escuelas de campo,Se les invita a difundir los resultados si fuese el interés de la organización sobre todo para el tema de comercialización del café de la cooperativa.,Sí,A través de los promotores y la cooperativa se aprovechan los espacios de reuniones para la toma de decisiones de manera colectiva.,Seguir fortaleciendo estos espacios.,,,,Sí,Se van alcanzado las metas de los indicadores de género en el subproyecto.,Reportar el avance actualizado de dichos indicadores,Sí,,,De 60% a 100%,Sí,"Prácticamente en todas las actividades participan mujeres desde los trabajos en las fincas, biofabricas, módulos de gallinas, ecotecnias y en la integración de la cooperativa LIMSAM",Seguir fortaleciendo y consolidando la participación de mujeres.,Sí,Hay mayor participación de mujeres y se realiza de manera equitativa.,,N/A,Se desconoce si ha habido alguna charla sobre prevención de violencia de género,Se invita a difundir información para prevenir la violencia de género.,No,,,Sí,,,
47,11/05/2025 17:18,11/05/2025 17:32,,anónimo,,,CONECTA,"Fortalecimiento del centro de formación y capacitación en Huatusco, Veracruz, con la mejora e implementación de sistemas de agroforestería, ganadería regenerativa y la ampliación de áreas de conservación privada en la región",AMS2207032,Isauro Cortés,,9/9/2024,Campo;Reporte,Sí,Las actividades en su mayoría se realizan con apego a lo propuesto en su anexo 5 para disminuir los impactos como la implementación de enotecnias que favorecen a las acciones y mejoren el entorno del rancho.,Seguir construyendo el anexo 5 con apego al ejercicio de identificar impactos ambientales y sociales.,Sí,Todas las accione se socializan al interior de la cooperativa y sus socios.,Seguir fomentando estos esquemas de gobernanza y rendición de cuentas.,Sí,"Se realizaron los acuerdos y se tomaron las medidas propuestas para obtener mejores resultados como los estudios de suelo, las capacitaciones de los trabajadores, etc.",Continuar con la implementación de medidas de mitigación.,Sí,"La cooperativa cuenta con más de 20 años de experiencia en la materia; sin embargo, sus socios y técnicos se siguen capacitando en los temas que se estén implementando en las cañadas.",Continuar realizando acciones,Sí,La cooperativa pone mucho énfasis en no cometer errores y que la selección de prácticas sean las más acordes al sitio.,Seguir construyendo las medidas de mitigación entre los socios y técnicos.,Sí,El subproyecto que lleva a cabo Las Cañadas ha seguido e implementado con buenos resultados los lineamientos del manual de operaciones.,Seguir llevando a cabo los procesos que dicta el manual como lo vienen realizando.,Sí,Hay igualdad en salarios entre técnicos hombres y mujeres.,Seguir fomentando la igual salarial y de participación en la cooperativa.,No,,,No,,,N/A,,,Sí,"La cooperativa con reglamentos internos y códigos de convivencia para personas externas, los cuales facilitan que se reduzcan los riesgos tanto para socios, trabajadores y visitantes.",Seguir fomentando las habilidades de prevención de riesgos de socios y trabajadores.,Sí,El mecanismo es conocido y difundido en cada sesión de talleres y reuniones.,Seguir difundiendo el mecanismo.,Sí,"El rancho de la Cañadas a través de la cooperativa ha venido realizando desde sus inicios un uso eficiente de los recursos, el subproyecto consolidas y refuerza la capacidad de captación de agua de lluvia, la producción y reciclaje de nutrientes de los animales y compostas.",Continuar como un referente de sostenibilidad en la región.,No,"Si bien no se cuenta con plan escrito de usos de sustancias que pueden suponer un riesgo para los trabajadores, en el rancho no se hace usos de sustancias peligrosas.",Se puede construir un plan de gestión de residuos de los diferentes sistemas productivos.,No,"También en el subproyecto no existe un plan de manejo de plagas, pero si se tienen estudios referentes a la composición de los suelos donde se establece el cafetal y en base a esos resultados complementar una nutrición de los mismos.",Elaborar un plan de manejo y control de plagas de cara al desarrollo del cafetal de sombra que recién se instaló.,Sí,Los responsables del subproyecto cuentan con las capacidades para la implementación de las medidas de mitigación.,Continuar dando seguimiento al anexo 5.,No,"En esta segunda etapa, no se han tomado medidas estrictas que pongan en riesgo a la comunidad; sin embargo hay un buen control sobre las personas que ingresan al rancho a los diferentes eventos y talleres.",Estar atentos a posibles rebrotes de covid o influenza para el próximo invierno.,N/A,En el rancho no se utilizan residuos peligrosos.,,N/A,"Buscar de manera oficial a los encargados de ofrecer capacitación, ya sea a tráves de la dirección forestal del estado de Veracruz o la CONAFOR.",No se realizan actividades de manejo del fuego; sin embargo en el año se han registrado incendios en zonas donde no se habian suscitado por lo que técnicos han buscado que las instancias gubernamentales los puedan capacitar por si existiera algun siniestro en las inmediaciones del rancho.,N/A,Construir un plan piloto para abordar una posible emergencia en un futuro.,No se cuenta con un plan de respuesta rápida a emergencias.,N/A,Estar atentos y monitorear los eventos en zonas aledañas.,No ha habido situaciones de emergencia reportadas.,No,Difundir los acuerdos en torno a la servidumbre ecológica.,"No se generan restricciones, pero se de acuerdan conservar un área en común.",No,El subproyecto no hace usos de especies que estén en laguna categoría de riesgo.,Seguir utilizando especies nativas y/o adaptadas a la región.,Sí,"El subproyecto realiza el monitoreo Biocomuni, y el monitoreo comunitario del agua, ya se están sistematizando los resultados del monitoreo.",Continuar con el monitoreo en la Fase III y participar en los intercambios de experiencias.,Sí,"Las actividades fomentan la conservación de la biodiversidad, destinando áreas exclusivas para el cultivo de agroforestales y la zona de ganadería regenerativa.",Seguir siendo un referente de conservación en la región y fomentar la restauración del bosque mesófilo de montaña.,N/A,N/A,,,Sí,Hay un participante técnico mixteco.,,N/A,,,N/A,,,N/A,,,N/A,N/A,,,Sí,Las estrategias del subproyecto se socializan y construyen por toda la cooperativa,Continuar fortaleciendo la gobernanza y toma de decisiones colectivas.,Sí,Las acciones se difunden a través de la página web y algunos foros locales de ganadería regenerativa.,Difundir los resultados de la Fase II y el monitoreo.,Sí,La gobernanza en la cooperativa se fortalece con el subproyecto ya que ha permitido actualizar estatutos y mejorar los procesos organizativos.,Involucrarse en la gobernanza municipal y regional como un actor clave en el manejo del territorio.,Sí,La cañadas ha participado en los diferentes espacios de intercambio de experiencia como el taller de MRR y otras iniciativas de conservación en el estado.,Seguir participando en los diferentes espacios de socialización e intercambios de experiencias.,Sí,"Se reportan acciones afirmativas de género en este caso fueron talleres de abonos para mujeres, así como de huertos.",Seguir documentando dichas acciones donde participen las mujeres.,Sí,,,De 30% a 59%,Sí,Se fomentan que participen socias y esposas de los socios de la cooperativa.,,Sí,Al tener casi una participación 45-55% se busca la equidad no solo de participación sino también de beneficios.,,N/A,No hay protocolos de prevención de violencia de género.,,N/A,No ha habido casos nuevos de violencia de género.,,Sí,,El mecanismo se difunde entre hombre y mujeres que participan en las actividades.,